LegacyContractId;LegacyCustomerId;SubscriberNo;TargetCustomerId;SourceCustomerType;ExpectedCustomerTypeId;ExpectedCustomerType;ActualCustomerTypeId;ActualCustomerType;IssueCodes
"11635";"33854";;;;;;;;"CUSTOMER_ORPHAN"
"11675";"35321";;;;;;;;"CUSTOMER_ORPHAN"
"11688";"35502";;;;;;;;"CUSTOMER_ORPHAN"
"11731";"35352";;;;;;;;"CUSTOMER_ORPHAN"
"11741";"35628";;;;;;;;"CUSTOMER_ORPHAN"
"11754";"38035";;;;;;;;"CUSTOMER_ORPHAN"
"11816";"35400";;;;;;;;"CUSTOMER_ORPHAN"
"11819";"35714";;;;;;;;"CUSTOMER_ORPHAN"
"11882";"34876";;;;;;;;"CUSTOMER_ORPHAN"
"11956";"36443";;;;;;;;"CUSTOMER_ORPHAN"
"11972";"37012";;;;;;;;"CUSTOMER_ORPHAN"
"12039";"37671";;;;;;;;"CUSTOMER_ORPHAN"
"12076";"35446";;;;;;;;"CUSTOMER_ORPHAN"
"12078";"36856";;;;;;;;"CUSTOMER_ORPHAN"
"12243";"36918";;;;;;;;"CUSTOMER_ORPHAN"
"12245";"37081";;;;;;;;"CUSTOMER_ORPHAN"
"12251";"33974";;;;;;;;"CUSTOMER_ORPHAN"
"1394";"1284";;;;;;;;"CUSTOMER_ORPHAN"
"1399";"1279";;;;;;;;"CUSTOMER_ORPHAN"
"1401";"1276";;;;;;;;"CUSTOMER_ORPHAN"
"1473";"1162";;;;;;;;"CUSTOMER_ORPHAN"
"1586";"1051";;;;;;;;"CUSTOMER_ORPHAN"
"1614";"1023";;;;;;;;"CUSTOMER_ORPHAN"
"1615";"1023";;;;;;;;"CUSTOMER_ORPHAN"
"1694";"952";;;;;;;;"CUSTOMER_ORPHAN"
"1705";"940";;;;;;;;"CUSTOMER_ORPHAN"
"1886";"676";;;;;;;;"CUSTOMER_ORPHAN"
"1966";"657";;;;;;;;"CUSTOMER_ORPHAN"
"1981";"642";;;;;;;;"CUSTOMER_ORPHAN"
"21817";"56011";;;;;;;;"CUSTOMER_ORPHAN"
"2197";"450";;;;;;;;"CUSTOMER_ORPHAN"
"22835";"57008";;;;;;;;"CUSTOMER_ORPHAN"
"22872";"58208";;;;;;;;"CUSTOMER_ORPHAN"
"22873";"58209";;;;;;;;"CUSTOMER_ORPHAN"
"2320";"344";;;;;;;;"CUSTOMER_ORPHAN"
"2321";"344";;;;;;;;"CUSTOMER_ORPHAN"
"2465";"189";;;;;;;;"CUSTOMER_ORPHAN"
"2488";"165";;;;;;;;"CUSTOMER_ORPHAN"
"2490";"163";;;;;;;;"CUSTOMER_ORPHAN"
"24943";"61379";;;;;;;;"CUSTOMER_ORPHAN"
"24962";"62521";;;;;;;;"CUSTOMER_ORPHAN"
"24985";"63633";;;;;;;;"CUSTOMER_ORPHAN"
"24987";"63744";;;;;;;;"CUSTOMER_ORPHAN"
"24988";"63765";;;;;;;;"CUSTOMER_ORPHAN"
"24990";"63848";;;;;;;;"CUSTOMER_ORPHAN"
"24993";"63954";;;;;;;;"CUSTOMER_ORPHAN"
"24994";"63956";;;;;;;;"CUSTOMER_ORPHAN"
"24995";"63958";;;;;;;;"CUSTOMER_ORPHAN"
"24996";"63961";;;;;;;;"CUSTOMER_ORPHAN"
"24997";"63962";;;;;;;;"CUSTOMER_ORPHAN"
"24998";"63967";;;;;;;;"CUSTOMER_ORPHAN"
"24999";"63969";;;;;;;;"CUSTOMER_ORPHAN"
"25000";"63973";;;;;;;;"CUSTOMER_ORPHAN"
"25001";"63993";;;;;;;;"CUSTOMER_ORPHAN"
"25002";"63994";;;;;;;;"CUSTOMER_ORPHAN"
"25003";"64225";;;;;;;;"CUSTOMER_ORPHAN"
"25004";"64253";;;;;;;;"CUSTOMER_ORPHAN"
"25005";"64256";;;;;;;;"CUSTOMER_ORPHAN"
"25006";"64263";;;;;;;;"CUSTOMER_ORPHAN"
"25007";"64264";;;;;;;;"CUSTOMER_ORPHAN"
"25008";"64269";;;;;;;;"CUSTOMER_ORPHAN"
"25009";"64273";;;;;;;;"CUSTOMER_ORPHAN"
"25011";"64281";;;;;;;;"CUSTOMER_ORPHAN"
"25012";"64282";;;;;;;;"CUSTOMER_ORPHAN"
"25013";"64283";;;;;;;;"CUSTOMER_ORPHAN"
"25014";"64284";;;;;;;;"CUSTOMER_ORPHAN"
"25015";"64285";;;;;;;;"CUSTOMER_ORPHAN"
"25016";"64286";;;;;;;;"CUSTOMER_ORPHAN"
"25039";"65565";;;;;;;;"CUSTOMER_ORPHAN"
"25040";"65576";;;;;;;;"CUSTOMER_ORPHAN"
"25080";"67060";;;;;;;;"CUSTOMER_ORPHAN"
"2509";"148";;;;;;;;"CUSTOMER_ORPHAN"
"25105";"68075";;;;;;;;"CUSTOMER_ORPHAN"
"25106";"68082";;;;;;;;"CUSTOMER_ORPHAN"
"25117";"68543";;;;;;;;"CUSTOMER_ORPHAN"
"25164";"70276";;;;;;;;"CUSTOMER_ORPHAN"
"25165";"70326";;;;;;;;"CUSTOMER_ORPHAN"
"25167";"70584";;;;;;;;"CUSTOMER_ORPHAN"
"2525";"132";;;;;;;;"CUSTOMER_ORPHAN"
"2529";"129";;;;;;;;"CUSTOMER_ORPHAN"
"25422";"74202";;;;;;;;"CUSTOMER_ORPHAN"
"26479";"75978";;;;;;;;"CUSTOMER_ORPHAN"
"26522";"79345";;;;;;;;"CUSTOMER_ORPHAN"
"26523";"79359";;;;;;;;"CUSTOMER_ORPHAN"
"26525";"79389";;;;;;;;"CUSTOMER_ORPHAN"
"27528";"79730";;;;;;;;"CUSTOMER_ORPHAN"
"27529";"79752";;;;;;;;"CUSTOMER_ORPHAN"
"27537";"80089";;;;;;;;"CUSTOMER_ORPHAN"
"27580";"81416";;;;;;;;"CUSTOMER_ORPHAN"
"27586";"81459";;;;;;;;"CUSTOMER_ORPHAN"
"28632";"83016";;;;;;;;"CUSTOMER_ORPHAN"
"28658";"84234";;;;;;;;"CUSTOMER_ORPHAN"
"28659";"84235";;;;;;;;"CUSTOMER_ORPHAN"
"28692";"85424";;;;;;;;"CUSTOMER_ORPHAN"
"28768";"87860";;;;;;;;"CUSTOMER_ORPHAN"
"28769";"87905";;;;;;;;"CUSTOMER_ORPHAN"
"28771";"87923";;;;;;;;"CUSTOMER_ORPHAN"
"28772";"87924";;;;;;;;"CUSTOMER_ORPHAN"
"28773";"87925";;;;;;;;"CUSTOMER_ORPHAN"
"28774";"87926";;;;;;;;"CUSTOMER_ORPHAN"
"28775";"87927";;;;;;;;"CUSTOMER_ORPHAN"
"28776";"87928";;;;;;;;"CUSTOMER_ORPHAN"
"28777";"87989";;;;;;;;"CUSTOMER_ORPHAN"
"28778";"87990";;;;;;;;"CUSTOMER_ORPHAN"
"28779";"87991";;;;;;;;"CUSTOMER_ORPHAN"
"28780";"87992";;;;;;;;"CUSTOMER_ORPHAN"
"28781";"87993";;;;;;;;"CUSTOMER_ORPHAN"
"28782";"87994";;;;;;;;"CUSTOMER_ORPHAN"
"28783";"87983";;;;;;;;"CUSTOMER_ORPHAN"
"28784";"87984";;;;;;;;"CUSTOMER_ORPHAN"
"28785";"87985";;;;;;;;"CUSTOMER_ORPHAN"
"28786";"87986";;;;;;;;"CUSTOMER_ORPHAN"
"28787";"87987";;;;;;;;"CUSTOMER_ORPHAN"
"28788";"87988";;;;;;;;"CUSTOMER_ORPHAN"
"28789";"87977";;;;;;;;"CUSTOMER_ORPHAN"
"28790";"87978";;;;;;;;"CUSTOMER_ORPHAN"
"28791";"87979";;;;;;;;"CUSTOMER_ORPHAN"
"28792";"87980";;;;;;;;"CUSTOMER_ORPHAN"
"28793";"87981";;;;;;;;"CUSTOMER_ORPHAN"
"28794";"87982";;;;;;;;"CUSTOMER_ORPHAN"
"28795";"87971";;;;;;;;"CUSTOMER_ORPHAN"
"28796";"87972";;;;;;;;"CUSTOMER_ORPHAN"
"28797";"87973";;;;;;;;"CUSTOMER_ORPHAN"
"28798";"87974";;;;;;;;"CUSTOMER_ORPHAN"
"28799";"87975";;;;;;;;"CUSTOMER_ORPHAN"
"28800";"87976";;;;;;;;"CUSTOMER_ORPHAN"
"28801";"87965";;;;;;;;"CUSTOMER_ORPHAN"
"28802";"87966";;;;;;;;"CUSTOMER_ORPHAN"
"28803";"87967";;;;;;;;"CUSTOMER_ORPHAN"
"28804";"87968";;;;;;;;"CUSTOMER_ORPHAN"
"28805";"87969";;;;;;;;"CUSTOMER_ORPHAN"
"28806";"87970";;;;;;;;"CUSTOMER_ORPHAN"
"28807";"87959";;;;;;;;"CUSTOMER_ORPHAN"
"28808";"87960";;;;;;;;"CUSTOMER_ORPHAN"
"28809";"87961";;;;;;;;"CUSTOMER_ORPHAN"
"28810";"87962";;;;;;;;"CUSTOMER_ORPHAN"
"28811";"87963";;;;;;;;"CUSTOMER_ORPHAN"
"28812";"87964";;;;;;;;"CUSTOMER_ORPHAN"
"28813";"87953";;;;;;;;"CUSTOMER_ORPHAN"
"28814";"87954";;;;;;;;"CUSTOMER_ORPHAN"
"28815";"87955";;;;;;;;"CUSTOMER_ORPHAN"
"28816";"87956";;;;;;;;"CUSTOMER_ORPHAN"
"28817";"87957";;;;;;;;"CUSTOMER_ORPHAN"
"28818";"87958";;;;;;;;"CUSTOMER_ORPHAN"
"28819";"87947";;;;;;;;"CUSTOMER_ORPHAN"
"28820";"87948";;;;;;;;"CUSTOMER_ORPHAN"
"28821";"87949";;;;;;;;"CUSTOMER_ORPHAN"
"28822";"87950";;;;;;;;"CUSTOMER_ORPHAN"
"28823";"87951";;;;;;;;"CUSTOMER_ORPHAN"
"28824";"87952";;;;;;;;"CUSTOMER_ORPHAN"
"28825";"87941";;;;;;;;"CUSTOMER_ORPHAN"
"28826";"87942";;;;;;;;"CUSTOMER_ORPHAN"
"28827";"87943";;;;;;;;"CUSTOMER_ORPHAN"
"28828";"87944";;;;;;;;"CUSTOMER_ORPHAN"
"28829";"87945";;;;;;;;"CUSTOMER_ORPHAN"
"28830";"87946";;;;;;;;"CUSTOMER_ORPHAN"
"28831";"87935";;;;;;;;"CUSTOMER_ORPHAN"
"28832";"87936";;;;;;;;"CUSTOMER_ORPHAN"
"28833";"87937";;;;;;;;"CUSTOMER_ORPHAN"
"28834";"87938";;;;;;;;"CUSTOMER_ORPHAN"
"28835";"87939";;;;;;;;"CUSTOMER_ORPHAN"
"28836";"87940";;;;;;;;"CUSTOMER_ORPHAN"
"28837";"87929";;;;;;;;"CUSTOMER_ORPHAN"
"28838";"87930";;;;;;;;"CUSTOMER_ORPHAN"
"28839";"87931";;;;;;;;"CUSTOMER_ORPHAN"
"28840";"87932";;;;;;;;"CUSTOMER_ORPHAN"
"28841";"87933";;;;;;;;"CUSTOMER_ORPHAN"
"28842";"87934";;;;;;;;"CUSTOMER_ORPHAN"
"28845";"88165";;;;;;;;"CUSTOMER_ORPHAN"
"28846";"88188";;;;;;;;"CUSTOMER_ORPHAN"
"28847";"88189";;;;;;;;"CUSTOMER_ORPHAN"
"28848";"88548";;;;;;;;"CUSTOMER_ORPHAN"
"28850";"88550";;;;;;;;"CUSTOMER_ORPHAN"
"28852";"88552";;;;;;;;"CUSTOMER_ORPHAN"
"28854";"88602";;;;;;;;"CUSTOMER_ORPHAN"
"28857";"88598";;;;;;;;"CUSTOMER_ORPHAN"
"28859";"88600";;;;;;;;"CUSTOMER_ORPHAN"
"28860";"88601";;;;;;;;"CUSTOMER_ORPHAN"
"28866";"88595";;;;;;;;"CUSTOMER_ORPHAN"
"28891";"88560";;;;;;;;"CUSTOMER_ORPHAN"
"28894";"88563";;;;;;;;"CUSTOMER_ORPHAN"
"28899";"88556";;;;;;;;"CUSTOMER_ORPHAN"
"28902";"88559";;;;;;;;"CUSTOMER_ORPHAN"
"28906";"88711";;;;;;;;"CUSTOMER_ORPHAN"
"28907";"88712";;;;;;;;"CUSTOMER_ORPHAN"
"28911";"88722";;;;;;;;"CUSTOMER_ORPHAN"
"28914";"88714";;;;;;;;"CUSTOMER_ORPHAN"
"28915";"88715";;;;;;;;"CUSTOMER_ORPHAN"
"28977";"88556";;;;;;;;"CUSTOMER_ORPHAN"
"28979";"88563";;;;;;;;"CUSTOMER_ORPHAN"
"28980";"88715";;;;;;;;"CUSTOMER_ORPHAN"
"28981";"88722";;;;;;;;"CUSTOMER_ORPHAN"
"28987";"88602";;;;;;;;"CUSTOMER_ORPHAN"
"28989";"88560";;;;;;;;"CUSTOMER_ORPHAN"
"29";"2441";;;;;;;;"CUSTOMER_ORPHAN"
"29007";"93773";;;;;;;;"CUSTOMER_ORPHAN"
"29011";"94367";;;;;;;;"CUSTOMER_ORPHAN"
"29039";"95675";;;;;;;;"CUSTOMER_ORPHAN"
"29041";"95688";;;;;;;;"CUSTOMER_ORPHAN"
"29047";"95866";;;;;;;;"CUSTOMER_ORPHAN"
"30117";"98608";;;;;;;;"CUSTOMER_ORPHAN"
"30118";"98636";;;;;;;;"CUSTOMER_ORPHAN"
"30119";"98660";;;;;;;;"CUSTOMER_ORPHAN"
"30142";"99495";;;;;;;;"CUSTOMER_ORPHAN"
"30143";"99496";;;;;;;;"CUSTOMER_ORPHAN"
"30156";"99644";;;;;;;;"CUSTOMER_ORPHAN"
"30293";"99678";;;;;;;;"CUSTOMER_ORPHAN"
"31416";"104678";;;;;;;;"CUSTOMER_ORPHAN"
"31442";"105524";;;;;;;;"CUSTOMER_ORPHAN"
"31443";"105524";;;;;;;;"CUSTOMER_ORPHAN"
"32478";"107093";;;;;;;;"CUSTOMER_ORPHAN"
"32504";"108215";;;;;;;;"CUSTOMER_ORPHAN"
"32518";"108497";;;;;;;;"CUSTOMER_ORPHAN"
"32545";"109131";;;;;;;;"CUSTOMER_ORPHAN"
"32546";"109132";;;;;;;;"CUSTOMER_ORPHAN"
"32547";"109133";;;;;;;;"CUSTOMER_ORPHAN"
"32548";"109134";;;;;;;;"CUSTOMER_ORPHAN"
"32549";"109135";;;;;;;;"CUSTOMER_ORPHAN"
"32550";"109136";;;;;;;;"CUSTOMER_ORPHAN"
"32551";"109137";;;;;;;;"CUSTOMER_ORPHAN"
"32552";"109138";;;;;;;;"CUSTOMER_ORPHAN"
"32553";"109139";;;;;;;;"CUSTOMER_ORPHAN"
"32554";"109140";;;;;;;;"CUSTOMER_ORPHAN"
"32555";"109141";;;;;;;;"CUSTOMER_ORPHAN"
"32556";"109158";;;;;;;;"CUSTOMER_ORPHAN"
"32557";"109159";;;;;;;;"CUSTOMER_ORPHAN"
"32558";"109160";;;;;;;;"CUSTOMER_ORPHAN"
"32559";"109161";;;;;;;;"CUSTOMER_ORPHAN"
"32560";"109162";;;;;;;;"CUSTOMER_ORPHAN"
"32561";"109163";;;;;;;;"CUSTOMER_ORPHAN"
"32562";"109164";;;;;;;;"CUSTOMER_ORPHAN"
"32563";"109165";;;;;;;;"CUSTOMER_ORPHAN"
"32610";"109972";;;;;;;;"CUSTOMER_ORPHAN"
"32611";"109972";;;;;;;;"CUSTOMER_ORPHAN"
"32635";"110478";;;;;;;;"CUSTOMER_ORPHAN"
"32804";"115703";;;;;;;;"CUSTOMER_ORPHAN"
"32805";"115704";;;;;;;;"CUSTOMER_ORPHAN"
"32806";"115705";;;;;;;;"CUSTOMER_ORPHAN"
"32809";"115725";;;;;;;;"CUSTOMER_ORPHAN"
"32934";"118029";;;;;;;;"CUSTOMER_ORPHAN"
"33016";"119642";;;;;;;;"CUSTOMER_ORPHAN"
"33029";"119876";;;;;;;;"CUSTOMER_ORPHAN"
"33032";"119896";;;;;;;;"CUSTOMER_ORPHAN"
"33033";"119897";;;;;;;;"CUSTOMER_ORPHAN"
"33034";"119898";;;;;;;;"CUSTOMER_ORPHAN"
"33035";"119899";;;;;;;;"CUSTOMER_ORPHAN"
"33036";"119900";;;;;;;;"CUSTOMER_ORPHAN"
"33038";"119915";;;;;;;;"CUSTOMER_ORPHAN"
"33039";"119916";;;;;;;;"CUSTOMER_ORPHAN"
"33040";"119917";;;;;;;;"CUSTOMER_ORPHAN"
"33041";"119918";;;;;;;;"CUSTOMER_ORPHAN"
"33042";"119919";;;;;;;;"CUSTOMER_ORPHAN"
"33043";"119920";;;;;;;;"CUSTOMER_ORPHAN"
"33044";"119921";;;;;;;;"CUSTOMER_ORPHAN"
"33045";"119922";;;;;;;;"CUSTOMER_ORPHAN"
"33046";"119931";;;;;;;;"CUSTOMER_ORPHAN"
"33047";"119933";;;;;;;;"CUSTOMER_ORPHAN"
"33048";"119934";;;;;;;;"CUSTOMER_ORPHAN"
"33049";"119935";;;;;;;;"CUSTOMER_ORPHAN"
"33050";"119936";;;;;;;;"CUSTOMER_ORPHAN"
"33051";"119937";;;;;;;;"CUSTOMER_ORPHAN"
"33052";"119938";;;;;;;;"CUSTOMER_ORPHAN"
"33053";"119939";;;;;;;;"CUSTOMER_ORPHAN"
"33054";"119940";;;;;;;;"CUSTOMER_ORPHAN"
"33055";"119941";;;;;;;;"CUSTOMER_ORPHAN"
"33058";"119944";;;;;;;;"CUSTOMER_ORPHAN"
"33063";"119949";;;;;;;;"CUSTOMER_ORPHAN"
"33064";"119950";;;;;;;;"CUSTOMER_ORPHAN"
"33067";"119954";;;;;;;;"CUSTOMER_ORPHAN"
"33069";"120558";;;;;;;;"CUSTOMER_ORPHAN"
"38500";"125314";;;;;;;;"CUSTOMER_ORPHAN"
"38516";"126546";;;;;;;;"CUSTOMER_ORPHAN"
"38521";"126861";;;;;;;;"CUSTOMER_ORPHAN"
"40156";"57008";;;;;;;;"CUSTOMER_ORPHAN"
"40157";"56011";;;;;;;;"CUSTOMER_ORPHAN"
"40480";"35400";;;;;;;;"CUSTOMER_ORPHAN"
"40481";"35714";;;;;;;;"CUSTOMER_ORPHAN"
"40569";"62521";;;;;;;;"CUSTOMER_ORPHAN"
"40843";"75978";;;;;;;;"CUSTOMER_ORPHAN"
"41120";"88548";;;;;;;;"CUSTOMER_ORPHAN"
"41122";"88550";;;;;;;;"CUSTOMER_ORPHAN"
"41124";"88552";;;;;;;;"CUSTOMER_ORPHAN"
"41128";"88556";;;;;;;;"CUSTOMER_ORPHAN"
"41131";"88559";;;;;;;;"CUSTOMER_ORPHAN"
"41135";"88563";;;;;;;;"CUSTOMER_ORPHAN"
"41167";"88595";;;;;;;;"CUSTOMER_ORPHAN"
"41168";"88596";;;;;;;;"CUSTOMER_ORPHAN"
"41170";"88598";;;;;;;;"CUSTOMER_ORPHAN"
"41171";"88599";;;;;;;;"CUSTOMER_ORPHAN"
"41172";"88600";;;;;;;;"CUSTOMER_ORPHAN"
"41173";"88601";;;;;;;;"CUSTOMER_ORPHAN"
"41174";"88602";;;;;;;;"CUSTOMER_ORPHAN"
"41178";"88711";;;;;;;;"CUSTOMER_ORPHAN"
"41179";"88712";;;;;;;;"CUSTOMER_ORPHAN"
"41181";"88714";;;;;;;;"CUSTOMER_ORPHAN"
"41182";"88715";;;;;;;;"CUSTOMER_ORPHAN"
"41189";"88722";;;;;;;;"CUSTOMER_ORPHAN"
"41232";"62521";;;;;;;;"CUSTOMER_ORPHAN"
"41396";"35400";;;;;;;;"CUSTOMER_ORPHAN"
"41399";"35714";;;;;;;;"CUSTOMER_ORPHAN"
"42057";"56011";;;;;;;;"CUSTOMER_ORPHAN"
"42058";"57008";;;;;;;;"CUSTOMER_ORPHAN"
"42637";"88548";;;;;;;;"CUSTOMER_ORPHAN"
"42639";"88550";;;;;;;;"CUSTOMER_ORPHAN"
"42641";"88552";;;;;;;;"CUSTOMER_ORPHAN"
"42651";"88722";;;;;;;;"CUSTOMER_ORPHAN"
"42655";"88714";;;;;;;;"CUSTOMER_ORPHAN"
"42656";"88715";;;;;;;;"CUSTOMER_ORPHAN"
"42660";"88602";;;;;;;;"CUSTOMER_ORPHAN"
"42664";"88711";;;;;;;;"CUSTOMER_ORPHAN"
"42665";"88712";;;;;;;;"CUSTOMER_ORPHAN"
"42666";"88596";;;;;;;;"CUSTOMER_ORPHAN"
"42668";"88598";;;;;;;;"CUSTOMER_ORPHAN"
"42669";"88599";;;;;;;;"CUSTOMER_ORPHAN"
"42670";"88600";;;;;;;;"CUSTOMER_ORPHAN"
"42671";"88601";;;;;;;;"CUSTOMER_ORPHAN"
"42675";"88593";;;;;;;;"CUSTOMER_ORPHAN"
"42677";"88595";;;;;;;;"CUSTOMER_ORPHAN"
"42705";"88563";;;;;;;;"CUSTOMER_ORPHAN"
"42710";"88556";;;;;;;;"CUSTOMER_ORPHAN"
"42713";"88559";;;;;;;;"CUSTOMER_ORPHAN"
"42754";"75978";;;;;;;;"CUSTOMER_ORPHAN"
"43077";"131401";;;;;;;;"CUSTOMER_ORPHAN"
"44110";"132761";;;;;;;;"CUSTOMER_ORPHAN"
"44117";"132920";;;;;;;;"CUSTOMER_ORPHAN"
"44120";"132959";;;;;;;;"CUSTOMER_ORPHAN"
"44121";"132982";;;;;;;;"CUSTOMER_ORPHAN"
"44122";"132992";;;;;;;;"CUSTOMER_ORPHAN"
"44123";"133001";;;;;;;;"CUSTOMER_ORPHAN"
"44124";"133012";;;;;;;;"CUSTOMER_ORPHAN"
"44125";"133021";;;;;;;;"CUSTOMER_ORPHAN"
"44126";"133033";;;;;;;;"CUSTOMER_ORPHAN"
"44127";"133042";;;;;;;;"CUSTOMER_ORPHAN"
"44128";"133058";;;;;;;;"CUSTOMER_ORPHAN"
"44215";"133519";;;;;;;;"CUSTOMER_ORPHAN"
"44218";"133522";;;;;;;;"CUSTOMER_ORPHAN"
"44486";"149411";;;;;;;;"CUSTOMER_ORPHAN"
"44497";"154493";;;;;;;;"CUSTOMER_ORPHAN"
"45796";"209871";;;;;;;;"CUSTOMER_ORPHAN"
"45832";"213133";;;;;;;;"CUSTOMER_ORPHAN"
"45840";"213299";;;;;;;;"CUSTOMER_ORPHAN"
"45841";"213329";;;;;;;;"CUSTOMER_ORPHAN"
"45870";"215411";;;;;;;;"CUSTOMER_ORPHAN"
"45871";"215284";;;;;;;;"CUSTOMER_ORPHAN"
"45872";"215285";;;;;;;;"CUSTOMER_ORPHAN"
"45873";"215286";;;;;;;;"CUSTOMER_ORPHAN"
"45874";"215287";;;;;;;;"CUSTOMER_ORPHAN"
"45875";"215288";;;;;;;;"CUSTOMER_ORPHAN"
"45876";"215289";;;;;;;;"CUSTOMER_ORPHAN"
"45877";"215423";;;;;;;;"CUSTOMER_ORPHAN"
"45878";"215424";;;;;;;;"CUSTOMER_ORPHAN"
"45879";"215425";;;;;;;;"CUSTOMER_ORPHAN"
"45880";"215426";;;;;;;;"CUSTOMER_ORPHAN"
"45881";"215417";;;;;;;;"CUSTOMER_ORPHAN"
"45882";"215418";;;;;;;;"CUSTOMER_ORPHAN"
"45883";"215419";;;;;;;;"CUSTOMER_ORPHAN"
"45884";"215420";;;;;;;;"CUSTOMER_ORPHAN"
"45885";"215421";;;;;;;;"CUSTOMER_ORPHAN"
"45886";"215422";;;;;;;;"CUSTOMER_ORPHAN"
"45887";"215410";;;;;;;;"CUSTOMER_ORPHAN"
"45888";"215412";;;;;;;;"CUSTOMER_ORPHAN"
"45889";"215413";;;;;;;;"CUSTOMER_ORPHAN"
"45890";"215414";;;;;;;;"CUSTOMER_ORPHAN"
"45891";"215415";;;;;;;;"CUSTOMER_ORPHAN"
"45892";"215416";;;;;;;;"CUSTOMER_ORPHAN"
"45893";"215404";;;;;;;;"CUSTOMER_ORPHAN"
"45894";"215405";;;;;;;;"CUSTOMER_ORPHAN"
"45895";"215406";;;;;;;;"CUSTOMER_ORPHAN"
"45896";"215407";;;;;;;;"CUSTOMER_ORPHAN"
"45897";"215408";;;;;;;;"CUSTOMER_ORPHAN"
"45898";"215409";;;;;;;;"CUSTOMER_ORPHAN"
"45899";"215398";;;;;;;;"CUSTOMER_ORPHAN"
"45900";"215399";;;;;;;;"CUSTOMER_ORPHAN"
"45901";"215400";;;;;;;;"CUSTOMER_ORPHAN"
"45902";"215401";;;;;;;;"CUSTOMER_ORPHAN"
"45903";"215402";;;;;;;;"CUSTOMER_ORPHAN"
"45904";"215403";;;;;;;;"CUSTOMER_ORPHAN"
"45905";"215392";;;;;;;;"CUSTOMER_ORPHAN"
"45906";"215393";;;;;;;;"CUSTOMER_ORPHAN"
"45907";"215394";;;;;;;;"CUSTOMER_ORPHAN"
"45908";"215395";;;;;;;;"CUSTOMER_ORPHAN"
"45909";"215396";;;;;;;;"CUSTOMER_ORPHAN"
"45910";"215397";;;;;;;;"CUSTOMER_ORPHAN"
"45911";"215386";;;;;;;;"CUSTOMER_ORPHAN"
"45912";"215387";;;;;;;;"CUSTOMER_ORPHAN"
"45913";"215388";;;;;;;;"CUSTOMER_ORPHAN"
"45914";"215389";;;;;;;;"CUSTOMER_ORPHAN"
"45915";"215390";;;;;;;;"CUSTOMER_ORPHAN"
"45916";"215391";;;;;;;;"CUSTOMER_ORPHAN"
"45917";"215380";;;;;;;;"CUSTOMER_ORPHAN"
"45918";"215381";;;;;;;;"CUSTOMER_ORPHAN"
"45919";"215382";;;;;;;;"CUSTOMER_ORPHAN"
"45920";"215383";;;;;;;;"CUSTOMER_ORPHAN"
"45921";"215384";;;;;;;;"CUSTOMER_ORPHAN"
"45922";"215385";;;;;;;;"CUSTOMER_ORPHAN"
"45923";"215374";;;;;;;;"CUSTOMER_ORPHAN"
"45924";"215375";;;;;;;;"CUSTOMER_ORPHAN"
"45925";"215376";;;;;;;;"CUSTOMER_ORPHAN"
"45926";"215377";;;;;;;;"CUSTOMER_ORPHAN"
"45927";"215378";;;;;;;;"CUSTOMER_ORPHAN"
"45928";"215379";;;;;;;;"CUSTOMER_ORPHAN"
"45929";"215368";;;;;;;;"CUSTOMER_ORPHAN"
"45930";"215369";;;;;;;;"CUSTOMER_ORPHAN"
"45931";"215370";;;;;;;;"CUSTOMER_ORPHAN"
"45932";"215371";;;;;;;;"CUSTOMER_ORPHAN"
"45933";"215372";;;;;;;;"CUSTOMER_ORPHAN"
"45934";"215373";;;;;;;;"CUSTOMER_ORPHAN"
"45935";"215362";;;;;;;;"CUSTOMER_ORPHAN"
"45936";"215363";;;;;;;;"CUSTOMER_ORPHAN"
"45937";"215364";;;;;;;;"CUSTOMER_ORPHAN"
"45938";"215365";;;;;;;;"CUSTOMER_ORPHAN"
"45939";"215366";;;;;;;;"CUSTOMER_ORPHAN"
"45940";"215367";;;;;;;;"CUSTOMER_ORPHAN"
"45941";"215356";;;;;;;;"CUSTOMER_ORPHAN"
"45942";"215357";;;;;;;;"CUSTOMER_ORPHAN"
"45943";"215358";;;;;;;;"CUSTOMER_ORPHAN"
"45944";"215359";;;;;;;;"CUSTOMER_ORPHAN"
"45945";"215360";;;;;;;;"CUSTOMER_ORPHAN"
"45946";"215361";;;;;;;;"CUSTOMER_ORPHAN"
"45947";"215350";;;;;;;;"CUSTOMER_ORPHAN"
"45948";"215351";;;;;;;;"CUSTOMER_ORPHAN"
"45949";"215352";;;;;;;;"CUSTOMER_ORPHAN"
"45950";"215353";;;;;;;;"CUSTOMER_ORPHAN"
"45951";"215354";;;;;;;;"CUSTOMER_ORPHAN"
"45952";"215355";;;;;;;;"CUSTOMER_ORPHAN"
"45953";"215344";;;;;;;;"CUSTOMER_ORPHAN"
"45954";"215345";;;;;;;;"CUSTOMER_ORPHAN"
"45955";"215346";;;;;;;;"CUSTOMER_ORPHAN"
"45956";"215347";;;;;;;;"CUSTOMER_ORPHAN"
"45957";"215348";;;;;;;;"CUSTOMER_ORPHAN"
"45958";"215349";;;;;;;;"CUSTOMER_ORPHAN"
"45959";"215338";;;;;;;;"CUSTOMER_ORPHAN"
"45960";"215339";;;;;;;;"CUSTOMER_ORPHAN"
"45961";"215340";;;;;;;;"CUSTOMER_ORPHAN"
"45962";"215341";;;;;;;;"CUSTOMER_ORPHAN"
"45963";"215342";;;;;;;;"CUSTOMER_ORPHAN"
"45964";"215343";;;;;;;;"CUSTOMER_ORPHAN"
"45965";"215332";;;;;;;;"CUSTOMER_ORPHAN"
"45966";"215333";;;;;;;;"CUSTOMER_ORPHAN"
"45967";"215334";;;;;;;;"CUSTOMER_ORPHAN"
"45968";"215335";;;;;;;;"CUSTOMER_ORPHAN"
"45969";"215336";;;;;;;;"CUSTOMER_ORPHAN"
"45970";"215337";;;;;;;;"CUSTOMER_ORPHAN"
"45971";"215326";;;;;;;;"CUSTOMER_ORPHAN"
"45972";"215327";;;;;;;;"CUSTOMER_ORPHAN"
"45973";"215328";;;;;;;;"CUSTOMER_ORPHAN"
"45974";"215329";;;;;;;;"CUSTOMER_ORPHAN"
"45975";"215330";;;;;;;;"CUSTOMER_ORPHAN"
"45976";"215331";;;;;;;;"CUSTOMER_ORPHAN"
"45977";"215320";;;;;;;;"CUSTOMER_ORPHAN"
"45978";"215321";;;;;;;;"CUSTOMER_ORPHAN"
"45979";"215322";;;;;;;;"CUSTOMER_ORPHAN"
"45980";"215323";;;;;;;;"CUSTOMER_ORPHAN"
"45981";"215324";;;;;;;;"CUSTOMER_ORPHAN"
"45982";"215325";;;;;;;;"CUSTOMER_ORPHAN"
"45983";"215314";;;;;;;;"CUSTOMER_ORPHAN"
"45984";"215315";;;;;;;;"CUSTOMER_ORPHAN"
"45985";"215316";;;;;;;;"CUSTOMER_ORPHAN"
"45986";"215317";;;;;;;;"CUSTOMER_ORPHAN"
"45987";"215318";;;;;;;;"CUSTOMER_ORPHAN"
"45988";"215319";;;;;;;;"CUSTOMER_ORPHAN"
"45989";"215308";;;;;;;;"CUSTOMER_ORPHAN"
"45990";"215309";;;;;;;;"CUSTOMER_ORPHAN"
"45991";"215310";;;;;;;;"CUSTOMER_ORPHAN"
"45992";"215311";;;;;;;;"CUSTOMER_ORPHAN"
"45993";"215312";;;;;;;;"CUSTOMER_ORPHAN"
"45994";"215313";;;;;;;;"CUSTOMER_ORPHAN"
"45995";"215302";;;;;;;;"CUSTOMER_ORPHAN"
"45996";"215303";;;;;;;;"CUSTOMER_ORPHAN"
"45997";"215304";;;;;;;;"CUSTOMER_ORPHAN"
"45998";"215305";;;;;;;;"CUSTOMER_ORPHAN"
"45999";"215306";;;;;;;;"CUSTOMER_ORPHAN"
"46000";"215307";;;;;;;;"CUSTOMER_ORPHAN"
"46001";"215296";;;;;;;;"CUSTOMER_ORPHAN"
"46002";"215297";;;;;;;;"CUSTOMER_ORPHAN"
"46003";"215298";;;;;;;;"CUSTOMER_ORPHAN"
"46004";"215299";;;;;;;;"CUSTOMER_ORPHAN"
"46005";"215300";;;;;;;;"CUSTOMER_ORPHAN"
"46006";"215301";;;;;;;;"CUSTOMER_ORPHAN"
"46007";"215290";;;;;;;;"CUSTOMER_ORPHAN"
"46008";"215291";;;;;;;;"CUSTOMER_ORPHAN"
"46009";"215292";;;;;;;;"CUSTOMER_ORPHAN"
"46010";"215293";;;;;;;;"CUSTOMER_ORPHAN"
"46011";"215294";;;;;;;;"CUSTOMER_ORPHAN"
"46012";"215295";;;;;;;;"CUSTOMER_ORPHAN"
"46013";"215567";;;;;;;;"CUSTOMER_ORPHAN"
"46014";"215573";;;;;;;;"CUSTOMER_ORPHAN"
"46015";"215574";;;;;;;;"CUSTOMER_ORPHAN"
"46016";"215575";;;;;;;;"CUSTOMER_ORPHAN"
"46017";"215568";;;;;;;;"CUSTOMER_ORPHAN"
"46018";"215569";;;;;;;;"CUSTOMER_ORPHAN"
"46019";"215570";;;;;;;;"CUSTOMER_ORPHAN"
"46020";"215568";;;;;;;;"CUSTOMER_ORPHAN"
"46021";"215569";;;;;;;;"CUSTOMER_ORPHAN"
"46022";"215571";;;;;;;;"CUSTOMER_ORPHAN"
"46023";"215572";;;;;;;;"CUSTOMER_ORPHAN"
"46024";"215586";;;;;;;;"CUSTOMER_ORPHAN"
"46025";"215587";;;;;;;;"CUSTOMER_ORPHAN"
"46026";"215588";;;;;;;;"CUSTOMER_ORPHAN"
"46027";"215589";;;;;;;;"CUSTOMER_ORPHAN"
"46028";"215590";;;;;;;;"CUSTOMER_ORPHAN"
"46104";"220225";;;;;;;;"CUSTOMER_ORPHAN"
"46182";"220752";;;;;;;;"CUSTOMER_ORPHAN"
"46287";"221554";;;;;;;;"CUSTOMER_ORPHAN"
"48719";"300293";;;;;;;;"CUSTOMER_ORPHAN"
"48782";"304197";;;;;;;;"CUSTOMER_ORPHAN"
"48784";"304199";;;;;;;;"CUSTOMER_ORPHAN"
"48786";"304201";;;;;;;;"CUSTOMER_ORPHAN"
"48788";"304203";;;;;;;;"CUSTOMER_ORPHAN"
"48790";"304205";;;;;;;;"CUSTOMER_ORPHAN"
"48792";"304207";;;;;;;;"CUSTOMER_ORPHAN"
"48794";"304209";;;;;;;;"CUSTOMER_ORPHAN"
"48796";"304211";;;;;;;;"CUSTOMER_ORPHAN"
"48798";"304213";;;;;;;;"CUSTOMER_ORPHAN"
"48800";"304215";;;;;;;;"CUSTOMER_ORPHAN"
"48802";"304217";;;;;;;;"CUSTOMER_ORPHAN"
"48804";"304219";;;;;;;;"CUSTOMER_ORPHAN"
"48806";"304221";;;;;;;;"CUSTOMER_ORPHAN"
"48808";"304223";;;;;;;;"CUSTOMER_ORPHAN"
"48810";"304225";;;;;;;;"CUSTOMER_ORPHAN"
"48812";"304227";;;;;;;;"CUSTOMER_ORPHAN"
"48814";"304229";;;;;;;;"CUSTOMER_ORPHAN"
"48816";"304231";;;;;;;;"CUSTOMER_ORPHAN"
"48818";"304233";;;;;;;;"CUSTOMER_ORPHAN"
"48820";"304235";;;;;;;;"CUSTOMER_ORPHAN"
"48822";"304237";;;;;;;;"CUSTOMER_ORPHAN"
"48824";"304239";;;;;;;;"CUSTOMER_ORPHAN"
"48826";"304241";;;;;;;;"CUSTOMER_ORPHAN"
"48828";"304243";;;;;;;;"CUSTOMER_ORPHAN"
"48830";"304245";;;;;;;;"CUSTOMER_ORPHAN"
"48832";"304247";;;;;;;;"CUSTOMER_ORPHAN"
"48834";"304249";;;;;;;;"CUSTOMER_ORPHAN"
"48836";"304251";;;;;;;;"CUSTOMER_ORPHAN"
"48838";"304253";;;;;;;;"CUSTOMER_ORPHAN"
"48840";"304255";;;;;;;;"CUSTOMER_ORPHAN"
"48842";"304257";;;;;;;;"CUSTOMER_ORPHAN"
"49065";"319447";;;;;;;;"CUSTOMER_ORPHAN"
"49068";"319575";;;;;;;;"CUSTOMER_ORPHAN"
"49070";"319625";;;;;;;;"CUSTOMER_ORPHAN"
"49091";"320495";;;;;;;;"CUSTOMER_ORPHAN"
"49269";"332061";;;;;;;;"CUSTOMER_ORPHAN"
"759";"1839";;;;;;;;"CUSTOMER_ORPHAN"
"914";"2537";;;;;;;;"CUSTOMER_ORPHAN"
"1022";"1577";"01-01-2010";;"N";"4";"N - Bireysel";;;"CUSTOMER_TARGET_MISSING"
"1042";"2533";"01-01-002057";;"N";"4";"N - Bireysel";;;"CUSTOMER_TARGET_MISSING"
"1061";"2532";"01-01-002123";;"N";"4";"N - Bireysel";;;"CUSTOMER_TARGET_MISSING"
"1071";"2531";"01-01-002141";;"N";"4";"N - Bireysel";;;"CUSTOMER_TARGET_MISSING"
"1080";"1517";"01-01-2207";;"N";"4";"N - Bireysel";;;"CUSTOMER_TARGET_MISSING"
"11";"2559";"01-01-000038";;"N";"4";"N - Bireysel";;;"CUSTOMER_TARGET_MISSING"
"1103";"2530";"01-01-002234";;"N";"4";"N - Bireysel";;;"CUSTOMER_TARGET_MISSING"
"1121";"2529";"01-01-002276";;"N";"4";"N - Bireysel";;;"CUSTOMER_TARGET_MISSING"
"113";"2552";"01-01-000370";;"N";"4";"N - Bireysel";;;"CUSTOMER_TARGET_MISSING"
"1156";"2523";"01-01-002739";;"N";"4";"N - Bireysel";;;"CUSTOMER_TARGET_MISSING"
"11674";"34940";"01-01-0274";;"GM";"7";"GM - Grup Üyesi";;;"CUSTOMER_TARGET_MISSING"
"11677";"35448";"01111-03-2862";;"GM";"7";"GM - Grup Üyesi";;;"CUSTOMER_TARGET_MISSING"
"11687";"37827";"01-01-9140";;"GM";"7";"GM - Grup Üyesi";;;"CUSTOMER_TARGET_MISSING"
"11689";"35403";"01-01-2715";;"GM";"7";"GM - Grup Üyesi";;;"CUSTOMER_TARGET_MISSING"
"11701";"36275";"01-03-4946";;"GM";"7";"GM - Grup Üyesi";;;"CUSTOMER_TARGET_MISSING"
"11719";"37325";"01-01-7795";;"GM";"7";"GM - Grup Üyesi";;;"CUSTOMER_TARGET_MISSING"
"11720";"37326";"01-01-7798";;"GM";"7";"GM - Grup Üyesi";;;"CUSTOMER_TARGET_MISSING"
"11726";"37958";"01-01-9572";;"GM";"7";"GM - Grup Üyesi";;;"CUSTOMER_TARGET_MISSING"
"11736";"37020";"01-03-7091";;"GM";"7";"GM - Grup Üyesi";;;"CUSTOMER_TARGET_MISSING"
"11742";"36248";"01-01-14857";;"GM";"7";"GM - Grup Üyesi";;;"CUSTOMER_TARGET_MISSING"
"11748";"37886";"01-01-D9315";;"GM";"7";"GM - Grup Üyesi";;;"CUSTOMER_TARGET_MISSING"
"11750";"36665";"01-01-16137";;"GM";"7";"GM - Grup Üyesi";;;"CUSTOMER_TARGET_MISSING"
"11757";"33989";"01-01-0063";;"GM";"7";"GM - Grup Üyesi";;;"CUSTOMER_TARGET_MISSING"
"11758";"33992";"01-01-0070";;"GM";"7";"GM - Grup Üyesi";;;"CUSTOMER_TARGET_MISSING"
"11760";"37087";"01-01-37255";;"GM";"7";"GM - Grup Üyesi";;;"CUSTOMER_TARGET_MISSING"
"11773";"37615";"01-01-8517";;"GM";"7";"GM - Grup Üyesi";;;"CUSTOMER_TARGET_MISSING"
"11775";"37849";"01-01-9207";;"GM";"7";"GM - Grup Üyesi";;;"CUSTOMER_TARGET_MISSING"
"11777";"37936";"01-01-9522";;"GM";"7";"GM - Grup Üyesi";;;"CUSTOMER_TARGET_MISSING"
"11779";"36550";"01-01-5847";;"GM";"7";"GM - Grup Üyesi";;;"CUSTOMER_TARGET_MISSING"
"11780";"36791";"01-01-6415";;"GM";"7";"GM - Grup Üyesi";;;"CUSTOMER_TARGET_MISSING"
"11781";"37066";"01-01-7194";;"GM";"7";"GM - Grup Üyesi";;;"CUSTOMER_TARGET_MISSING"
"11783";"37572";"01-01-8394";;"GM";"7";"GM - Grup Üyesi";;;"CUSTOMER_TARGET_MISSING"
"11784";"37616";"01-01-8518";;"GM";"7";"GM - Grup Üyesi";;;"CUSTOMER_TARGET_MISSING"
"11785";"37897";"01-01-9354";;"GM";"7";"GM - Grup Üyesi";;;"CUSTOMER_TARGET_MISSING"
"11797";"38123";"01-01-9956";;"GM";"7";"GM - Grup Üyesi";;;"CUSTOMER_TARGET_MISSING"
"11799";"38130";"01-01-9969";;"GM";"7";"GM - Grup Üyesi";;;"CUSTOMER_TARGET_MISSING"
"11823";"36540";"01-01-5822";;"GM";"7";"GM - Grup Üyesi";;;"CUSTOMER_TARGET_MISSING"
"11826";"37144";"01-01-7400";;"GM";"7";"GM - Grup Üyesi";;;"CUSTOMER_TARGET_MISSING"
"11831";"37319";"01-01-7779";;"GM";"7";"GM - Grup Üyesi";;;"CUSTOMER_TARGET_MISSING"
"11841";"36728";"01-01-6278";;"GM";"7";"GM - Grup Üyesi";;;"CUSTOMER_TARGET_MISSING"
"11843";"36735";"01-01-6290";;"GM";"7";"GM - Grup Üyesi";;;"CUSTOMER_TARGET_MISSING"
"11844";"36737";"01-01-6300";;"GM";"7";"GM - Grup Üyesi";;;"CUSTOMER_TARGET_MISSING"
"11850";"36770";"01-01-6366";;"GM";"7";"GM - Grup Üyesi";;;"CUSTOMER_TARGET_MISSING"
"11864";"36778";"01-01-6382";;"GM";"7";"GM - Grup Üyesi";;;"CUSTOMER_TARGET_MISSING"
"11865";"37322";"01-01-7788";;"GM";"7";"GM - Grup Üyesi";;;"CUSTOMER_TARGET_MISSING"
"11866";"37540";"01-01-8299";;"GM";"7";"GM - Grup Üyesi";;;"CUSTOMER_TARGET_MISSING"
"11868";"33976";"01-01-003925";;"GM";"7";"GM - Grup Üyesi";;;"CUSTOMER_TARGET_MISSING"
"11870";"37769";"01-01-8924";;"GM";"7";"GM - Grup Üyesi";;;"CUSTOMER_TARGET_MISSING"
"11871";"35210";"01-03-1982";;"GM";"7";"GM - Grup Üyesi";;;"CUSTOMER_TARGET_MISSING"
"11872";"35220";"0111-01-1112003";;"GM";"7";"GM - Grup Üyesi";;;"CUSTOMER_TARGET_MISSING"
"11874";"38055";"01-01-9822";;"GM";"7";"GM - Grup Üyesi";;;"CUSTOMER_TARGET_MISSING"
"11878";"33984";"01-01-0056";;"GM";"7";"GM - Grup Üyesi";;;"CUSTOMER_TARGET_MISSING"
"11879";"33985";"01-01-0057";;"GM";"7";"GM - Grup Üyesi";;;"CUSTOMER_TARGET_MISSING"
"11880";"33987";"01-01-0059";;"GM";"7";"GM - Grup Üyesi";;;"CUSTOMER_TARGET_MISSING"
"11885";"34947";"01-01-0287";;"GM";"7";"GM - Grup Üyesi";;;"CUSTOMER_TARGET_MISSING"
"11887";"34992";"01-01-0508";;"GM";"7";"GM - Grup Üyesi";;;"CUSTOMER_TARGET_MISSING"
"11889";"35001";"01-01-0589";;"GM";"7";"GM - Grup Üyesi";;;"CUSTOMER_TARGET_MISSING"
"11893";"35252";"01-01-2086";;"GM";"7";"GM - Grup Üyesi";;;"CUSTOMER_TARGET_MISSING"
"11897";"35408";"01-01-2731";;"GM";"7";"GM - Grup Üyesi";;;"CUSTOMER_TARGET_MISSING"
"11899";"35463";"01-01-2936";;"GM";"7";"GM - Grup Üyesi";;;"CUSTOMER_TARGET_MISSING"
"11902";"35492";"01-01-3052";;"GM";"7";"GM - Grup Üyesi";;;"CUSTOMER_TARGET_MISSING"
"11919";"36604";"01-01-5972";;"GM";"7";"GM - Grup Üyesi";;;"CUSTOMER_TARGET_MISSING"
"11921";"36763";"01-01-6352";;"GM";"7";"GM - Grup Üyesi";;;"CUSTOMER_TARGET_MISSING"
"11923";"36775";"01-01-6376";;"GM";"7";"GM - Grup Üyesi";;;"CUSTOMER_TARGET_MISSING"
"11931";"37328";"01-01-7801";;"GM";"7";"GM - Grup Üyesi";;;"CUSTOMER_TARGET_MISSING"
"11934";"37556";"01-01-8349";;"GM";"7";"GM - Grup Üyesi";;;"CUSTOMER_TARGET_MISSING"
"11935";"37602";"01-01-8472";;"GM";"7";"GM - Grup Üyesi";;;"CUSTOMER_TARGET_MISSING"
"11938";"37883";"01-01-9307";;"GM";"7";"GM - Grup Üyesi";;;"CUSTOMER_TARGET_MISSING"
"11940";"37903";"01-01-9385";;"GM";"7";"GM - Grup Üyesi";;;"CUSTOMER_TARGET_MISSING"
"11941";"38030";"01-01-9772";;"GM";"7";"GM - Grup Üyesi";;;"CUSTOMER_TARGET_MISSING"
"11951";"35835";"01-01-113928";;"GM";"7";"GM - Grup Üyesi";;;"CUSTOMER_TARGET_MISSING"
"11973";"37013";"01-01-7082";;"GM";"7";"GM - Grup Üyesi";;;"CUSTOMER_TARGET_MISSING"
"11974";"37014";"01-01-7084";;"GM";"7";"GM - Grup Üyesi";;;"CUSTOMER_TARGET_MISSING"
"11988";"37033";"01-01-7124";;"GM";"7";"GM - Grup Üyesi";;;"CUSTOMER_TARGET_MISSING"
"11992";"37037";"Temp_01-01-7130";;"GM";"7";"GM - Grup Üyesi";;;"CUSTOMER_TARGET_MISSING"
"12021";"37277";"01-01-7697";;"GM";"7";"GM - Grup Üyesi";;;"CUSTOMER_TARGET_MISSING"
"12032";"37312";"01-01-7763";;"GM";"7";"GM - Grup Üyesi";;;"CUSTOMER_TARGET_MISSING"
"12038";"37650";"01-01-8635";;"GM";"7";"GM - Grup Üyesi";;;"CUSTOMER_TARGET_MISSING"
"12041";"37740";"01-01-8831";;"GM";"7";"GM - Grup Üyesi";;;"CUSTOMER_TARGET_MISSING"
"12048";"34719";"01-01-011005";;"GM";"7";"GM - Grup Üyesi";;;"CUSTOMER_TARGET_MISSING"
"12052";"37442";"01-01-8153";;"GM";"7";"GM - Grup Üyesi";;;"CUSTOMER_TARGET_MISSING"
"12054";"37682";"01-01-8715";;"GM";"7";"GM - Grup Üyesi";;;"CUSTOMER_TARGET_MISSING"
"12056";"33963";"01-01-0020";;"GM";"7";"GM - Grup Üyesi";;;"CUSTOMER_TARGET_MISSING"
"12057";"33978";"01-01-004129";;"GM";"7";"GM - Grup Üyesi";;;"CUSTOMER_TARGET_MISSING"
"12066";"36948";"01-01-6919";;"GM";"7";"GM - Grup Üyesi";;;"CUSTOMER_TARGET_MISSING"
"12073";"37348";"01-01-7855";;"GM";"7";"GM - Grup Üyesi";;;"CUSTOMER_TARGET_MISSING"
"12080";"37567";"01-01-8379";;"GM";"7";"GM - Grup Üyesi";;;"CUSTOMER_TARGET_MISSING"
"12082";"37575";"01-01-8397";;"GM";"7";"GM - Grup Üyesi";;;"CUSTOMER_TARGET_MISSING"
"12083";"34891";"01-01-0122";;"GM";"7";"GM - Grup Üyesi";;;"CUSTOMER_TARGET_MISSING"
"12085";"34971";"01-01-0412";;"GM";"7";"GM - Grup Üyesi";;;"CUSTOMER_TARGET_MISSING"
"12086";"34983";"01-01-0463";;"GM";"7";"GM - Grup Üyesi";;;"CUSTOMER_TARGET_MISSING"
"12094";"33975";"01-01-003807";;"GM";"7";"GM - Grup Üyesi";;;"CUSTOMER_TARGET_MISSING"
"12097";"35622";"01-01-13374";;"GM";"7";"GM - Grup Üyesi";;;"CUSTOMER_TARGET_MISSING"
"12099";"34892";"01-01-30123";;"GM";"7";"GM - Grup Üyesi";;;"CUSTOMER_TARGET_MISSING"
"12100";"35034";"01-01-0958";;"GM";"7";"GM - Grup Üyesi";;;"CUSTOMER_TARGET_MISSING"
"12108";"35823";"01-01-3893";;"GM";"7";"GM - Grup Üyesi";;;"CUSTOMER_TARGET_MISSING"
"12112";"36218";"01-01-4773";;"GM";"7";"GM - Grup Üyesi";;;"CUSTOMER_TARGET_MISSING"
"12115";"36435";"01-01-5367";;"GM";"7";"GM - Grup Üyesi";;;"CUSTOMER_TARGET_MISSING"
"12120";"36748";"01-01-6326";;"GM";"7";"GM - Grup Üyesi";;;"CUSTOMER_TARGET_MISSING"
"12127";"37648";"01-01-8633";;"GM";"7";"GM - Grup Üyesi";;;"CUSTOMER_TARGET_MISSING"
"12128";"37649";"01-01-8634";;"GM";"7";"GM - Grup Üyesi";;;"CUSTOMER_TARGET_MISSING"
"12136";"37664";"01-01-8672";;"GM";"7";"GM - Grup Üyesi";;;"CUSTOMER_TARGET_MISSING"
"12137";"37665";"01-01-8674";;"GM";"7";"GM - Grup Üyesi";;;"CUSTOMER_TARGET_MISSING"
"12139";"37670";"01-01-1118689";;"GM";"7";"GM - Grup Üyesi";;;"CUSTOMER_TARGET_MISSING"
"12144";"37680";"01-01-8711";;"GM";"7";"GM - Grup Üyesi";;;"CUSTOMER_TARGET_MISSING"
"12145";"37681";"01-01-8713";;"GM";"7";"GM - Grup Üyesi";;;"CUSTOMER_TARGET_MISSING"
"12152";"37691";"01-01-8729";;"GM";"7";"GM - Grup Üyesi";;;"CUSTOMER_TARGET_MISSING"
"12154";"37693";"01-01-8736";;"GM";"7";"GM - Grup Üyesi";;;"CUSTOMER_TARGET_MISSING"
"12157";"37698";"01-01-8743";;"GM";"7";"GM - Grup Üyesi";;;"CUSTOMER_TARGET_MISSING"
"12162";"37704";"01-01-1118751";;"GM";"7";"GM - Grup Üyesi";;;"CUSTOMER_TARGET_MISSING"
"12163";"37705";"01-01-8752";;"GM";"7";"GM - Grup Üyesi";;;"CUSTOMER_TARGET_MISSING"
"12166";"37776";"01-01-8944";;"GM";"7";"GM - Grup Üyesi";;;"CUSTOMER_TARGET_MISSING"
"12167";"37831";"01-01-9151";;"GM";"7";"GM - Grup Üyesi";;;"CUSTOMER_TARGET_MISSING"
"12186";"35462";"01-01-2933";;"GM";"7";"GM - Grup Üyesi";;;"CUSTOMER_TARGET_MISSING"
"12188";"35488";"01-01-3025";;"GM";"7";"GM - Grup Üyesi";;;"CUSTOMER_TARGET_MISSING"
"12222";"36982";"01-01-7018";;"GM";"7";"GM - Grup Üyesi";;;"CUSTOMER_TARGET_MISSING"
"12227";"36991";"01-01-7031";;"GM";"7";"GM - Grup Üyesi";;;"CUSTOMER_TARGET_MISSING"
"12240";"36679";"01-01-6168";;"GM";"7";"GM - Grup Üyesi";;;"CUSTOMER_TARGET_MISSING"
"12253";"34927";"01-01-0249";;"GM";"7";"GM - Grup Üyesi";;;"CUSTOMER_TARGET_MISSING"
"12254";"34934";"01-02-0261";;"GM";"7";"GM - Grup Üyesi";;;"CUSTOMER_TARGET_MISSING"
"12257";"35029";"01-01-0800";;"GM";"7";"GM - Grup Üyesi";;;"CUSTOMER_TARGET_MISSING"
"12263";"35873";"01-01-4033";;"GM";"7";"GM - Grup Üyesi";;;"CUSTOMER_TARGET_MISSING"
"12267";"36276";"01-01-4948";;"GM";"7";"GM - Grup Üyesi";;;"CUSTOMER_TARGET_MISSING"
"12269";"36515";"01-01-5744";;"GM";"7";"GM - Grup Üyesi";;;"CUSTOMER_TARGET_MISSING"
"12271";"36759";"01-01-6342";;"GM";"7";"GM - Grup Üyesi";;;"CUSTOMER_TARGET_MISSING"
"12274";"37139";"01-011-117388";;"GM";"7";"GM - Grup Üyesi";;;"CUSTOMER_TARGET_MISSING"
"12283";"37167";"01-01-7447";;"GM";"7";"GM - Grup Üyesi";;;"CUSTOMER_TARGET_MISSING"
"12295";"37200";"01-01-7533";;"GM";"7";"GM - Grup Üyesi";;;"CUSTOMER_TARGET_MISSING"
"12299";"37206";"01-01-7543";;"GM";"7";"GM - Grup Üyesi";;;"CUSTOMER_TARGET_MISSING"
"12300";"37207";"01-01-7544";;"GM";"7";"GM - Grup Üyesi";;;"CUSTOMER_TARGET_MISSING"
"12302";"37212";"01-01-7552";;"GM";"7";"GM - Grup Üyesi";;;"CUSTOMER_TARGET_MISSING"
"12303";"37217";"01-01-7562";;"GM";"7";"GM - Grup Üyesi";;;"CUSTOMER_TARGET_MISSING"
"12308";"37222";"01-01-7578";;"GM";"7";"GM - Grup Üyesi";;;"CUSTOMER_TARGET_MISSING"
"12318";"37294";"01-01-7733";;"GM";"7";"GM - Grup Üyesi";;;"CUSTOMER_TARGET_MISSING"
"12319";"37296";"01-01-7739";;"GM";"7";"GM - Grup Üyesi";;;"CUSTOMER_TARGET_MISSING"
"12321";"37334";"01-01-7817";;"GM";"7";"GM - Grup Üyesi";;;"CUSTOMER_TARGET_MISSING"
"12323";"37345";"01-01-7849";;"GM";"7";"GM - Grup Üyesi";;;"CUSTOMER_TARGET_MISSING"
"12328";"37439";"01-01-8147";;"GM";"7";"GM - Grup Üyesi";;;"CUSTOMER_TARGET_MISSING"
"12331";"37803";"01-01-19045";;"GM";"7";"GM - Grup Üyesi";;;"CUSTOMER_TARGET_MISSING"
"12333";"37833";"01-01-9157";;"GM";"7";"GM - Grup Üyesi";;;"CUSTOMER_TARGET_MISSING"
"12336";"37880";"01-01-9302";;"GM";"7";"GM - Grup Üyesi";;;"CUSTOMER_TARGET_MISSING"
"12341";"38133";"01-01-9976";;"GM";"7";"GM - Grup Üyesi";;;"CUSTOMER_TARGET_MISSING"
"12342";"36402";"01-01-0005287";;"GM";"7";"GM - Grup Üyesi";;;"CUSTOMER_TARGET_MISSING"
"12343";"37624";"01-01-0018554";;"GM";"7";"GM - Grup Üyesi";;;"CUSTOMER_TARGET_MISSING"
"12344";"37815";"01-01-0009099";;"GM";"7";"GM - Grup Üyesi";;;"CUSTOMER_TARGET_MISSING"
"1249";"1368";"01-03-2574";;"GM";"7";"GM - Grup Üyesi";;;"CUSTOMER_TARGET_MISSING"
"12615";"37910";"01-01-9408";;"GM";"7";"GM - Grup Üyesi";;;"CUSTOMER_TARGET_MISSING"
"1361";"768";"11101-01-4990";;"N";"4";"N - Bireysel";;;"CUSTOMER_TARGET_MISSING"
"1362";"768";"11101-01-4990";;"N";"4";"N - Bireysel";;;"CUSTOMER_TARGET_MISSING"
"1363";"767";"01-01-4992";;"N";"4";"N - Bireysel";;;"CUSTOMER_TARGET_MISSING"
"14";"2511";"01-01-0045";;"N";"4";"N - Bireysel";;;"CUSTOMER_TARGET_MISSING"
"1446";"1236";"01-011-11112880";;"N";"4";"N - Bireysel";;;"CUSTOMER_TARGET_MISSING"
"1480";"1197";"01-01-2954";;"N";"4";"N - Bireysel";;;"CUSTOMER_TARGET_MISSING"
"1555";"1076";"01-01-3305";;"GM";"7";"GM - Grup Üyesi";;;"CUSTOMER_TARGET_MISSING"
"1573";"1063";"01-01-3381";;"GM";"7";"GM - Grup Üyesi";;;"CUSTOMER_TARGET_MISSING"
"15769";"44926";"01-01-003397";;"N";"4";"N - Bireysel";;;"CUSTOMER_TARGET_MISSING"
"1578";"1053";"01-01-3421";;"N";"4";"N - Bireysel";;;"CUSTOMER_TARGET_MISSING"
"1632";"2519";"01-02-003681";;"N";"4";"N - Bireysel";;;"CUSTOMER_TARGET_MISSING"
"1684";"2515";"01-01-003952";;"N";"4";"N - Bireysel";;;"CUSTOMER_TARGET_MISSING"
"17";"2471";"01-01-0078";;"N";"4";"N - Bireysel";;;"CUSTOMER_TARGET_MISSING"
"1725";"922";"01-03-4141";;"GM";"7";"GM - Grup Üyesi";;;"CUSTOMER_TARGET_MISSING"
"1764";"887";"01-01-04343";;"N";"4";"N - Bireysel";;;"CUSTOMER_TARGET_MISSING"
"1772";"876";"01-01-4435";;"N";"4";"N - Bireysel";;;"CUSTOMER_TARGET_MISSING"
"18";"2464";"01-01-0082";;"N";"4";"N - Bireysel";;;"CUSTOMER_TARGET_MISSING"
"184";"2445";"01-01-009814";;"N";"4";"N - Bireysel";;;"CUSTOMER_TARGET_MISSING"
"1841";"2510";"01-01-004772";;"N";"4";"N - Bireysel";;;"CUSTOMER_TARGET_MISSING"
"1857";"2507";"01-01-005018";;"N";"4";"N - Bireysel";;;"CUSTOMER_TARGET_MISSING"
"18774";"1668";"01-05-1777";;"N";"4";"N - Bireysel";;;"CUSTOMER_TARGET_MISSING"
"19";"2460";"01-01-0084";;"N";"4";"N - Bireysel";;;"CUSTOMER_TARGET_MISSING"
"1919";"673";"01-03-5476";;"N";"4";"N - Bireysel";;;"CUSTOMER_TARGET_MISSING"
"192";"2425";"01-01-010914";;"N";"4";"N - Bireysel";;;"CUSTOMER_TARGET_MISSING"
"1921";"2501";"01-01-005494";;"N";"4";"N - Bireysel";;;"CUSTOMER_TARGET_MISSING"
"1938";"683";"01-03-5460";;"N";"4";"N - Bireysel";;;"CUSTOMER_TARGET_MISSING"
"1987";"2499";"01-01-005661";;"N";"4";"N - Bireysel";;;"CUSTOMER_TARGET_MISSING"
"205";"8";"01-01-9935";;"N";"4";"N - Bireysel";;;"CUSTOMER_TARGET_MISSING"
"2081";"2497";"01-01-005939";;"N";"4";"N - Bireysel";;;"CUSTOMER_TARGET_MISSING"
"209";"2438";"01-01-009962";;"N";"4";"N - Bireysel";;;"CUSTOMER_TARGET_MISSING"
"2125";"509";"01-03-6208";;"N";"4";"N - Bireysel";;;"CUSTOMER_TARGET_MISSING"
"2130";"2494";"01-01-006229";;"N";"4";"N - Bireysel";;;"CUSTOMER_TARGET_MISSING"
"214";"2435";"01-01-010084";;"N";"4";"N - Bireysel";;;"CUSTOMER_TARGET_MISSING"
"2145";"2493";"01-01-006391";;"N";"4";"N - Bireysel";;;"CUSTOMER_TARGET_MISSING"
"2148";"488";"01-01-6416";;"N";"4";"N - Bireysel";;;"CUSTOMER_TARGET_MISSING"
"2159";"2491";"01-01-006475";;"N";"4";"N - Bireysel";;;"CUSTOMER_TARGET_MISSING"
"2163";"473";"01-01-06525";;"N";"4";"N - Bireysel";;;"CUSTOMER_TARGET_MISSING"
"2173";"2488";"01-01-006548";;"N";"4";"N - Bireysel";;;"CUSTOMER_TARGET_MISSING"
"218";"2429";"01-01-010330";;"N";"4";"N - Bireysel";;;"CUSTOMER_TARGET_MISSING"
"219";"2429";"01-01-010330";;"N";"4";"N - Bireysel";;;"CUSTOMER_TARGET_MISSING"
"220";"2427";"01-01-010725";;"N";"4";"N - Bireysel";;;"CUSTOMER_TARGET_MISSING"
"2206";"2484";"01-01-006751";;"N";"4";"N - Bireysel";;;"CUSTOMER_TARGET_MISSING"
"2212";"2461";"01-01-008313";;"N";"4";"N - Bireysel";;;"CUSTOMER_TARGET_MISSING"
"2221";"2483";"01-01-006805";;"N";"4";"N - Bireysel";;;"CUSTOMER_TARGET_MISSING"
"2227";"421";"01-01-6834";;"GM";"7";"GM - Grup Üyesi";;;"CUSTOMER_TARGET_MISSING"
"2242";"2482";"01-01-006888";;"N";"4";"N - Bireysel";;;"CUSTOMER_TARGET_MISSING"
"2248";"2481";"01-01-006919";;"N";"4";"N - Bireysel";;;"CUSTOMER_TARGET_MISSING"
"2258";"2480";"01-01-006944";;"N";"4";"N - Bireysel";;;"CUSTOMER_TARGET_MISSING"
"2272";"377";"01-01-17046";;"GM";"7";"GM - Grup Üyesi";;;"CUSTOMER_TARGET_MISSING"
"22867";"53936";"01-02-11267";;"N";"4";"N - Bireysel";;;"CUSTOMER_TARGET_MISSING"
"22869";"57783";"01111-02-1294";;"N";"4";"N - Bireysel";;;"CUSTOMER_TARGET_MISSING"
"22889";"36791";"01-01-6415";;"GM";"7";"GM - Grup Üyesi";;;"CUSTOMER_TARGET_MISSING"
"22910";"60027";"01-01-4229";;"GM";"7";"GM - Grup Üyesi";;;"CUSTOMER_TARGET_MISSING"
"2298";"2478";"01-01-007206";;"N";"4";"N - Bireysel";;;"CUSTOMER_TARGET_MISSING"
"2301";"2476";"01-01-007230";;"N";"4";"N - Bireysel";;;"CUSTOMER_TARGET_MISSING"
"2316";"251";"01-01-8323";;"N";"4";"N - Bireysel";;;"CUSTOMER_TARGET_MISSING"
"2317";"244";"01-01-8357";;"GM";"7";"GM - Grup Üyesi";;;"CUSTOMER_TARGET_MISSING"
"2332";"236";"01-01-8430";;"GM";"7";"GM - Grup Üyesi";;;"CUSTOMER_TARGET_MISSING"
"2349";"2472";"01-0111-007626";;"N";"4";"N - Bireysel";;;"CUSTOMER_TARGET_MISSING"
"2369";"2469";"01-01-007886";;"N";"4";"N - Bireysel";;;"CUSTOMER_TARGET_MISSING"
"2388";"2462";"01-01-008294";;"N";"4";"N - Bireysel";;;"CUSTOMER_TARGET_MISSING"
"2397";"278";"01-01-8049";;"N";"4";"N - Bireysel";;;"CUSTOMER_TARGET_MISSING"
"2400";"2467";"01-01-008067";;"N";"4";"N - Bireysel";;;"CUSTOMER_TARGET_MISSING"
"2412";"2465";"01-01-008183";;"N";"4";"N - Bireysel";;;"CUSTOMER_TARGET_MISSING"
"2418";"2463";"01-01-008291";;"N";"4";"N - Bireysel";;;"CUSTOMER_TARGET_MISSING"
"2444";"2455";"01-01-008582";;"N";"4";"N - Bireysel";;;"CUSTOMER_TARGET_MISSING"
"2452";"200";"01-01-8682";;"N";"4";"N - Bireysel";;;"CUSTOMER_TARGET_MISSING"
"246";"2319";"01-01-0429";;"N";"4";"N - Bireysel";;;"CUSTOMER_TARGET_MISSING"
"2472";"182";"01-01-8837";;"GM";"7";"GM - Grup Üyesi";;;"CUSTOMER_TARGET_MISSING"
"25";"2555";"01-01-000078";;"N";"4";"N - Bireysel";;;"CUSTOMER_TARGET_MISSING"
"25026";"64810";"01-01-3044";;"GM";"7";"GM - Grup Üyesi";;;"CUSTOMER_TARGET_MISSING"
"25036";"64871";"01-02-1340";;"N";"4";"N - Bireysel";;;"CUSTOMER_TARGET_MISSING"
"25037";"64872";"01-02-1341";;"N";"4";"N - Bireysel";;;"CUSTOMER_TARGET_MISSING"
"25071";"1236";"01-011-11112880";;"N";"4";"N - Bireysel";;;"CUSTOMER_TARGET_MISSING"
"25098";"67744";"01-01-000003788";;"GM";"7";"GM - Grup Üyesi";;;"CUSTOMER_TARGET_MISSING"
"25145";"68979";"01-02-1364";;"N";"4";"N - Bireysel";;;"CUSTOMER_TARGET_MISSING"
"25161";"70097";"01-01-16826";;"GM";"7";"GM - Grup Üyesi";;;"CUSTOMER_TARGET_MISSING"
"25163";"70149";"01-02-1374";;"N";"4";"N - Bireysel";;;"CUSTOMER_TARGET_MISSING"
"25176";"70877";"01-01-4904";;"GM";"7";"GM - Grup Üyesi";;;"CUSTOMER_TARGET_MISSING"
"25178";"70869";"01-01-5933";;"GM";"7";"GM - Grup Üyesi";;;"CUSTOMER_TARGET_MISSING"
"25182";"70873";"01-01-5137";;"GM";"7";"GM - Grup Üyesi";;;"CUSTOMER_TARGET_MISSING"
"25189";"70868";"01-01-4475";;"GM";"7";"GM - Grup Üyesi";;;"CUSTOMER_TARGET_MISSING"
"25200";"70855";"01-01-5497";;"GM";"7";"GM - Grup Üyesi";;;"CUSTOMER_TARGET_MISSING"
"25202";"70845";"01-01-4762";;"GM";"7";"GM - Grup Üyesi";;;"CUSTOMER_TARGET_MISSING"
"25204";"70847";"01-01-6049";;"GM";"7";"GM - Grup Üyesi";;;"CUSTOMER_TARGET_MISSING"
"25205";"70848";"01-01-5190";;"GM";"7";"GM - Grup Üyesi";;;"CUSTOMER_TARGET_MISSING"
"2521";"2452";"01-01-009100";;"N";"4";"N - Bireysel";;;"CUSTOMER_TARGET_MISSING"
"25216";"70835";"01-01-5803";;"GM";"7";"GM - Grup Üyesi";;;"CUSTOMER_TARGET_MISSING"
"25218";"70837";"01-01-5997";;"GM";"7";"GM - Grup Üyesi";;;"CUSTOMER_TARGET_MISSING"
"25227";"70822";"01-01-6708";;"GM";"7";"GM - Grup Üyesi";;;"CUSTOMER_TARGET_MISSING"
"25229";"70824";"01-01-5128";;"GM";"7";"GM - Grup Üyesi";;;"CUSTOMER_TARGET_MISSING"
"25233";"70816";"01-01-5354";;"GM";"7";"GM - Grup Üyesi";;;"CUSTOMER_TARGET_MISSING"
"25252";"70799";"01-01-5153";;"GM";"7";"GM - Grup Üyesi";;;"CUSTOMER_TARGET_MISSING"
"25256";"70791";"01-01-4944";;"GM";"7";"GM - Grup Üyesi";;;"CUSTOMER_TARGET_MISSING"
"25268";"70779";"01-01-5126";;"GM";"7";"GM - Grup Üyesi";;;"CUSTOMER_TARGET_MISSING"
"25269";"70780";"01-01-5493";;"GM";"7";"GM - Grup Üyesi";;;"CUSTOMER_TARGET_MISSING"
"25271";"70782";"01-01-4702";;"GM";"7";"GM - Grup Üyesi";;;"CUSTOMER_TARGET_MISSING"
"25278";"70777";"01-01-5905";;"GM";"7";"GM - Grup Üyesi";;;"CUSTOMER_TARGET_MISSING"
"25279";"70778";"01-01-4432";;"GM";"7";"GM - Grup Üyesi";;;"CUSTOMER_TARGET_MISSING"
"2528";"2451";"01-01-009140";;"N";"4";"N - Bireysel";;;"CUSTOMER_TARGET_MISSING"
"25281";"70768";"01-01-5328";;"GM";"7";"GM - Grup Üyesi";;;"CUSTOMER_TARGET_MISSING"
"25284";"70771";"01-01-4899";;"GM";"7";"GM - Grup Üyesi";;;"CUSTOMER_TARGET_MISSING"
"25285";"70772";"01-01-4570";;"GM";"7";"GM - Grup Üyesi";;;"CUSTOMER_TARGET_MISSING"
"25298";"70749";"01-01-6060";;"GM";"7";"GM - Grup Üyesi";;;"CUSTOMER_TARGET_MISSING"
"25300";"70751";"01-01-5490";;"GM";"7";"GM - Grup Üyesi";;;"CUSTOMER_TARGET_MISSING"
"25302";"70753";"01-01-6009";;"GM";"7";"GM - Grup Üyesi";;;"CUSTOMER_TARGET_MISSING"
"25315";"71022";"01-01-5151";;"GM";"7";"GM - Grup Üyesi";;;"CUSTOMER_TARGET_MISSING"
"25316";"71023";"01-01-5247";;"GM";"7";"GM - Grup Üyesi";;;"CUSTOMER_TARGET_MISSING"
"25321";"71028";"01-01-4793";;"GM";"7";"GM - Grup Üyesi";;;"CUSTOMER_TARGET_MISSING"
"25337";"72457";"01-01-6242";;"GM";"7";"GM - Grup Üyesi";;;"CUSTOMER_TARGET_MISSING"
"25339";"72459";"01-01-6011";;"GM";"7";"GM - Grup Üyesi";;;"CUSTOMER_TARGET_MISSING"
"25361";"73032";"01-01-5162";;"GM";"7";"GM - Grup Üyesi";;;"CUSTOMER_TARGET_MISSING"
"25362";"73033";"01-01-5877";;"GM";"7";"GM - Grup Üyesi";;;"CUSTOMER_TARGET_MISSING"
"25363";"73034";"01-01-6235";;"GM";"7";"GM - Grup Üyesi";;;"CUSTOMER_TARGET_MISSING"
"25370";"73068";"01-01-5692";;"GM";"7";"GM - Grup Üyesi";;;"CUSTOMER_TARGET_MISSING"
"25380";"73220";"01-01-6135";;"GM";"7";"GM - Grup Üyesi";;;"CUSTOMER_TARGET_MISSING"
"25389";"73224";"01-01-5742";;"GM";"7";"GM - Grup Üyesi";;;"CUSTOMER_TARGET_MISSING"
"26455";"37085";"01-01-7253";;"GM";"7";"GM - Grup Üyesi";;;"CUSTOMER_TARGET_MISSING"
"26459";"1668";"01-05-1777";;"N";"4";"N - Bireysel";;;"CUSTOMER_TARGET_MISSING"
"26485";"76028";"01-01-7506";;"GM";"7";"GM - Grup Üyesi";;;"CUSTOMER_TARGET_MISSING"
"26506";"78625";"01-01-73818";;"GM";"7";"GM - Grup Üyesi";;;"CUSTOMER_TARGET_MISSING"
"26507";"78625";"01-01-73818";;"GM";"7";"GM - Grup Üyesi";;;"CUSTOMER_TARGET_MISSING"
"26508";"78654";"01-02-1404";;"N";"4";"N - Bireysel";;;"CUSTOMER_TARGET_MISSING"
"26513";"1922";"01-05-1217";;"N";"4";"N - Bireysel";;;"CUSTOMER_TARGET_MISSING"
"27532";"79957";"01-01-7920";;"GM";"7";"GM - Grup Üyesi";;;"CUSTOMER_TARGET_MISSING"
"27541";"80148";"01-01-7962";;"GM";"7";"GM - Grup Üyesi";;;"CUSTOMER_TARGET_MISSING"
"27552";"80762";"01-01-8019";;"GM";"7";"GM - Grup Üyesi";;;"CUSTOMER_TARGET_MISSING"
"27553";"80787";"01-01-8021";;"GM";"7";"GM - Grup Üyesi";;;"CUSTOMER_TARGET_MISSING"
"27564";"80991";"01-03-2865";;"GM";"7";"GM - Grup Üyesi";;;"CUSTOMER_TARGET_MISSING"
"27565";"81081";"0111-01-118044";;"GM";"7";"GM - Grup Üyesi";;;"CUSTOMER_TARGET_MISSING"
"27591";"81636";"01-01-8116";;"GM";"7";"GM - Grup Üyesi";;;"CUSTOMER_TARGET_MISSING"
"28";"2447";"01-01-0098";;"N";"4";"N - Bireysel";;;"CUSTOMER_TARGET_MISSING"
"28610";"82202";"01-01-8170";;"GM";"7";"GM - Grup Üyesi";;;"CUSTOMER_TARGET_MISSING"
"28614";"82313";"01-01-4674";;"GM";"7";"GM - Grup Üyesi";;;"CUSTOMER_TARGET_MISSING"
"28618";"82313";"01-01-4674";;"GM";"7";"GM - Grup Üyesi";;;"CUSTOMER_TARGET_MISSING"
"28656";"35500";"01-01-3064";;"GM";"7";"GM - Grup Üyesi";;;"CUSTOMER_TARGET_MISSING"
"28667";"84360";"01-01-4824";;"GM";"7";"GM - Grup Üyesi";;;"CUSTOMER_TARGET_MISSING"
"28693";"85431";"01-01-008393";;"GM";"7";"GM - Grup Üyesi";;;"CUSTOMER_TARGET_MISSING"
"28719";"86209";"01-01-8414";;"GM";"7";"GM - Grup Üyesi";;;"CUSTOMER_TARGET_MISSING"
"28733";"86534";"01-01-8460";;"GM";"7";"GM - Grup Üyesi";;;"CUSTOMER_TARGET_MISSING"
"28737";"86762";"01-01-8483";;"GM";"7";"GM - Grup Üyesi";;;"CUSTOMER_TARGET_MISSING"
"28762";"87617";"01-02-1439";;"GM";"7";"GM - Grup Üyesi";;;"CUSTOMER_TARGET_MISSING"
"28764";"87676";"01-01-8573";;"GM";"7";"GM - Grup Üyesi";;;"CUSTOMER_TARGET_MISSING"
"28887";"88568";"01-01-9112";;"GM";"7";"GM - Grup Üyesi";;;"CUSTOMER_TARGET_MISSING"
"28901";"88558";"01-01-09312";;"GM";"7";"GM - Grup Üyesi";;;"CUSTOMER_TARGET_MISSING"
"28928";"89522";"01-01-8906";;"GM";"7";"GM - Grup Üyesi";;;"CUSTOMER_TARGET_MISSING"
"28930";"90192";"01-01-008910";;"GM";"7";"GM - Grup Üyesi";;;"CUSTOMER_TARGET_MISSING"
"28932";"90452";"01-01-8673";;"GM";"7";"GM - Grup Üyesi";;;"CUSTOMER_TARGET_MISSING"
"29009";"94301";"01-01-8970";;"GM";"7";"GM - Grup Üyesi";;;"CUSTOMER_TARGET_MISSING"
"29013";"94427";"01-01-8501";;"GM";"7";"GM - Grup Üyesi";;;"CUSTOMER_TARGET_MISSING"
"29016";"94537";"01-02-1457";;"GM";"7";"GM - Grup Üyesi";;;"CUSTOMER_TARGET_MISSING"
"29020";"94954";"01-01-9325";;"GM";"7";"GM - Grup Üyesi";;;"CUSTOMER_TARGET_MISSING"
"29040";"95676";"01-01-9396";;"GM";"7";"GM - Grup Üyesi";;;"CUSTOMER_TARGET_MISSING"
"294";"2268";"01-01-0529";;"N";"4";"N - Bireysel";;;"CUSTOMER_TARGET_MISSING"
"30";"2436";"01-01-0100";;"N";"4";"N - Bireysel";;;"CUSTOMER_TARGET_MISSING"
"30056";"96262";"01-01-009409";;"GM";"7";"GM - Grup Üyesi";;;"CUSTOMER_TARGET_MISSING"
"30066";"96794";"01-01-9480";;"GM";"7";"GM - Grup Üyesi";;;"CUSTOMER_TARGET_MISSING"
"30097";"97649";"01-02-111982";;"N";"4";"N - Bireysel";;;"CUSTOMER_TARGET_MISSING"
"30103";"1905";"01-02-1480";;"N";"4";"N - Bireysel";;;"CUSTOMER_TARGET_MISSING"
"30104";"98046";"01-01-1191";;"GM";"7";"GM - Grup Üyesi";;;"CUSTOMER_TARGET_MISSING"
"30110";"278";"01-01-8049";;"N";"4";"N - Bireysel";;;"CUSTOMER_TARGET_MISSING"
"30167";"1668";"01-05-1777";;"N";"4";"N - Bireysel";;;"CUSTOMER_TARGET_MISSING"
"30170";"1905";"01-02-1480";;"N";"4";"N - Bireysel";;;"CUSTOMER_TARGET_MISSING"
"30261";"70149";"01-02-1374";;"N";"4";"N - Bireysel";;;"CUSTOMER_TARGET_MISSING"
"30305";"100497";"01-01-1582";;"GM";"7";"GM - Grup Üyesi";;;"CUSTOMER_TARGET_MISSING"
"30350";"101012";"01-01-1608";;"GM";"7";"GM - Grup Üyesi";;;"CUSTOMER_TARGET_MISSING"
"31385";"103165";"01-01-1933";;"GM";"7";"GM - Grup Üyesi";;;"CUSTOMER_TARGET_MISSING"
"31393";"2118";"01-05-0814";;"N";"4";"N - Bireysel";;;"CUSTOMER_TARGET_MISSING"
"32";"2426";"01-01-0109";;"N";"4";"N - Bireysel";;;"CUSTOMER_TARGET_MISSING"
"32648";"111497";"01-01-6466";;"GM";"7";"GM - Grup Üyesi";;;"CUSTOMER_TARGET_MISSING"
"32653";"111668";"01-02-7613";;"GM";"7";"GM - Grup Üyesi";;;"CUSTOMER_TARGET_MISSING"
"32663";"112005";"01-01-4995";;"GM";"7";"GM - Grup Üyesi";;;"CUSTOMER_TARGET_MISSING"
"32666";"93508";"01-01-8852";;"GM";"7";"GM - Grup Üyesi";;;"CUSTOMER_TARGET_MISSING"
"32687";"111457";"01-02-4870";;"N";"4";"N - Bireysel";;;"CUSTOMER_TARGET_MISSING"
"32734";"114523";"01-01-5879";;"GM";"7";"GM - Grup Üyesi";;;"CUSTOMER_TARGET_MISSING"
"32735";"114524";"01-01-5883";;"GM";"7";"GM - Grup Üyesi";;;"CUSTOMER_TARGET_MISSING"
"32737";"114526";"01-01-5823";;"GM";"7";"GM - Grup Üyesi";;;"CUSTOMER_TARGET_MISSING"
"32744";"114586";"01-01-6176";;"GM";"7";"GM - Grup Üyesi";;;"CUSTOMER_TARGET_MISSING"
"32745";"114587";"01-01-6150";;"GM";"7";"GM - Grup Üyesi";;;"CUSTOMER_TARGET_MISSING"
"32746";"114588";"01-01-6294";;"GM";"7";"GM - Grup Üyesi";;;"CUSTOMER_TARGET_MISSING"
"32759";"114635";"01-01-7068";;"GM";"7";"GM - Grup Üyesi";;;"CUSTOMER_TARGET_MISSING"
"32761";"114637";"01-01-7349";;"GM";"7";"GM - Grup Üyesi";;;"CUSTOMER_TARGET_MISSING"
"32774";"114799";"01-01-7960";;"GM";"7";"GM - Grup Üyesi";;;"CUSTOMER_TARGET_MISSING"
"32779";"114814";"01-01-8004";;"GM";"7";"GM - Grup Üyesi";;;"CUSTOMER_TARGET_MISSING"
"32781";"114816";"01-01-8003";;"GM";"7";"GM - Grup Üyesi";;;"CUSTOMER_TARGET_MISSING"
"32784";"114823";"01-01-8092";;"GM";"7";"GM - Grup Üyesi";;;"CUSTOMER_TARGET_MISSING"
"32785";"114824";"01-01-8308";;"GM";"7";"GM - Grup Üyesi";;;"CUSTOMER_TARGET_MISSING"
"32791";"114840";"01-01-8393";;"GM";"7";"GM - Grup Üyesi";;;"CUSTOMER_TARGET_MISSING"
"32796";"114907";"01-01-8508";;"GM";"7";"GM - Grup Üyesi";;;"CUSTOMER_TARGET_MISSING"
"32797";"114908";"01-01-8429";;"GM";"7";"GM - Grup Üyesi";;;"CUSTOMER_TARGET_MISSING"
"32798";"114942";"01-01-8594";;"GM";"7";"GM - Grup Üyesi";;;"CUSTOMER_TARGET_MISSING"
"32802";"115023";"01-01-8642";;"GM";"7";"GM - Grup Üyesi";;;"CUSTOMER_TARGET_MISSING"
"32828";"115957";"01-01-8975";;"GM";"7";"GM - Grup Üyesi";;;"CUSTOMER_TARGET_MISSING"
"32840";"116126";"01-01-9404";;"GM";"7";"GM - Grup Üyesi";;;"CUSTOMER_TARGET_MISSING"
"32843";"116174";"01-01-9974";;"GM";"7";"GM - Grup Üyesi";;;"CUSTOMER_TARGET_MISSING"
"32923";"117944";"01-03-3855";;"GM";"7";"GM - Grup Üyesi";;;"CUSTOMER_TARGET_MISSING"
"32926";"117991";"01-01-4733";;"GM";"7";"GM - Grup Üyesi";;;"CUSTOMER_TARGET_MISSING"
"32953";"118782";"01-01-5916";;"GM";"7";"GM - Grup Üyesi";;;"CUSTOMER_TARGET_MISSING"
"32958";"118802";"01-01-6358";;"GM";"7";"GM - Grup Üyesi";;;"CUSTOMER_TARGET_MISSING"
"32961";"118944";"01-01-8102";;"GM";"7";"GM - Grup Üyesi";;;"CUSTOMER_TARGET_MISSING"
"32965";"119054";"01-01-8535";;"GM";"7";"GM - Grup Üyesi";;;"CUSTOMER_TARGET_MISSING"
"32969";"119229";"01-01-8781";;"GM";"7";"GM - Grup Üyesi";;;"CUSTOMER_TARGET_MISSING"
"32974";"119264";"01-01-9028";;"GM";"7";"GM - Grup Üyesi";;;"CUSTOMER_TARGET_MISSING"
"32976";"119311";"01-01-9085";;"GM";"7";"GM - Grup Üyesi";;;"CUSTOMER_TARGET_MISSING"
"32980";"119316";"01-01-9173";;"GM";"7";"GM - Grup Üyesi";;;"CUSTOMER_TARGET_MISSING"
"32984";"119350";"01-01-9395";;"GM";"7";"GM - Grup Üyesi";;;"CUSTOMER_TARGET_MISSING"
"32985";"119352";"01-01-9403";;"GM";"7";"GM - Grup Üyesi";;;"CUSTOMER_TARGET_MISSING"
"32990";"119436";"01-01-9530";;"GM";"7";"GM - Grup Üyesi";;;"CUSTOMER_TARGET_MISSING"
"32995";"119557";"01-01-9616";;"GM";"7";"GM - Grup Üyesi";;;"CUSTOMER_TARGET_MISSING"
"33037";"119914";"01-01-4237";;"GM";"7";"GM - Grup Üyesi";;;"CUSTOMER_TARGET_MISSING"
"33057";"119943";"01-01-5770";;"GM";"7";"GM - Grup Üyesi";;;"CUSTOMER_TARGET_MISSING"
"33065";"119952";"01-01-8903";;"GM";"7";"GM - Grup Üyesi";;;"CUSTOMER_TARGET_MISSING"
"33071";"120586";"01-01-0120";;"GM";"7";"GM - Grup Üyesi";;;"CUSTOMER_TARGET_MISSING"
"33072";"120587";"01-01-4501";;"GM";"7";"GM - Grup Üyesi";;;"CUSTOMER_TARGET_MISSING"
"33073";"120588";"01-01-7542";;"GM";"7";"GM - Grup Üyesi";;;"CUSTOMER_TARGET_MISSING"
"33074";"120589";"01-01-9777";;"GM";"7";"GM - Grup Üyesi";;;"CUSTOMER_TARGET_MISSING"
"33075";"120590";"01-01-3912";;"GM";"7";"GM - Grup Üyesi";;;"CUSTOMER_TARGET_MISSING"
"33076";"120591";"01-01-4461";;"GM";"7";"GM - Grup Üyesi";;;"CUSTOMER_TARGET_MISSING"
"33078";"120635";"01-01-0126";;"GM";"7";"GM - Grup Üyesi";;;"CUSTOMER_TARGET_MISSING"
"33080";"120637";"01-01-4719";;"GM";"7";"GM - Grup Üyesi";;;"CUSTOMER_TARGET_MISSING"
"33082";"120629";"01-01-0103";;"GM";"7";"GM - Grup Üyesi";;;"CUSTOMER_TARGET_MISSING"
"33083";"120630";"01-01-4193";;"GM";"7";"GM - Grup Üyesi";;;"CUSTOMER_TARGET_MISSING"
"33084";"120631";"Temp_01-01-7302";;"GM";"7";"GM - Grup Üyesi";;;"CUSTOMER_TARGET_MISSING"
"33085";"120632";"01-01-5155";;"GM";"7";"GM - Grup Üyesi";;;"CUSTOMER_TARGET_MISSING"
"33087";"120622";"01-01-4439";;"GM";"7";"GM - Grup Üyesi";;;"CUSTOMER_TARGET_MISSING"
"33089";"120624";"01-01-4044";;"GM";"7";"GM - Grup Üyesi";;;"CUSTOMER_TARGET_MISSING"
"33090";"120625";"01-01-4886";;"GM";"7";"GM - Grup Üyesi";;;"CUSTOMER_TARGET_MISSING"
"33091";"120626";"01-01-0114";;"GM";"7";"GM - Grup Üyesi";;;"CUSTOMER_TARGET_MISSING"
"33092";"120627";"01-01-8641";;"GM";"7";"GM - Grup Üyesi";;;"CUSTOMER_TARGET_MISSING"
"33093";"120616";"01-01-4075";;"GM";"7";"GM - Grup Üyesi";;;"CUSTOMER_TARGET_MISSING"
"33094";"120617";"01-01-0125";;"GM";"7";"GM - Grup Üyesi";;;"CUSTOMER_TARGET_MISSING"
"33097";"120620";"01-01-4457";;"GM";"7";"GM - Grup Üyesi";;;"CUSTOMER_TARGET_MISSING"
"33099";"120610";"01-01-0112";;"GM";"7";"GM - Grup Üyesi";;;"CUSTOMER_TARGET_MISSING"
"33103";"120614";"01-01-8591";;"GM";"7";"GM - Grup Üyesi";;;"CUSTOMER_TARGET_MISSING"
"33104";"120615";"01-01-4901";;"GM";"7";"GM - Grup Üyesi";;;"CUSTOMER_TARGET_MISSING"
"33109";"120608";"01-01-0113";;"GM";"7";"GM - Grup Üyesi";;;"CUSTOMER_TARGET_MISSING"
"33110";"120609";"01-01-0106";;"GM";"7";"GM - Grup Üyesi";;;"CUSTOMER_TARGET_MISSING"
"33111";"120598";"01-01-2124";;"GM";"7";"GM - Grup Üyesi";;;"CUSTOMER_TARGET_MISSING"
"33112";"120599";"01-01-0119";;"GM";"7";"GM - Grup Üyesi";;;"CUSTOMER_TARGET_MISSING"
"33113";"120600";"01-01-0127";;"GM";"7";"GM - Grup Üyesi";;;"CUSTOMER_TARGET_MISSING"
"33114";"120601";"01-01-8022";;"GM";"7";"GM - Grup Üyesi";;;"CUSTOMER_TARGET_MISSING"
"33115";"120602";"01-01-6793";;"GM";"7";"GM - Grup Üyesi";;;"CUSTOMER_TARGET_MISSING"
"33116";"120603";"01-01-5758";;"GM";"7";"GM - Grup Üyesi";;;"CUSTOMER_TARGET_MISSING"
"33117";"120592";"01-01-0108";;"GM";"7";"GM - Grup Üyesi";;;"CUSTOMER_TARGET_MISSING"
"33118";"120593";"01-01-4065";;"GM";"7";"GM - Grup Üyesi";;;"CUSTOMER_TARGET_MISSING"
"33119";"120594";"01-01-4980";;"GM";"7";"GM - Grup Üyesi";;;"CUSTOMER_TARGET_MISSING"
"33120";"120595";"01-01-3919";;"GM";"7";"GM - Grup Üyesi";;;"CUSTOMER_TARGET_MISSING"
"33121";"120596";"01-01-8290";;"GM";"7";"GM - Grup Üyesi";;;"CUSTOMER_TARGET_MISSING"
"33122";"120597";"01-01-34066";;"GM";"7";"GM - Grup Üyesi";;;"CUSTOMER_TARGET_MISSING"
"33123";"120701";"01-01-5013";;"GM";"7";"GM - Grup Üyesi";;;"CUSTOMER_TARGET_MISSING"
"33125";"120703";"01-01-5209";;"GM";"7";"GM - Grup Üyesi";;;"CUSTOMER_TARGET_MISSING"
"33126";"120704";"01-01-4233";;"GM";"7";"GM - Grup Üyesi";;;"CUSTOMER_TARGET_MISSING"
"33127";"120705";"01-01-8324";;"GM";"7";"GM - Grup Üyesi";;;"CUSTOMER_TARGET_MISSING"
"33128";"120756";"01-01-1509";;"GM";"7";"GM - Grup Üyesi";;;"CUSTOMER_TARGET_MISSING"
"33131";"120988";"01-01-0130";;"GM";"7";"GM - Grup Üyesi";;;"CUSTOMER_TARGET_MISSING"
"33146";"121080";"01-01-0147";;"GM";"7";"GM - Grup Üyesi";;;"CUSTOMER_TARGET_MISSING"
"33156";"121144";"01-01-0155";;"GM";"7";"GM - Grup Üyesi";;;"CUSTOMER_TARGET_MISSING"
"33182";"121326";"01-01-0225";;"GM";"7";"GM - Grup Üyesi";;;"CUSTOMER_TARGET_MISSING"
"33185";"121329";"01-01-0235";;"GM";"7";"GM - Grup Üyesi";;;"CUSTOMER_TARGET_MISSING"
"33199";"121606";"01-01-0246";;"GM";"7";"GM - Grup Üyesi";;;"CUSTOMER_TARGET_MISSING"
"33210";"121752";"01-01-0362";;"GM";"7";"GM - Grup Üyesi";;;"CUSTOMER_TARGET_MISSING"
"33236";"122565";"01-01-0492";;"GM";"7";"GM - Grup Üyesi";;;"CUSTOMER_TARGET_MISSING"
"33239";"122655";"01-01-0531";;"GM";"7";"GM - Grup Üyesi";;;"CUSTOMER_TARGET_MISSING"
"33258";"123484";"01-01-0702";;"GM";"7";"GM - Grup Üyesi";;;"CUSTOMER_TARGET_MISSING"
"34";"2402";"01-01-0293";;"N";"4";"N - Bireysel";;;"CUSTOMER_TARGET_MISSING"
"35";"2400";"01-01-0295";;"N";"4";"N - Bireysel";;;"CUSTOMER_TARGET_MISSING"
"38482";"124098";"01-01-0814";;"GM";"7";"GM - Grup Üyesi";;;"CUSTOMER_TARGET_MISSING"
"38483";"124223";"01-01-0829";;"GM";"7";"GM - Grup Üyesi";;;"CUSTOMER_TARGET_MISSING"
"38484";"125101";"01-01-0992";;"GM";"7";"GM - Grup Üyesi";;;"CUSTOMER_TARGET_MISSING"
"38504";"125822";"01-01-3309";;"GM";"7";"GM - Grup Üyesi";;;"CUSTOMER_TARGET_MISSING"
"39435";"125341";"01-01-2741";;"GM";"7";"GM - Grup Üyesi";;;"CUSTOMER_TARGET_MISSING"
"39437";"126297";"01-01-4500";;"GM";"7";"GM - Grup Üyesi";;;"CUSTOMER_TARGET_MISSING"
"39442";"126732";"01-01-9387";;"GM";"7";"GM - Grup Üyesi";;;"CUSTOMER_TARGET_MISSING"
"39453";"37348";"01-01-7855";;"GM";"7";"GM - Grup Üyesi";;;"CUSTOMER_TARGET_MISSING"
"39455";"87617";"01-02-1439";;"GM";"7";"GM - Grup Üyesi";;;"CUSTOMER_TARGET_MISSING"
"39456";"87676";"01-01-8573";;"GM";"7";"GM - Grup Üyesi";;;"CUSTOMER_TARGET_MISSING"
"39457";"94537";"01-02-1457";;"GM";"7";"GM - Grup Üyesi";;;"CUSTOMER_TARGET_MISSING"
"395";"2547";"01-01-000697";;"N";"4";"N - Bireysel";;;"CUSTOMER_TARGET_MISSING"
"39810";"126297";"01-01-4500";;"GM";"7";"GM - Grup Üyesi";;;"CUSTOMER_TARGET_MISSING"
"39984";"37567";"01-01-8379";;"GM";"7";"GM - Grup Üyesi";;;"CUSTOMER_TARGET_MISSING"
"39986";"37575";"01-01-8397";;"GM";"7";"GM - Grup Üyesi";;;"CUSTOMER_TARGET_MISSING"
"39988";"36748";"01-01-6326";;"GM";"7";"GM - Grup Üyesi";;;"CUSTOMER_TARGET_MISSING"
"39994";"35034";"01-01-0958";;"GM";"7";"GM - Grup Üyesi";;;"CUSTOMER_TARGET_MISSING"
"39996";"36435";"01-01-5367";;"GM";"7";"GM - Grup Üyesi";;;"CUSTOMER_TARGET_MISSING"
"40007";"35823";"01-01-3893";;"GM";"7";"GM - Grup Üyesi";;;"CUSTOMER_TARGET_MISSING"
"40011";"36218";"01-01-4773";;"GM";"7";"GM - Grup Üyesi";;;"CUSTOMER_TARGET_MISSING"
"40015";"37648";"01-01-8633";;"GM";"7";"GM - Grup Üyesi";;;"CUSTOMER_TARGET_MISSING"
"40024";"37664";"01-01-8672";;"GM";"7";"GM - Grup Üyesi";;;"CUSTOMER_TARGET_MISSING"
"40025";"37665";"01-01-8674";;"GM";"7";"GM - Grup Üyesi";;;"CUSTOMER_TARGET_MISSING"
"40033";"37681";"01-01-8713";;"GM";"7";"GM - Grup Üyesi";;;"CUSTOMER_TARGET_MISSING"
"40040";"37691";"01-01-8729";;"GM";"7";"GM - Grup Üyesi";;;"CUSTOMER_TARGET_MISSING"
"40042";"37693";"01-01-8736";;"GM";"7";"GM - Grup Üyesi";;;"CUSTOMER_TARGET_MISSING"
"40045";"37698";"01-01-8743";;"GM";"7";"GM - Grup Üyesi";;;"CUSTOMER_TARGET_MISSING"
"40051";"37705";"01-01-8752";;"GM";"7";"GM - Grup Üyesi";;;"CUSTOMER_TARGET_MISSING"
"40076";"37066";"01-01-7194";;"GM";"7";"GM - Grup Üyesi";;;"CUSTOMER_TARGET_MISSING"
"40077";"37572";"01-01-8394";;"GM";"7";"GM - Grup Üyesi";;;"CUSTOMER_TARGET_MISSING"
"40078";"37616";"01-01-8518";;"GM";"7";"GM - Grup Üyesi";;;"CUSTOMER_TARGET_MISSING"
"40079";"37897";"01-01-9354";;"GM";"7";"GM - Grup Üyesi";;;"CUSTOMER_TARGET_MISSING"
"40080";"36550";"01-01-5847";;"GM";"7";"GM - Grup Üyesi";;;"CUSTOMER_TARGET_MISSING"
"40082";"36791";"01-01-6415";;"GM";"7";"GM - Grup Üyesi";;;"CUSTOMER_TARGET_MISSING"
"40094";"38123";"01-01-9956";;"GM";"7";"GM - Grup Üyesi";;;"CUSTOMER_TARGET_MISSING"
"40096";"38130";"01-01-9969";;"GM";"7";"GM - Grup Üyesi";;;"CUSTOMER_TARGET_MISSING"
"40104";"86209";"01-01-8414";;"GM";"7";"GM - Grup Üyesi";;;"CUSTOMER_TARGET_MISSING"
"40118";"81636";"01-01-8116";;"GM";"7";"GM - Grup Üyesi";;;"CUSTOMER_TARGET_MISSING"
"40144";"36679";"01-01-6168";;"GM";"7";"GM - Grup Üyesi";;;"CUSTOMER_TARGET_MISSING"
"40146";"35794";"01-01-13841";;"GM";"7";"GM - Grup Üyesi";;;"CUSTOMER_TARGET_MISSING"
"40149";"36250";"01-01-14861";;"GM";"7";"GM - Grup Üyesi";;;"CUSTOMER_TARGET_MISSING"
"40150";"36251";"01-01-14862";;"GM";"7";"GM - Grup Üyesi";;;"CUSTOMER_TARGET_MISSING"
"40161";"34719";"01-01-011005";;"GM";"7";"GM - Grup Üyesi";;;"CUSTOMER_TARGET_MISSING"
"40164";"37682";"01-01-8715";;"GM";"7";"GM - Grup Üyesi";;;"CUSTOMER_TARGET_MISSING"
"40175";"37442";"01-01-8153";;"GM";"7";"GM - Grup Üyesi";;;"CUSTOMER_TARGET_MISSING"
"40181";"35500";"01-01-3064";;"GM";"7";"GM - Grup Üyesi";;;"CUSTOMER_TARGET_MISSING"
"40190";"35870";"01-01-14022";;"GM";"7";"GM - Grup Üyesi";;;"CUSTOMER_TARGET_MISSING"
"40219";"37312";"01-01-7763";;"GM";"7";"GM - Grup Üyesi";;;"CUSTOMER_TARGET_MISSING"
"40223";"37277";"01-01-7697";;"GM";"7";"GM - Grup Üyesi";;;"CUSTOMER_TARGET_MISSING"
"40228";"37740";"01-01-8831";;"GM";"7";"GM - Grup Üyesi";;;"CUSTOMER_TARGET_MISSING"
"40229";"37650";"01-01-8635";;"GM";"7";"GM - Grup Üyesi";;;"CUSTOMER_TARGET_MISSING"
"40241";"37033";"01-01-7124";;"GM";"7";"GM - Grup Üyesi";;;"CUSTOMER_TARGET_MISSING"
"40245";"37037";"Temp_01-01-7130";;"GM";"7";"GM - Grup Üyesi";;;"CUSTOMER_TARGET_MISSING"
"40285";"37013";"01-01-7082";;"GM";"7";"GM - Grup Üyesi";;;"CUSTOMER_TARGET_MISSING"
"40286";"37014";"01-01-7084";;"GM";"7";"GM - Grup Üyesi";;;"CUSTOMER_TARGET_MISSING"
"40302";"37200";"01-01-7533";;"GM";"7";"GM - Grup Üyesi";;;"CUSTOMER_TARGET_MISSING"
"40306";"37206";"01-01-7543";;"GM";"7";"GM - Grup Üyesi";;;"CUSTOMER_TARGET_MISSING"
"40307";"37207";"01-01-7544";;"GM";"7";"GM - Grup Üyesi";;;"CUSTOMER_TARGET_MISSING"
"40309";"37212";"01-01-7552";;"GM";"7";"GM - Grup Üyesi";;;"CUSTOMER_TARGET_MISSING"
"40310";"37217";"01-01-7562";;"GM";"7";"GM - Grup Üyesi";;;"CUSTOMER_TARGET_MISSING"
"40315";"37222";"01-01-7578";;"GM";"7";"GM - Grup Üyesi";;;"CUSTOMER_TARGET_MISSING"
"40332";"37167";"01-01-7447";;"GM";"7";"GM - Grup Üyesi";;;"CUSTOMER_TARGET_MISSING"
"40337";"37833";"01-01-9157";;"GM";"7";"GM - Grup Üyesi";;;"CUSTOMER_TARGET_MISSING"
"40340";"37439";"01-01-8147";;"GM";"7";"GM - Grup Üyesi";;;"CUSTOMER_TARGET_MISSING"
"40342";"37345";"01-01-7849";;"GM";"7";"GM - Grup Üyesi";;;"CUSTOMER_TARGET_MISSING"
"40349";"37294";"01-01-7733";;"GM";"7";"GM - Grup Üyesi";;;"CUSTOMER_TARGET_MISSING"
"40361";"36759";"01-01-6342";;"GM";"7";"GM - Grup Üyesi";;;"CUSTOMER_TARGET_MISSING"
"40363";"36515";"01-01-5744";;"GM";"7";"GM - Grup Üyesi";;;"CUSTOMER_TARGET_MISSING"
"40366";"35029";"01-01-0800";;"GM";"7";"GM - Grup Üyesi";;;"CUSTOMER_TARGET_MISSING"
"40367";"34927";"01-01-0249";;"GM";"7";"GM - Grup Üyesi";;;"CUSTOMER_TARGET_MISSING"
"40370";"38133";"01-01-9976";;"GM";"7";"GM - Grup Üyesi";;;"CUSTOMER_TARGET_MISSING"
"40371";"111668";"01-02-7613";;"GM";"7";"GM - Grup Üyesi";;;"CUSTOMER_TARGET_MISSING"
"40380";"36276";"01-01-4948";;"GM";"7";"GM - Grup Üyesi";;;"CUSTOMER_TARGET_MISSING"
"40382";"38055";"01-01-9822";;"GM";"7";"GM - Grup Üyesi";;;"CUSTOMER_TARGET_MISSING"
"40385";"82202";"01-01-8170";;"GM";"7";"GM - Grup Üyesi";;;"CUSTOMER_TARGET_MISSING"
"40388";"35210";"01-03-1982";;"GM";"7";"GM - Grup Üyesi";;;"CUSTOMER_TARGET_MISSING"
"40412";"83229";"01-01-1136";;"GM";"7";"GM - Grup Üyesi";;;"CUSTOMER_TARGET_MISSING"
"40423";"82313";"01-01-4674";;"GM";"7";"GM - Grup Üyesi";;;"CUSTOMER_TARGET_MISSING"
"40424";"82313";"01-01-4674";;"GM";"7";"GM - Grup Üyesi";;;"CUSTOMER_TARGET_MISSING"
"40433";"33975";"01-01-003807";;"GM";"7";"GM - Grup Üyesi";;;"CUSTOMER_TARGET_MISSING"
"40454";"110508";"~01-01-4685";;"GM";"7";"GM - Grup Üyesi";;;"CUSTOMER_TARGET_MISSING"
"40460";"36948";"01-01-6919";;"GM";"7";"GM - Grup Üyesi";;;"CUSTOMER_TARGET_MISSING"
"40462";"33978";"01-01-004129";;"GM";"7";"GM - Grup Üyesi";;;"CUSTOMER_TARGET_MISSING"
"40463";"33963";"01-01-0020";;"GM";"7";"GM - Grup Üyesi";;;"CUSTOMER_TARGET_MISSING"
"40464";"35711";"01-01-13607";;"GM";"7";"GM - Grup Üyesi";;;"CUSTOMER_TARGET_MISSING"
"40474";"35923";"01-01-14133";;"GM";"7";"GM - Grup Üyesi";;;"CUSTOMER_TARGET_MISSING"
"40478";"36540";"01-01-5822";;"GM";"7";"GM - Grup Üyesi";;;"CUSTOMER_TARGET_MISSING"
"40482";"35741";"01-01-13696";;"GM";"7";"GM - Grup Üyesi";;;"CUSTOMER_TARGET_MISSING"
"40487";"37144";"01-01-7400";;"GM";"7";"GM - Grup Üyesi";;;"CUSTOMER_TARGET_MISSING"
"40492";"37319";"01-01-7779";;"GM";"7";"GM - Grup Üyesi";;;"CUSTOMER_TARGET_MISSING"
"40504";"34940";"01-01-0274";;"GM";"7";"GM - Grup Üyesi";;;"CUSTOMER_TARGET_MISSING"
"40515";"43873";"01-02-1111";;"GM";"7";"GM - Grup Üyesi";;;"CUSTOMER_TARGET_MISSING"
"40516";"33976";"01-01-003925";;"GM";"7";"GM - Grup Üyesi";;;"CUSTOMER_TARGET_MISSING"
"40518";"37322";"01-01-7788";;"GM";"7";"GM - Grup Üyesi";;;"CUSTOMER_TARGET_MISSING"
"40522";"36778";"01-01-6382";;"GM";"7";"GM - Grup Üyesi";;;"CUSTOMER_TARGET_MISSING"
"40524";"37540";"01-01-8299";;"GM";"7";"GM - Grup Üyesi";;;"CUSTOMER_TARGET_MISSING"
"40530";"37849";"01-01-9207";;"GM";"7";"GM - Grup Üyesi";;;"CUSTOMER_TARGET_MISSING"
"40532";"37936";"01-01-9522";;"GM";"7";"GM - Grup Üyesi";;;"CUSTOMER_TARGET_MISSING"
"40533";"37615";"01-01-8517";;"GM";"7";"GM - Grup Üyesi";;;"CUSTOMER_TARGET_MISSING"
"40550";"34891";"01-01-0122";;"GM";"7";"GM - Grup Üyesi";;;"CUSTOMER_TARGET_MISSING"
"40552";"34971";"01-01-0412";;"GM";"7";"GM - Grup Üyesi";;;"CUSTOMER_TARGET_MISSING"
"40553";"34983";"01-01-0463";;"GM";"7";"GM - Grup Üyesi";;;"CUSTOMER_TARGET_MISSING"
"40555";"56606";"01-01-13646";;"GM";"7";"GM - Grup Üyesi";;;"CUSTOMER_TARGET_MISSING"
"40563";"33989";"01-01-0063";;"GM";"7";"GM - Grup Üyesi";;;"CUSTOMER_TARGET_MISSING"
"40564";"33992";"01-01-0070";;"GM";"7";"GM - Grup Üyesi";;;"CUSTOMER_TARGET_MISSING"
"40585";"36180";"01-01-4658";;"GM";"7";"GM - Grup Üyesi";;;"CUSTOMER_TARGET_MISSING"
"40587";"69114";"01-01-14382";;"GM";"7";"GM - Grup Üyesi";;;"CUSTOMER_TARGET_MISSING"
"40591";"95939";"01-01-9409";;"GM";"7";"GM - Grup Üyesi";;;"CUSTOMER_TARGET_MISSING"
"40592";"96262";"01-01-009409";;"GM";"7";"GM - Grup Üyesi";;;"CUSTOMER_TARGET_MISSING"
"40595";"79957";"01-01-7920";;"GM";"7";"GM - Grup Üyesi";;;"CUSTOMER_TARGET_MISSING"
"40599";"80148";"01-01-7962";;"GM";"7";"GM - Grup Üyesi";;;"CUSTOMER_TARGET_MISSING"
"40611";"36735";"01-01-6290";;"GM";"7";"GM - Grup Üyesi";;;"CUSTOMER_TARGET_MISSING"
"40612";"36737";"01-01-6300";;"GM";"7";"GM - Grup Üyesi";;;"CUSTOMER_TARGET_MISSING"
"40618";"36770";"01-01-6366";;"GM";"7";"GM - Grup Üyesi";;;"CUSTOMER_TARGET_MISSING"
"40635";"78625";"01-01-73818";;"GM";"7";"GM - Grup Üyesi";;;"CUSTOMER_TARGET_MISSING"
"40636";"37910";"01-01-9408";;"GM";"7";"GM - Grup Üyesi";;;"CUSTOMER_TARGET_MISSING"
"40642";"90192";"01-01-008910";;"GM";"7";"GM - Grup Üyesi";;;"CUSTOMER_TARGET_MISSING"
"40649";"90452";"01-01-8673";;"GM";"7";"GM - Grup Üyesi";;;"CUSTOMER_TARGET_MISSING"
"40652";"86534";"01-01-8460";;"GM";"7";"GM - Grup Üyesi";;;"CUSTOMER_TARGET_MISSING"
"40677";"35462";"01-01-2933";;"GM";"7";"GM - Grup Üyesi";;;"CUSTOMER_TARGET_MISSING"
"40693";"37325";"01-01-7795";;"GM";"7";"GM - Grup Üyesi";;;"CUSTOMER_TARGET_MISSING"
"40709";"80762";"01-01-8019";;"GM";"7";"GM - Grup Üyesi";;;"CUSTOMER_TARGET_MISSING"
"40726";"36991";"01-01-7031";;"GM";"7";"GM - Grup Üyesi";;;"CUSTOMER_TARGET_MISSING"
"40734";"35737";"01-01-13684";;"GM";"7";"GM - Grup Üyesi";;;"CUSTOMER_TARGET_MISSING"
"40851";"76028";"01-01-7506";;"GM";"7";"GM - Grup Üyesi";;;"CUSTOMER_TARGET_MISSING"
"40883";"73068";"01-01-5692";;"GM";"7";"GM - Grup Üyesi";;;"CUSTOMER_TARGET_MISSING"
"40887";"73220";"01-01-6135";;"GM";"7";"GM - Grup Üyesi";;;"CUSTOMER_TARGET_MISSING"
"40891";"73224";"01-01-5742";;"GM";"7";"GM - Grup Üyesi";;;"CUSTOMER_TARGET_MISSING"
"40908";"98046";"01-01-1191";;"GM";"7";"GM - Grup Üyesi";;;"CUSTOMER_TARGET_MISSING"
"40911";"96794";"01-01-9480";;"GM";"7";"GM - Grup Üyesi";;;"CUSTOMER_TARGET_MISSING"
"40917";"94301";"01-01-8970";;"GM";"7";"GM - Grup Üyesi";;;"CUSTOMER_TARGET_MISSING"
"40923";"73033";"01-01-5877";;"GM";"7";"GM - Grup Üyesi";;;"CUSTOMER_TARGET_MISSING"
"40924";"73034";"01-01-6235";;"GM";"7";"GM - Grup Üyesi";;;"CUSTOMER_TARGET_MISSING"
"40940";"72457";"01-01-6242";;"GM";"7";"GM - Grup Üyesi";;;"CUSTOMER_TARGET_MISSING"
"40956";"71023";"01-01-5247";;"GM";"7";"GM - Grup Üyesi";;;"CUSTOMER_TARGET_MISSING"
"40961";"71028";"01-01-4793";;"GM";"7";"GM - Grup Üyesi";;;"CUSTOMER_TARGET_MISSING"
"40969";"70749";"01-01-6060";;"GM";"7";"GM - Grup Üyesi";;;"CUSTOMER_TARGET_MISSING"
"40971";"70751";"01-01-5490";;"GM";"7";"GM - Grup Üyesi";;;"CUSTOMER_TARGET_MISSING"
"40973";"70753";"01-01-6009";;"GM";"7";"GM - Grup Üyesi";;;"CUSTOMER_TARGET_MISSING"
"40988";"70768";"01-01-5328";;"GM";"7";"GM - Grup Üyesi";;;"CUSTOMER_TARGET_MISSING"
"40991";"70771";"01-01-4899";;"GM";"7";"GM - Grup Üyesi";;;"CUSTOMER_TARGET_MISSING"
"40992";"70772";"01-01-4570";;"GM";"7";"GM - Grup Üyesi";;;"CUSTOMER_TARGET_MISSING"
"40997";"70777";"01-01-5905";;"GM";"7";"GM - Grup Üyesi";;;"CUSTOMER_TARGET_MISSING"
"40999";"70779";"01-01-5126";;"GM";"7";"GM - Grup Üyesi";;;"CUSTOMER_TARGET_MISSING"
"41011";"70791";"01-01-4944";;"GM";"7";"GM - Grup Üyesi";;;"CUSTOMER_TARGET_MISSING"
"41036";"70816";"01-01-5354";;"GM";"7";"GM - Grup Üyesi";;;"CUSTOMER_TARGET_MISSING"
"41042";"70822";"01-01-6708";;"GM";"7";"GM - Grup Üyesi";;;"CUSTOMER_TARGET_MISSING"
"41044";"70824";"01-01-5128";;"GM";"7";"GM - Grup Üyesi";;;"CUSTOMER_TARGET_MISSING"
"41055";"70835";"01-01-5803";;"GM";"7";"GM - Grup Üyesi";;;"CUSTOMER_TARGET_MISSING"
"41057";"70837";"01-01-5997";;"GM";"7";"GM - Grup Üyesi";;;"CUSTOMER_TARGET_MISSING"
"41065";"70845";"01-01-4762";;"GM";"7";"GM - Grup Üyesi";;;"CUSTOMER_TARGET_MISSING"
"41068";"70848";"01-01-5190";;"GM";"7";"GM - Grup Üyesi";;;"CUSTOMER_TARGET_MISSING"
"41075";"70855";"01-01-5497";;"GM";"7";"GM - Grup Üyesi";;;"CUSTOMER_TARGET_MISSING"
"41088";"70869";"01-01-5933";;"GM";"7";"GM - Grup Üyesi";;;"CUSTOMER_TARGET_MISSING"
"41092";"70873";"01-01-5137";;"GM";"7";"GM - Grup Üyesi";;;"CUSTOMER_TARGET_MISSING"
"41096";"70877";"01-01-4904";;"GM";"7";"GM - Grup Üyesi";;;"CUSTOMER_TARGET_MISSING"
"41111";"111497";"01-01-6466";;"GM";"7";"GM - Grup Üyesi";;;"CUSTOMER_TARGET_MISSING"
"41117";"37803";"01-01-19045";;"GM";"7";"GM - Grup Üyesi";;;"CUSTOMER_TARGET_MISSING"
"41118";"37886";"01-01-D9315";;"GM";"7";"GM - Grup Üyesi";;;"CUSTOMER_TARGET_MISSING"
"41119";"57489";"01-01-0111941";;"GM";"7";"GM - Grup Üyesi";;;"CUSTOMER_TARGET_MISSING"
"41197";"35622";"01-01-13374";;"GM";"7";"GM - Grup Üyesi";;;"CUSTOMER_TARGET_MISSING"
"41227";"36180";"01-01-4658";;"GM";"7";"GM - Grup Üyesi";;;"CUSTOMER_TARGET_MISSING"
"41251";"110508";"~01-01-4685";;"GM";"7";"GM - Grup Üyesi";;;"CUSTOMER_TARGET_MISSING"
"41288";"37325";"01-01-7795";;"GM";"7";"GM - Grup Üyesi";;;"CUSTOMER_TARGET_MISSING"
"41311";"36250";"01-01-14861";;"GM";"7";"GM - Grup Üyesi";;;"CUSTOMER_TARGET_MISSING"
"41312";"36251";"01-01-14862";;"GM";"7";"GM - Grup Üyesi";;;"CUSTOMER_TARGET_MISSING"
"41323";"33989";"01-01-0063";;"GM";"7";"GM - Grup Üyesi";;;"CUSTOMER_TARGET_MISSING"
"41324";"33992";"01-01-0070";;"GM";"7";"GM - Grup Üyesi";;;"CUSTOMER_TARGET_MISSING"
"41332";"37615";"01-01-8517";;"GM";"7";"GM - Grup Üyesi";;;"CUSTOMER_TARGET_MISSING"
"41334";"37849";"01-01-9207";;"GM";"7";"GM - Grup Üyesi";;;"CUSTOMER_TARGET_MISSING"
"41336";"37936";"01-01-9522";;"GM";"7";"GM - Grup Üyesi";;;"CUSTOMER_TARGET_MISSING"
"41344";"36550";"01-01-5847";;"GM";"7";"GM - Grup Üyesi";;;"CUSTOMER_TARGET_MISSING"
"41345";"36791";"01-01-6415";;"GM";"7";"GM - Grup Üyesi";;;"CUSTOMER_TARGET_MISSING"
"41346";"37066";"01-01-7194";;"GM";"7";"GM - Grup Üyesi";;;"CUSTOMER_TARGET_MISSING"
"41348";"37572";"01-01-8394";;"GM";"7";"GM - Grup Üyesi";;;"CUSTOMER_TARGET_MISSING"
"41350";"38123";"01-01-9956";;"GM";"7";"GM - Grup Üyesi";;;"CUSTOMER_TARGET_MISSING"
"41352";"38130";"01-01-9969";;"GM";"7";"GM - Grup Üyesi";;;"CUSTOMER_TARGET_MISSING"
"41360";"37616";"01-01-8518";;"GM";"7";"GM - Grup Üyesi";;;"CUSTOMER_TARGET_MISSING"
"41361";"37897";"01-01-9354";;"GM";"7";"GM - Grup Üyesi";;;"CUSTOMER_TARGET_MISSING"
"41377";"81636";"01-01-8116";;"GM";"7";"GM - Grup Üyesi";;;"CUSTOMER_TARGET_MISSING"
"41379";"86209";"01-01-8414";;"GM";"7";"GM - Grup Üyesi";;;"CUSTOMER_TARGET_MISSING"
"41400";"35741";"01-01-13696";;"GM";"7";"GM - Grup Üyesi";;;"CUSTOMER_TARGET_MISSING"
"41407";"37319";"01-01-7779";;"GM";"7";"GM - Grup Üyesi";;;"CUSTOMER_TARGET_MISSING"
"41411";"36540";"01-01-5822";;"GM";"7";"GM - Grup Üyesi";;;"CUSTOMER_TARGET_MISSING"
"41414";"37144";"01-01-7400";;"GM";"7";"GM - Grup Üyesi";;;"CUSTOMER_TARGET_MISSING"
"41420";"90192";"01-01-008910";;"GM";"7";"GM - Grup Üyesi";;;"CUSTOMER_TARGET_MISSING"
"41432";"36735";"01-01-6290";;"GM";"7";"GM - Grup Üyesi";;;"CUSTOMER_TARGET_MISSING"
"41433";"36770";"01-01-6366";;"GM";"7";"GM - Grup Üyesi";;;"CUSTOMER_TARGET_MISSING"
"41438";"36737";"01-01-6300";;"GM";"7";"GM - Grup Üyesi";;;"CUSTOMER_TARGET_MISSING"
"41452";"86534";"01-01-8460";;"GM";"7";"GM - Grup Üyesi";;;"CUSTOMER_TARGET_MISSING"
"41453";"90452";"01-01-8673";;"GM";"7";"GM - Grup Üyesi";;;"CUSTOMER_TARGET_MISSING"
"41457";"36778";"01-01-6382";;"GM";"7";"GM - Grup Üyesi";;;"CUSTOMER_TARGET_MISSING"
"41458";"37322";"01-01-7788";;"GM";"7";"GM - Grup Üyesi";;;"CUSTOMER_TARGET_MISSING"
"41459";"37540";"01-01-8299";;"GM";"7";"GM - Grup Üyesi";;;"CUSTOMER_TARGET_MISSING"
"41465";"33976";"01-01-003925";;"GM";"7";"GM - Grup Üyesi";;;"CUSTOMER_TARGET_MISSING"
"41468";"35210";"01-03-1982";;"GM";"7";"GM - Grup Üyesi";;;"CUSTOMER_TARGET_MISSING"
"41471";"38055";"01-01-9822";;"GM";"7";"GM - Grup Üyesi";;;"CUSTOMER_TARGET_MISSING"
"41473";"82202";"01-01-8170";;"GM";"7";"GM - Grup Üyesi";;;"CUSTOMER_TARGET_MISSING"
"41496";"126297";"01-01-4500";;"GM";"7";"GM - Grup Üyesi";;;"CUSTOMER_TARGET_MISSING"
"41951";"37650";"01-01-8635";;"GM";"7";"GM - Grup Üyesi";;;"CUSTOMER_TARGET_MISSING"
"41952";"37740";"01-01-8831";;"GM";"7";"GM - Grup Üyesi";;;"CUSTOMER_TARGET_MISSING"
"41957";"37312";"01-01-7763";;"GM";"7";"GM - Grup Üyesi";;;"CUSTOMER_TARGET_MISSING"
"41970";"37277";"01-01-7697";;"GM";"7";"GM - Grup Üyesi";;;"CUSTOMER_TARGET_MISSING"
"41997";"37033";"01-01-7124";;"GM";"7";"GM - Grup Üyesi";;;"CUSTOMER_TARGET_MISSING"
"42001";"37037";"Temp_01-01-7130";;"GM";"7";"GM - Grup Üyesi";;;"CUSTOMER_TARGET_MISSING"
"42018";"37013";"01-01-7082";;"GM";"7";"GM - Grup Üyesi";;;"CUSTOMER_TARGET_MISSING"
"42019";"37014";"01-01-7084";;"GM";"7";"GM - Grup Üyesi";;;"CUSTOMER_TARGET_MISSING"
"42035";"35870";"01-01-14022";;"GM";"7";"GM - Grup Üyesi";;;"CUSTOMER_TARGET_MISSING"
"42039";"34719";"01-01-011005";;"GM";"7";"GM - Grup Üyesi";;;"CUSTOMER_TARGET_MISSING"
"42043";"37442";"01-01-8153";;"GM";"7";"GM - Grup Üyesi";;;"CUSTOMER_TARGET_MISSING"
"42056";"37682";"01-01-8715";;"GM";"7";"GM - Grup Üyesi";;;"CUSTOMER_TARGET_MISSING"
"42063";"33963";"01-01-0020";;"GM";"7";"GM - Grup Üyesi";;;"CUSTOMER_TARGET_MISSING"
"42064";"33978";"01-01-004129";;"GM";"7";"GM - Grup Üyesi";;;"CUSTOMER_TARGET_MISSING"
"42073";"35711";"01-01-13607";;"GM";"7";"GM - Grup Üyesi";;;"CUSTOMER_TARGET_MISSING"
"42075";"35923";"01-01-14133";;"GM";"7";"GM - Grup Üyesi";;;"CUSTOMER_TARGET_MISSING"
"42076";"36948";"01-01-6919";;"GM";"7";"GM - Grup Üyesi";;;"CUSTOMER_TARGET_MISSING"
"42082";"37348";"01-01-7855";;"GM";"7";"GM - Grup Üyesi";;;"CUSTOMER_TARGET_MISSING"
"42086";"87617";"01-02-1439";;"GM";"7";"GM - Grup Üyesi";;;"CUSTOMER_TARGET_MISSING"
"42087";"87676";"01-01-8573";;"GM";"7";"GM - Grup Üyesi";;;"CUSTOMER_TARGET_MISSING"
"42088";"94537";"01-02-1457";;"GM";"7";"GM - Grup Üyesi";;;"CUSTOMER_TARGET_MISSING"
"42094";"37567";"01-01-8379";;"GM";"7";"GM - Grup Üyesi";;;"CUSTOMER_TARGET_MISSING"
"42096";"37575";"01-01-8397";;"GM";"7";"GM - Grup Üyesi";;;"CUSTOMER_TARGET_MISSING"
"42100";"33975";"01-01-003807";;"GM";"7";"GM - Grup Üyesi";;;"CUSTOMER_TARGET_MISSING"
"42105";"35034";"01-01-0958";;"GM";"7";"GM - Grup Üyesi";;;"CUSTOMER_TARGET_MISSING"
"42134";"37705";"01-01-8752";;"GM";"7";"GM - Grup Üyesi";;;"CUSTOMER_TARGET_MISSING"
"42137";"37693";"01-01-8736";;"GM";"7";"GM - Grup Üyesi";;;"CUSTOMER_TARGET_MISSING"
"42140";"37698";"01-01-8743";;"GM";"7";"GM - Grup Üyesi";;;"CUSTOMER_TARGET_MISSING"
"42147";"37691";"01-01-8729";;"GM";"7";"GM - Grup Üyesi";;;"CUSTOMER_TARGET_MISSING"
"42152";"37681";"01-01-8713";;"GM";"7";"GM - Grup Üyesi";;;"CUSTOMER_TARGET_MISSING"
"42155";"37664";"01-01-8672";;"GM";"7";"GM - Grup Üyesi";;;"CUSTOMER_TARGET_MISSING"
"42156";"37665";"01-01-8674";;"GM";"7";"GM - Grup Üyesi";;;"CUSTOMER_TARGET_MISSING"
"42170";"37648";"01-01-8633";;"GM";"7";"GM - Grup Üyesi";;;"CUSTOMER_TARGET_MISSING"
"42175";"36748";"01-01-6326";;"GM";"7";"GM - Grup Üyesi";;;"CUSTOMER_TARGET_MISSING"
"42179";"36218";"01-01-4773";;"GM";"7";"GM - Grup Üyesi";;;"CUSTOMER_TARGET_MISSING"
"42182";"36435";"01-01-5367";;"GM";"7";"GM - Grup Üyesi";;;"CUSTOMER_TARGET_MISSING"
"42187";"35823";"01-01-3893";;"GM";"7";"GM - Grup Üyesi";;;"CUSTOMER_TARGET_MISSING"
"42199";"80148";"01-01-7962";;"GM";"7";"GM - Grup Üyesi";;;"CUSTOMER_TARGET_MISSING"
"42201";"95939";"01-01-9409";;"GM";"7";"GM - Grup Üyesi";;;"CUSTOMER_TARGET_MISSING"
"42202";"96262";"01-01-009409";;"GM";"7";"GM - Grup Üyesi";;;"CUSTOMER_TARGET_MISSING"
"42208";"79957";"01-01-7920";;"GM";"7";"GM - Grup Üyesi";;;"CUSTOMER_TARGET_MISSING"
"42232";"35462";"01-01-2933";;"GM";"7";"GM - Grup Üyesi";;;"CUSTOMER_TARGET_MISSING"
"42240";"35737";"01-01-13684";;"GM";"7";"GM - Grup Üyesi";;;"CUSTOMER_TARGET_MISSING"
"42243";"80762";"01-01-8019";;"GM";"7";"GM - Grup Üyesi";;;"CUSTOMER_TARGET_MISSING"
"42258";"36991";"01-01-7031";;"GM";"7";"GM - Grup Üyesi";;;"CUSTOMER_TARGET_MISSING"
"42272";"35794";"01-01-13841";;"GM";"7";"GM - Grup Üyesi";;;"CUSTOMER_TARGET_MISSING"
"42275";"36679";"01-01-6168";;"GM";"7";"GM - Grup Üyesi";;;"CUSTOMER_TARGET_MISSING"
"42290";"34927";"01-01-0249";;"GM";"7";"GM - Grup Üyesi";;;"CUSTOMER_TARGET_MISSING"
"42294";"111668";"01-02-7613";;"GM";"7";"GM - Grup Üyesi";;;"CUSTOMER_TARGET_MISSING"
"42299";"38133";"01-01-9976";;"GM";"7";"GM - Grup Üyesi";;;"CUSTOMER_TARGET_MISSING"
"42303";"37833";"01-01-9157";;"GM";"7";"GM - Grup Üyesi";;;"CUSTOMER_TARGET_MISSING"
"42311";"37439";"01-01-8147";;"GM";"7";"GM - Grup Üyesi";;;"CUSTOMER_TARGET_MISSING"
"42313";"37294";"01-01-7733";;"GM";"7";"GM - Grup Üyesi";;;"CUSTOMER_TARGET_MISSING"
"42318";"37345";"01-01-7849";;"GM";"7";"GM - Grup Üyesi";;;"CUSTOMER_TARGET_MISSING"
"42321";"37233";"01-01-7598";;"GM";"7";"GM - Grup Üyesi";;;"CUSTOMER_TARGET_MISSING"
"42328";"37222";"01-01-7578";;"GM";"7";"GM - Grup Üyesi";;;"CUSTOMER_TARGET_MISSING"
"42331";"37206";"01-01-7543";;"GM";"7";"GM - Grup Üyesi";;;"CUSTOMER_TARGET_MISSING"
"42332";"37207";"01-01-7544";;"GM";"7";"GM - Grup Üyesi";;;"CUSTOMER_TARGET_MISSING"
"42334";"37212";"01-01-7552";;"GM";"7";"GM - Grup Üyesi";;;"CUSTOMER_TARGET_MISSING"
"42335";"37217";"01-01-7562";;"GM";"7";"GM - Grup Üyesi";;;"CUSTOMER_TARGET_MISSING"
"42339";"37200";"01-01-7533";;"GM";"7";"GM - Grup Üyesi";;;"CUSTOMER_TARGET_MISSING"
"42351";"37167";"01-01-7447";;"GM";"7";"GM - Grup Üyesi";;;"CUSTOMER_TARGET_MISSING"
"42361";"36515";"01-01-5744";;"GM";"7";"GM - Grup Üyesi";;;"CUSTOMER_TARGET_MISSING"
"42363";"36759";"01-01-6342";;"GM";"7";"GM - Grup Üyesi";;;"CUSTOMER_TARGET_MISSING"
"42371";"36276";"01-01-4948";;"GM";"7";"GM - Grup Üyesi";;;"CUSTOMER_TARGET_MISSING"
"42373";"35029";"01-01-0800";;"GM";"7";"GM - Grup Üyesi";;;"CUSTOMER_TARGET_MISSING"
"42382";"34891";"01-01-0122";;"GM";"7";"GM - Grup Üyesi";;;"CUSTOMER_TARGET_MISSING"
"42384";"34971";"01-01-0412";;"GM";"7";"GM - Grup Üyesi";;;"CUSTOMER_TARGET_MISSING"
"42385";"34983";"01-01-0463";;"GM";"7";"GM - Grup Üyesi";;;"CUSTOMER_TARGET_MISSING"
"42393";"56606";"01-01-13646";;"GM";"7";"GM - Grup Üyesi";;;"CUSTOMER_TARGET_MISSING"
"42432";"37910";"01-01-9408";;"GM";"7";"GM - Grup Üyesi";;;"CUSTOMER_TARGET_MISSING"
"42443";"82313";"01-01-4674";;"GM";"7";"GM - Grup Üyesi";;;"CUSTOMER_TARGET_MISSING"
"42447";"82313";"01-01-4674";;"GM";"7";"GM - Grup Üyesi";;;"CUSTOMER_TARGET_MISSING"
"42469";"35500";"01-01-3064";;"GM";"7";"GM - Grup Üyesi";;;"CUSTOMER_TARGET_MISSING"
"42492";"34940";"01-01-0274";;"GM";"7";"GM - Grup Üyesi";;;"CUSTOMER_TARGET_MISSING"
"42511";"43873";"01-02-1111";;"GM";"7";"GM - Grup Üyesi";;;"CUSTOMER_TARGET_MISSING"
"42514";"35622";"01-01-13374";;"GM";"7";"GM - Grup Üyesi";;;"CUSTOMER_TARGET_MISSING"
"42515";"37803";"01-01-19045";;"GM";"7";"GM - Grup Üyesi";;;"CUSTOMER_TARGET_MISSING"
"42516";"37886";"01-01-D9315";;"GM";"7";"GM - Grup Üyesi";;;"CUSTOMER_TARGET_MISSING"
"42517";"57489";"01-01-0111941";;"GM";"7";"GM - Grup Üyesi";;;"CUSTOMER_TARGET_MISSING"
"42729";"111497";"01-01-6466";;"GM";"7";"GM - Grup Üyesi";;;"CUSTOMER_TARGET_MISSING"
"42733";"98046";"01-01-1191";;"GM";"7";"GM - Grup Üyesi";;;"CUSTOMER_TARGET_MISSING"
"42738";"94301";"01-01-8970";;"GM";"7";"GM - Grup Üyesi";;;"CUSTOMER_TARGET_MISSING"
"42741";"96794";"01-01-9480";;"GM";"7";"GM - Grup Üyesi";;;"CUSTOMER_TARGET_MISSING"
"42759";"76028";"01-01-7506";;"GM";"7";"GM - Grup Üyesi";;;"CUSTOMER_TARGET_MISSING"
"42796";"73220";"01-01-6135";;"GM";"7";"GM - Grup Üyesi";;;"CUSTOMER_TARGET_MISSING"
"42800";"73224";"01-01-5742";;"GM";"7";"GM - Grup Üyesi";;;"CUSTOMER_TARGET_MISSING"
"42804";"73068";"01-01-5692";;"GM";"7";"GM - Grup Üyesi";;;"CUSTOMER_TARGET_MISSING"
"42808";"73033";"01-01-5877";;"GM";"7";"GM - Grup Üyesi";;;"CUSTOMER_TARGET_MISSING"
"42809";"73034";"01-01-6235";;"GM";"7";"GM - Grup Üyesi";;;"CUSTOMER_TARGET_MISSING"
"42837";"72457";"01-01-6242";;"GM";"7";"GM - Grup Üyesi";;;"CUSTOMER_TARGET_MISSING"
"42838";"71028";"01-01-4793";;"GM";"7";"GM - Grup Üyesi";;;"CUSTOMER_TARGET_MISSING"
"42845";"71023";"01-01-5247";;"GM";"7";"GM - Grup Üyesi";;;"CUSTOMER_TARGET_MISSING"
"42857";"70877";"01-01-4904";;"GM";"7";"GM - Grup Üyesi";;;"CUSTOMER_TARGET_MISSING"
"42865";"70873";"01-01-5137";;"GM";"7";"GM - Grup Üyesi";;;"CUSTOMER_TARGET_MISSING"
"42873";"70869";"01-01-5933";;"GM";"7";"GM - Grup Üyesi";;;"CUSTOMER_TARGET_MISSING"
"42884";"70855";"01-01-5497";;"GM";"7";"GM - Grup Üyesi";;;"CUSTOMER_TARGET_MISSING"
"42886";"70845";"01-01-4762";;"GM";"7";"GM - Grup Üyesi";;;"CUSTOMER_TARGET_MISSING"
"42889";"70848";"01-01-5190";;"GM";"7";"GM - Grup Üyesi";;;"CUSTOMER_TARGET_MISSING"
"42900";"70835";"01-01-5803";;"GM";"7";"GM - Grup Üyesi";;;"CUSTOMER_TARGET_MISSING"
"42902";"70837";"01-01-5997";;"GM";"7";"GM - Grup Üyesi";;;"CUSTOMER_TARGET_MISSING"
"42911";"70822";"01-01-6708";;"GM";"7";"GM - Grup Üyesi";;;"CUSTOMER_TARGET_MISSING"
"42913";"70824";"01-01-5128";;"GM";"7";"GM - Grup Üyesi";;;"CUSTOMER_TARGET_MISSING"
"42917";"70816";"01-01-5354";;"GM";"7";"GM - Grup Üyesi";;;"CUSTOMER_TARGET_MISSING"
"42940";"70791";"01-01-4944";;"GM";"7";"GM - Grup Üyesi";;;"CUSTOMER_TARGET_MISSING"
"42952";"70779";"01-01-5126";;"GM";"7";"GM - Grup Üyesi";;;"CUSTOMER_TARGET_MISSING"
"42962";"70777";"01-01-5905";;"GM";"7";"GM - Grup Üyesi";;;"CUSTOMER_TARGET_MISSING"
"42965";"70768";"01-01-5328";;"GM";"7";"GM - Grup Üyesi";;;"CUSTOMER_TARGET_MISSING"
"42968";"70771";"01-01-4899";;"GM";"7";"GM - Grup Üyesi";;;"CUSTOMER_TARGET_MISSING"
"42969";"70772";"01-01-4570";;"GM";"7";"GM - Grup Üyesi";;;"CUSTOMER_TARGET_MISSING"
"42982";"70749";"01-01-6060";;"GM";"7";"GM - Grup Üyesi";;;"CUSTOMER_TARGET_MISSING"
"42984";"70751";"01-01-5490";;"GM";"7";"GM - Grup Üyesi";;;"CUSTOMER_TARGET_MISSING"
"42986";"70753";"01-01-6009";;"GM";"7";"GM - Grup Üyesi";;;"CUSTOMER_TARGET_MISSING"
"42996";"127606";"01-01-5751";;"GM";"7";"GM - Grup Üyesi";;;"CUSTOMER_TARGET_MISSING"
"430";"2546";"01-01-000756";;"N";"4";"N - Bireysel";;;"CUSTOMER_TARGET_MISSING"
"43041";"130310";"01-01-0926";;"GM";"7";"GM - Grup Üyesi";;;"CUSTOMER_TARGET_MISSING"
"43052";"130742";"01-01-5805";;"GM";"7";"GM - Grup Üyesi";;;"CUSTOMER_TARGET_MISSING"
"43067";"131126";"01-01-6001";;"GM";"7";"GM - Grup Üyesi";;;"CUSTOMER_TARGET_MISSING"
"43081";"95218";"01-01-009346";;"N";"4";"N - Bireysel";;;"CUSTOMER_TARGET_MISSING"
"44112";"132890";"01-01-001252";;"GM";"7";"GM - Grup Üyesi";;;"CUSTOMER_TARGET_MISSING"
"44113";"132891";"01-01-001254";;"GM";"7";"GM - Grup Üyesi";;;"CUSTOMER_TARGET_MISSING"
"44115";"132893";"01-01-001253";;"GM";"7";"GM - Grup Üyesi";;;"CUSTOMER_TARGET_MISSING"
"44116";"132894";"01-01-001251";;"GM";"7";"GM - Grup Üyesi";;;"CUSTOMER_TARGET_MISSING"
"44158";"133642";"01-01-001283";;"GM";"7";"GM - Grup Üyesi";;;"CUSTOMER_TARGET_MISSING"
"44162";"133550";"01-01-001261";;"GM";"7";"GM - Grup Üyesi";;;"CUSTOMER_TARGET_MISSING"
"44163";"133551";"01-01-001260";;"GM";"7";"GM - Grup Üyesi";;;"CUSTOMER_TARGET_MISSING"
"44164";"133552";"01-01-001262";;"GM";"7";"GM - Grup Üyesi";;;"CUSTOMER_TARGET_MISSING"
"44165";"133553";"01-01-001263";;"GM";"7";"GM - Grup Üyesi";;;"CUSTOMER_TARGET_MISSING"
"44166";"133602";"01-01-001265";;"GM";"7";"GM - Grup Üyesi";;;"CUSTOMER_TARGET_MISSING"
"44167";"133603";"01-01-001266";;"GM";"7";"GM - Grup Üyesi";;;"CUSTOMER_TARGET_MISSING"
"44168";"133604";"01-01-001264";;"GM";"7";"GM - Grup Üyesi";;;"CUSTOMER_TARGET_MISSING"
"44169";"133638";"01-01-001269";;"GM";"7";"GM - Grup Üyesi";;;"CUSTOMER_TARGET_MISSING"
"44170";"133639";"01-01-001270";;"GM";"7";"GM - Grup Üyesi";;;"CUSTOMER_TARGET_MISSING"
"44171";"133640";"01-01-001267";;"GM";"7";"GM - Grup Üyesi";;;"CUSTOMER_TARGET_MISSING"
"44172";"133641";"01-01-001268";;"GM";"7";"GM - Grup Üyesi";;;"CUSTOMER_TARGET_MISSING"
"44173";"133605";"01-01-001272";;"GM";"7";"GM - Grup Üyesi";;;"CUSTOMER_TARGET_MISSING"
"44174";"133606";"01-01-001273";;"GM";"7";"GM - Grup Üyesi";;;"CUSTOMER_TARGET_MISSING"
"44175";"133607";"01-01-001271";;"GM";"7";"GM - Grup Üyesi";;;"CUSTOMER_TARGET_MISSING"
"44177";"133609";"01-01-001278";;"GM";"7";"GM - Grup Üyesi";;;"CUSTOMER_TARGET_MISSING"
"44179";"133512";"01-01-001277";;"GM";"7";"GM - Grup Üyesi";;;"CUSTOMER_TARGET_MISSING"
"44180";"133513";"01-01-001275";;"GM";"7";"GM - Grup Üyesi";;;"CUSTOMER_TARGET_MISSING"
"44181";"133514";"01-01-001274";;"GM";"7";"GM - Grup Üyesi";;;"CUSTOMER_TARGET_MISSING"
"44182";"133515";"01-01-001276";;"GM";"7";"GM - Grup Üyesi";;;"CUSTOMER_TARGET_MISSING"
"44183";"133554";"01-01-001281";;"GM";"7";"GM - Grup Üyesi";;;"CUSTOMER_TARGET_MISSING"
"44185";"133611";"01-01-001287";;"GM";"7";"GM - Grup Üyesi";;;"CUSTOMER_TARGET_MISSING"
"44190";"133556";"01-01-001292";;"GM";"7";"GM - Grup Üyesi";;;"CUSTOMER_TARGET_MISSING"
"44191";"133557";"01-01-001293";;"GM";"7";"GM - Grup Üyesi";;;"CUSTOMER_TARGET_MISSING"
"44192";"133613";"01-01-001294";;"GM";"7";"GM - Grup Üyesi";;;"CUSTOMER_TARGET_MISSING"
"44193";"133614";"01-01-001296";;"GM";"7";"GM - Grup Üyesi";;;"CUSTOMER_TARGET_MISSING"
"44194";"133615";"01-01-001295";;"GM";"7";"GM - Grup Üyesi";;;"CUSTOMER_TARGET_MISSING"
"44195";"133558";"01-01-001299";;"GM";"7";"GM - Grup Üyesi";;;"CUSTOMER_TARGET_MISSING"
"44196";"133559";"01-01-001300";;"GM";"7";"GM - Grup Üyesi";;;"CUSTOMER_TARGET_MISSING"
"44197";"133560";"01-01-001297";;"GM";"7";"GM - Grup Üyesi";;;"CUSTOMER_TARGET_MISSING"
"44198";"133561";"01-01-001298";;"GM";"7";"GM - Grup Üyesi";;;"CUSTOMER_TARGET_MISSING"
"44201";"133562";"01-01-001303";;"GM";"7";"GM - Grup Üyesi";;;"CUSTOMER_TARGET_MISSING"
"44203";"133564";"01-01-001306";;"GM";"7";"GM - Grup Üyesi";;;"CUSTOMER_TARGET_MISSING"
"44204";"133565";"01-01-001305";;"GM";"7";"GM - Grup Üyesi";;;"CUSTOMER_TARGET_MISSING"
"44205";"133566";"01-01-001308";;"GM";"7";"GM - Grup Üyesi";;;"CUSTOMER_TARGET_MISSING"
"44206";"133567";"01-01-001309";;"GM";"7";"GM - Grup Üyesi";;;"CUSTOMER_TARGET_MISSING"
"44207";"133568";"01-01-001311";;"GM";"7";"GM - Grup Üyesi";;;"CUSTOMER_TARGET_MISSING"
"44208";"133569";"01-01-001310";;"GM";"7";"GM - Grup Üyesi";;;"CUSTOMER_TARGET_MISSING"
"44210";"133571";"01-01-001312";;"GM";"7";"GM - Grup Üyesi";;;"CUSTOMER_TARGET_MISSING"
"44211";"133572";"01-01-001314";;"GM";"7";"GM - Grup Üyesi";;;"CUSTOMER_TARGET_MISSING"
"44212";"133516";"01-01-001317";;"GM";"7";"GM - Grup Üyesi";;;"CUSTOMER_TARGET_MISSING"
"44213";"133517";"01-01-001315";;"GM";"7";"GM - Grup Üyesi";;;"CUSTOMER_TARGET_MISSING"
"44214";"133518";"01-01-001316";;"GM";"7";"GM - Grup Üyesi";;;"CUSTOMER_TARGET_MISSING"
"44216";"133520";"01-01-001319";;"GM";"7";"GM - Grup Üyesi";;;"CUSTOMER_TARGET_MISSING"
"44217";"133521";"01-01-001318";;"GM";"7";"GM - Grup Üyesi";;;"CUSTOMER_TARGET_MISSING"
"44219";"133523";"01-01-001322";;"GM";"7";"GM - Grup Üyesi";;;"CUSTOMER_TARGET_MISSING"
"44220";"133524";"01-01-001321";;"GM";"7";"GM - Grup Üyesi";;;"CUSTOMER_TARGET_MISSING"
"44221";"133616";"01-01-001324";;"GM";"7";"GM - Grup Üyesi";;;"CUSTOMER_TARGET_MISSING"
"44222";"133617";"01-01-001323";;"GM";"7";"GM - Grup Üyesi";;;"CUSTOMER_TARGET_MISSING"
"44223";"133618";"01-01-001327";;"GM";"7";"GM - Grup Üyesi";;;"CUSTOMER_TARGET_MISSING"
"44224";"133619";"01-01-001325";;"GM";"7";"GM - Grup Üyesi";;;"CUSTOMER_TARGET_MISSING"
"44225";"133620";"01-01-001328";;"GM";"7";"GM - Grup Üyesi";;;"CUSTOMER_TARGET_MISSING"
"44226";"133621";"01-01-001326";;"GM";"7";"GM - Grup Üyesi";;;"CUSTOMER_TARGET_MISSING"
"44227";"133622";"01-01-001329";;"GM";"7";"GM - Grup Üyesi";;;"CUSTOMER_TARGET_MISSING"
"44228";"133623";"01-01-001331";;"GM";"7";"GM - Grup Üyesi";;;"CUSTOMER_TARGET_MISSING"
"44229";"133624";"01-01-001332";;"GM";"7";"GM - Grup Üyesi";;;"CUSTOMER_TARGET_MISSING"
"44230";"133625";"01-01-001330";;"GM";"7";"GM - Grup Üyesi";;;"CUSTOMER_TARGET_MISSING"
"44231";"133525";"01-01-001335";;"GM";"7";"GM - Grup Üyesi";;;"CUSTOMER_TARGET_MISSING"
"44232";"133526";"01-01-001334";;"GM";"7";"GM - Grup Üyesi";;;"CUSTOMER_TARGET_MISSING"
"44233";"133527";"01-01-001336";;"GM";"7";"GM - Grup Üyesi";;;"CUSTOMER_TARGET_MISSING"
"44234";"133528";"01-01-001333";;"GM";"7";"GM - Grup Üyesi";;;"CUSTOMER_TARGET_MISSING"
"44235";"133626";"01-01-001338";;"GM";"7";"GM - Grup Üyesi";;;"CUSTOMER_TARGET_MISSING"
"44236";"133627";"01-01-001337";;"GM";"7";"GM - Grup Üyesi";;;"CUSTOMER_TARGET_MISSING"
"44263";"132928";"01-01-001256";;"GM";"7";"GM - Grup Üyesi";;;"CUSTOMER_TARGET_MISSING"
"44264";"132945";"01-01-001258";;"GM";"7";"GM - Grup Üyesi";;;"CUSTOMER_TARGET_MISSING"
"44265";"133601";"01-01-001399";;"GM";"7";"GM - Grup Üyesi";;;"CUSTOMER_TARGET_MISSING"
"44266";"133597";"01-01-001397";;"GM";"7";"GM - Grup Üyesi";;;"CUSTOMER_TARGET_MISSING"
"44267";"133549";"01-01-001393";;"GM";"7";"GM - Grup Üyesi";;;"CUSTOMER_TARGET_MISSING"
"44268";"133637";"01-01-001391";;"GM";"7";"GM - Grup Üyesi";;;"CUSTOMER_TARGET_MISSING"
"44269";"133596";"01-01-001388";;"GM";"7";"GM - Grup Üyesi";;;"CUSTOMER_TARGET_MISSING"
"44270";"133593";"01-01-001386";;"GM";"7";"GM - Grup Üyesi";;;"CUSTOMER_TARGET_MISSING"
"44271";"133591";"01-01-001384";;"GM";"7";"GM - Grup Üyesi";;;"CUSTOMER_TARGET_MISSING"
"44272";"133588";"01-01-001381";;"GM";"7";"GM - Grup Üyesi";;;"CUSTOMER_TARGET_MISSING"
"44274";"133586";"01-01-001375";;"GM";"7";"GM - Grup Üyesi";;;"CUSTOMER_TARGET_MISSING"
"44275";"133635";"01-01-001372";;"GM";"7";"GM - Grup Üyesi";;;"CUSTOMER_TARGET_MISSING"
"44276";"133631";"01-01-001369";;"GM";"7";"GM - Grup Üyesi";;;"CUSTOMER_TARGET_MISSING"
"44277";"133541";"01-01-001365";;"GM";"7";"GM - Grup Üyesi";;;"CUSTOMER_TARGET_MISSING"
"44278";"133536";"01-01-001361";;"GM";"7";"GM - Grup Üyesi";;;"CUSTOMER_TARGET_MISSING"
"44279";"133583";"01-01-001358";;"GM";"7";"GM - Grup Üyesi";;;"CUSTOMER_TARGET_MISSING"
"44280";"133532";"01-01-001353";;"GM";"7";"GM - Grup Üyesi";;;"CUSTOMER_TARGET_MISSING"
"44284";"133628";"01-01-001348";;"GM";"7";"GM - Grup Üyesi";;;"CUSTOMER_TARGET_MISSING"
"44285";"133629";"01-01-001347";;"GM";"7";"GM - Grup Üyesi";;;"CUSTOMER_TARGET_MISSING"
"44290";"133575";"01-01-001344";;"GM";"7";"GM - Grup Üyesi";;;"CUSTOMER_TARGET_MISSING"
"44291";"133576";"01-01-001346";;"GM";"7";"GM - Grup Üyesi";;;"CUSTOMER_TARGET_MISSING"
"44292";"133577";"01-01-001345";;"GM";"7";"GM - Grup Üyesi";;;"CUSTOMER_TARGET_MISSING"
"44293";"133651";"01-01-001342";;"GM";"7";"GM - Grup Üyesi";;;"CUSTOMER_TARGET_MISSING"
"44294";"133652";"01-01-001341";;"GM";"7";"GM - Grup Üyesi";;;"CUSTOMER_TARGET_MISSING"
"44296";"133573";"01-01-001340";;"GM";"7";"GM - Grup Üyesi";;;"CUSTOMER_TARGET_MISSING"
"44297";"133574";"01-01-001339";;"GM";"7";"GM - Grup Üyesi";;;"CUSTOMER_TARGET_MISSING"
"44303";"135306";"01-01-7262";;"GM";"7";"GM - Grup Üyesi";;;"CUSTOMER_TARGET_MISSING"
"44317";"136493";"01-01-7301";;"GM";"7";"GM - Grup Üyesi";;;"CUSTOMER_TARGET_MISSING"
"44341";"121556";"01-01-008732";;"N";"4";"N - Bireysel";;;"CUSTOMER_TARGET_MISSING"
"44344";"138055";"01-01-7721";;"GM";"7";"GM - Grup Üyesi";;;"CUSTOMER_TARGET_MISSING"
"44350";"136519";"01-02-1664";;"N";"4";"N - Bireysel";;;"CUSTOMER_TARGET_MISSING"
"44351";"136519";"01-02-1664";;"N";"4";"N - Bireysel";;;"CUSTOMER_TARGET_MISSING"
"44361";"138472";"01-01-8105";;"GM";"7";"GM - Grup Üyesi";;;"CUSTOMER_TARGET_MISSING"
"44370";"138818";"01-01-8561";;"GM";"7";"GM - Grup Üyesi";;;"CUSTOMER_TARGET_MISSING"
"44376";"139161";"01-01-1450";;"GM";"7";"GM - Grup Üyesi";;;"CUSTOMER_TARGET_MISSING"
"44377";"139217";"~01-01-0792";;"GM";"7";"GM - Grup Üyesi";;;"CUSTOMER_TARGET_MISSING"
"44378";"139290";"01-01-1502";;"GM";"7";"GM - Grup Üyesi";;;"CUSTOMER_TARGET_MISSING"
"44393";"140330";"Temp_01-01-7304";;"GM";"7";"GM - Grup Üyesi";;;"CUSTOMER_TARGET_MISSING"
"44406";"140909";"01-01-8839";;"GM";"7";"GM - Grup Üyesi";;;"CUSTOMER_TARGET_MISSING"
"44407";"140910";"01-01-8867";;"GM";"7";"GM - Grup Üyesi";;;"CUSTOMER_TARGET_MISSING"
"44409";"140966";"01-01-9318";;"GM";"7";"GM - Grup Üyesi";;;"CUSTOMER_TARGET_MISSING"
"44444";"142185";"01-01-9721";;"GM";"7";"GM - Grup Üyesi";;;"CUSTOMER_TARGET_MISSING"
"44448";"142795";"~~01-01-9790";;"GM";"7";"GM - Grup Üyesi";;;"CUSTOMER_TARGET_MISSING"
"44453";"278";"01-01-8049";;"N";"4";"N - Bireysel";;;"CUSTOMER_TARGET_MISSING"
"44455";"144336";"01-01-1259";;"GM";"7";"GM - Grup Üyesi";;;"CUSTOMER_TARGET_MISSING"
"44459";"35082";"01-01-1294";;"GM";"7";"GM - Grup Üyesi";;;"CUSTOMER_TARGET_MISSING"
"44460";"144710";"01-01-1357";;"GM";"7";"GM - Grup Üyesi";;;"CUSTOMER_TARGET_MISSING"
"44468";"35155";"01-01-1742";;"GM";"7";"GM - Grup Üyesi";;;"CUSTOMER_TARGET_MISSING"
"44475";"35164";"01-01-1797";;"GM";"7";"GM - Grup Üyesi";;;"CUSTOMER_TARGET_MISSING"
"44536";"83229";"01-01-1136";;"GM";"7";"GM - Grup Üyesi";;;"CUSTOMER_TARGET_MISSING"
"44577";"166597";"01-01-2717";;"GM";"7";"GM - Grup Üyesi";;;"CUSTOMER_TARGET_MISSING"
"44583";"166885";"01-01-3996";;"GM";"7";"GM - Grup Üyesi";;;"CUSTOMER_TARGET_MISSING"
"44584";"167075";"01-01-4125";;"GM";"7";"GM - Grup Üyesi";;;"CUSTOMER_TARGET_MISSING"
"44585";"167512";"01-01-4151";;"GM";"7";"GM - Grup Üyesi";;;"CUSTOMER_TARGET_MISSING"
"44590";"167660";"~~01-01-4213";;"GM";"7";"GM - Grup Üyesi";;;"CUSTOMER_TARGET_MISSING"
"44598";"168110";"01-01-4554";;"GM";"7";"GM - Grup Üyesi";;;"CUSTOMER_TARGET_MISSING"
"44605";"168580";"01-01-4844";;"GM";"7";"GM - Grup Üyesi";;;"CUSTOMER_TARGET_MISSING"
"44607";"168712";"01-01-4852";;"GM";"7";"GM - Grup Üyesi";;;"CUSTOMER_TARGET_MISSING"
"44625";"169452";"01-01-5787";;"GM";"7";"GM - Grup Üyesi";;;"CUSTOMER_TARGET_MISSING"
"44639";"170055";"01-01-6149";;"GM";"7";"GM - Grup Üyesi";;;"CUSTOMER_TARGET_MISSING"
"44669";"172142";"01-01-7319";;"GM";"7";"GM - Grup Üyesi";;;"CUSTOMER_TARGET_MISSING"
"44683";"172782";"01-01-8181";;"GM";"7";"GM - Grup Üyesi";;;"CUSTOMER_TARGET_MISSING"
"44686";"173023";"01-01-8487";;"GM";"7";"GM - Grup Üyesi";;;"CUSTOMER_TARGET_MISSING"
"44696";"173396";"01-01-8647";;"GM";"7";"GM - Grup Üyesi";;;"CUSTOMER_TARGET_MISSING"
"44707";"173900";"01-01-8723";;"GM";"7";"GM - Grup Üyesi";;;"CUSTOMER_TARGET_MISSING"
"44708";"174014";"01-01-8929";;"GM";"7";"GM - Grup Üyesi";;;"CUSTOMER_TARGET_MISSING"
"44709";"174015";"01-01-8949";;"GM";"7";"GM - Grup Üyesi";;;"CUSTOMER_TARGET_MISSING"
"44713";"174157";"01-01-9000";;"GM";"7";"GM - Grup Üyesi";;;"CUSTOMER_TARGET_MISSING"
"44723";"176024";"01-01-9506";;"GM";"7";"GM - Grup Üyesi";;;"CUSTOMER_TARGET_MISSING"
"44727";"176210";"01-01-9722";;"GM";"7";"GM - Grup Üyesi";;;"CUSTOMER_TARGET_MISSING"
"44734";"176368";"01-01-9825";;"GM";"7";"GM - Grup Üyesi";;;"CUSTOMER_TARGET_MISSING"
"44762";"34943";"01-01-0279";;"GM";"7";"GM - Grup Üyesi";;;"CUSTOMER_TARGET_MISSING"
"44772";"2519";"01-02-003681";;"N";"4";"N - Bireysel";;;"CUSTOMER_TARGET_MISSING"
"44778";"186797";"01-01-0355";;"GM";"7";"GM - Grup Üyesi";;;"CUSTOMER_TARGET_MISSING"
"44780";"187204";"01-01-0384";;"GM";"7";"GM - Grup Üyesi";;;"CUSTOMER_TARGET_MISSING"
"44782";"187232";"01-01-0407";;"GM";"7";"GM - Grup Üyesi";;;"CUSTOMER_TARGET_MISSING"
"44784";"187472";"01-01-0455";;"GM";"7";"GM - Grup Üyesi";;;"CUSTOMER_TARGET_MISSING"
"44794";"187083";"01-02-1733";;"N";"4";"N - Bireysel";;;"CUSTOMER_TARGET_MISSING"
"44795";"187083";"01-02-1733";;"N";"4";"N - Bireysel";;;"CUSTOMER_TARGET_MISSING"
"44804";"64871";"01-02-1340";;"N";"4";"N - Bireysel";;;"CUSTOMER_TARGET_MISSING"
"44833";"34976";"01-01-0431";;"GM";"7";"GM - Grup Üyesi";;;"CUSTOMER_TARGET_MISSING"
"44844";"189982";"01-01-0757";;"GM";"7";"GM - Grup Üyesi";;;"CUSTOMER_TARGET_MISSING"
"44888";"190753";"01-01-2143";;"GM";"7";"GM - Grup Üyesi";;;"CUSTOMER_TARGET_MISSING"
"44896";"191240";"01-01-2809";;"GM";"7";"GM - Grup Üyesi";;;"CUSTOMER_TARGET_MISSING"
"44907";"35472";"01-01-2972";;"GM";"7";"GM - Grup Üyesi";;;"CUSTOMER_TARGET_MISSING"
"44957";"194542";"01-01-4825";;"GM";"7";"GM - Grup Üyesi";;;"CUSTOMER_TARGET_MISSING"
"44961";"36211";"01-01-4741";;"GM";"7";"GM - Grup Üyesi";;;"CUSTOMER_TARGET_MISSING"
"44962";"194613";"01-01-5041";;"GM";"7";"GM - Grup Üyesi";;;"CUSTOMER_TARGET_MISSING"
"44970";"194758";"01-01-5794";;"GM";"7";"GM - Grup Üyesi";;;"CUSTOMER_TARGET_MISSING"
"44975";"36545";"01-01-5836";;"GM";"7";"GM - Grup Üyesi";;;"CUSTOMER_TARGET_MISSING"
"44993";"196425";"~~01-01-1200";;"GM";"7";"GM - Grup Üyesi";;;"CUSTOMER_TARGET_MISSING"
"45";"2415";"01-01-0231";;"GM";"7";"GM - Grup Üyesi";;;"CUSTOMER_TARGET_MISSING"
"45004";"196593";"01-01-4048";;"GM";"7";"GM - Grup Üyesi";;;"CUSTOMER_TARGET_MISSING"
"45012";"197458";"01-01-8583";;"GM";"7";"GM - Grup Üyesi";;;"CUSTOMER_TARGET_MISSING"
"45056";"199402";"01-01-8858";;"GM";"7";"GM - Grup Üyesi";;;"CUSTOMER_TARGET_MISSING"
"45103";"1907";"01-01-9063";;"N";"4";"N - Bireysel";;;"CUSTOMER_TARGET_MISSING"
"45170";"1907";"01-01-9063";;"N";"4";"N - Bireysel";;;"CUSTOMER_TARGET_MISSING"
"458";"2118";"01-05-0814";;"N";"4";"N - Bireysel";;;"CUSTOMER_TARGET_MISSING"
"45820";"212205";"111111-01-9252";;"GM";"7";"GM - Grup Üyesi";;;"CUSTOMER_TARGET_MISSING"
"45864";"214701";"~~011111-01-9252";;"GM";"7";"GM - Grup Üyesi";;;"CUSTOMER_TARGET_MISSING"
"46029";"215592";"~01-01-001398";;"GM";"7";"GM - Grup Üyesi";;;"CUSTOMER_TARGET_MISSING"
"46030";"215593";"~01-01-001397";;"GM";"7";"GM - Grup Üyesi";;;"CUSTOMER_TARGET_MISSING"
"46040";"216026";"01-01-008540";;"GM";"7";"GM - Grup Üyesi";;;"CUSTOMER_TARGET_MISSING"
"46041";"216027";"01-01-007856";;"GM";"7";"GM - Grup Üyesi";;;"CUSTOMER_TARGET_MISSING"
"46042";"216028";"01-01-008044";;"GM";"7";"GM - Grup Üyesi";;;"CUSTOMER_TARGET_MISSING"
"46043";"216030";"~01-01-008540";;"GM";"7";"GM - Grup Üyesi";;;"CUSTOMER_TARGET_MISSING"
"46044";"216031";"~01-01-8044";;"GM";"7";"GM - Grup Üyesi";;;"CUSTOMER_TARGET_MISSING"
"46045";"216032";"~01-01-008044";;"GM";"7";"GM - Grup Üyesi";;;"CUSTOMER_TARGET_MISSING"
"46046";"216033";"~01-01-7856";;"GM";"7";"GM - Grup Üyesi";;;"CUSTOMER_TARGET_MISSING"
"46047";"216034";"~01-01-007856";;"GM";"7";"GM - Grup Üyesi";;;"CUSTOMER_TARGET_MISSING"
"46051";"216087";"~~01-01-8044";;"GM";"7";"GM - Grup Üyesi";;;"CUSTOMER_TARGET_MISSING"
"46052";"216088";"~01-01-8540";;"GM";"7";"GM - Grup Üyesi";;;"CUSTOMER_TARGET_MISSING"
"46053";"216089";"~01-01-8864";;"GM";"7";"GM - Grup Üyesi";;;"CUSTOMER_TARGET_MISSING"
"46054";"216090";"~~01-01-7856";;"GM";"7";"GM - Grup Üyesi";;;"CUSTOMER_TARGET_MISSING"
"46149";"220602";"01-01-001402";;"GM";"7";"GM - Grup Üyesi";;;"CUSTOMER_TARGET_MISSING"
"46263";"220751";"01-05-1674";;"N";"4";"N - Bireysel";;;"CUSTOMER_TARGET_MISSING"
"46264";"220751";"01-05-1674";;"N";"4";"N - Bireysel";;;"CUSTOMER_TARGET_MISSING"
"46301";"219760";"01-01-1301";;"N";"4";"N - Bireysel";;;"CUSTOMER_TARGET_MISSING"
"46302";"219760";"01-01-1301";;"N";"4";"N - Bireysel";;;"CUSTOMER_TARGET_MISSING"
"46361";"224859";"01-01-03763";;"GM";"7";"GM - Grup Üyesi";;;"CUSTOMER_TARGET_MISSING"
"46385";"221347";"01-01-1825";;"N";"4";"N - Bireysel";;;"CUSTOMER_TARGET_MISSING"
"46389";"221347";"01-01-1825";;"N";"4";"N - Bireysel";;;"CUSTOMER_TARGET_MISSING"
"46490";"228866";"01-01-5300";;"GM";"7";"GM - Grup Üyesi";;;"CUSTOMER_TARGET_MISSING"
"47680";"237858";"01-01-5660";;"GM";"7";"GM - Grup Üyesi";;;"CUSTOMER_TARGET_MISSING"
"47683";"237946";"~01-01-5660";;"GM";"7";"GM - Grup Üyesi";;;"CUSTOMER_TARGET_MISSING"
"47761";"240683";"01-01-201101";;"GM";"7";"GM - Grup Üyesi";;;"CUSTOMER_TARGET_MISSING"
"47832";"244212";"~01-01-501403";;"GM";"7";"GM - Grup Üyesi";;;"CUSTOMER_TARGET_MISSING"
"47833";"244213";"~01-01-501404";;"GM";"7";"GM - Grup Üyesi";;;"CUSTOMER_TARGET_MISSING"
"47834";"244214";"~01-01-501405";;"GM";"7";"GM - Grup Üyesi";;;"CUSTOMER_TARGET_MISSING"
"47970";"255061";"01-05-3139";;"N";"4";"N - Bireysel";;;"CUSTOMER_TARGET_MISSING"
"47971";"255061";"01-05-3139";;"N";"4";"N - Bireysel";;;"CUSTOMER_TARGET_MISSING"
"48021";"256295";"01-04-3144";;"N";"4";"N - Bireysel";;;"CUSTOMER_TARGET_MISSING"
"48022";"256295";"01-04-3144";;"N";"4";"N - Bireysel";;;"CUSTOMER_TARGET_MISSING"
"48066";"258363";"01-01-3159";;"GM";"7";"GM - Grup Üyesi";;;"CUSTOMER_TARGET_MISSING"
"48148";"263199";"01-01-3737";;"GM";"7";"GM - Grup Üyesi";;;"CUSTOMER_TARGET_MISSING"
"48178";"265059";"01-01-3181";;"GM";"7";"GM - Grup Üyesi";;;"CUSTOMER_TARGET_MISSING"
"48327";"275061";"~01-01-7960";;"GM";"7";"GM - Grup Üyesi";;;"CUSTOMER_TARGET_MISSING"
"48390";"280745";"~01-05-3251";;"GM";"7";"GM - Grup Üyesi";;;"CUSTOMER_TARGET_MISSING"
"48419";"276136";"~01-01-0077";;"N";"4";"N - Bireysel";;;"CUSTOMER_TARGET_MISSING"
"48420";"276136";"~01-01-0077";;"N";"4";"N - Bireysel";;;"CUSTOMER_TARGET_MISSING"
"48500";"287408";"01-02-7032";;"GM";"7";"GM - Grup Üyesi";;;"CUSTOMER_TARGET_MISSING"
"48538";"289029";"01-01-012913";;"GM";"7";"GM - Grup Üyesi";;;"CUSTOMER_TARGET_MISSING"
"48612";"38144";"01-02-0099";;"N";"4";"N - Bireysel";;;"CUSTOMER_TARGET_MISSING"
"48741";"301435";"01-01-7465";;"N";"4";"N - Bireysel";;;"CUSTOMER_TARGET_MISSING"
"48795";"304210";"01-01-7110";;"GM";"7";"GM - Grup Üyesi";;;"CUSTOMER_TARGET_MISSING"
"48797";"304212";"01-06-7522";;"GM";"7";"GM - Grup Üyesi";;;"CUSTOMER_TARGET_MISSING"
"48813";"304228";"01-01-07181";;"GM";"7";"GM - Grup Üyesi";;;"CUSTOMER_TARGET_MISSING"
"48843";"304260";"01-01-7023";;"GM";"7";"GM - Grup Üyesi";;;"CUSTOMER_TARGET_MISSING"
"48855";"305129";"Temp_01-01-7307";;"GM";"7";"GM - Grup Üyesi";;;"CUSTOMER_TARGET_MISSING"
"48859";"305165";"01-06-0010";;"GM";"7";"GM - Grup Üyesi";;;"CUSTOMER_TARGET_MISSING"
"48895";"306775";"~01-01-7530";;"GM";"7";"GM - Grup Üyesi";;;"CUSTOMER_TARGET_MISSING"
"48953";"310847";"~01-01-7110";;"GM";"7";"GM - Grup Üyesi";;;"CUSTOMER_TARGET_MISSING"
"48954";"311241";"~01-01-7239";;"GM";"7";"GM - Grup Üyesi";;;"CUSTOMER_TARGET_MISSING"
"48957";"311538";"~01-01-6983";;"GM";"7";"GM - Grup Üyesi";;;"CUSTOMER_TARGET_MISSING"
"49066";"319459";"01-01-0461";;"GM";"7";"GM - Grup Üyesi";;;"CUSTOMER_TARGET_MISSING"
"49067";"34989";"01-01-0489";;"GM";"7";"GM - Grup Üyesi";;;"CUSTOMER_TARGET_MISSING"
"49108";"321832";"01-06-9054";;"GM";"7";"GM - Grup Üyesi";;;"CUSTOMER_TARGET_MISSING"
"49109";"321832";"01-06-9054";;"GM";"7";"GM - Grup Üyesi";;;"CUSTOMER_TARGET_MISSING"
"49138";"323385";"01-02-7040";;"GM";"7";"GM - Grup Üyesi";;;"CUSTOMER_TARGET_MISSING"
"49139";"323386";"01-02-7041";;"GM";"7";"GM - Grup Üyesi";;;"CUSTOMER_TARGET_MISSING"
"49143";"122787";"01-01-0565";;"GM";"7";"GM - Grup Üyesi";;;"CUSTOMER_TARGET_MISSING"
"49148";"323872";"01-05-9391";;"GM";"7";"GM - Grup Üyesi";;;"CUSTOMER_TARGET_MISSING"
"49220";"329069";"~01-05-9310";;"GM";"7";"GM - Grup Üyesi";;;"CUSTOMER_TARGET_MISSING"
"49259";"331575";"01-06-7495";;"GM";"7";"GM - Grup Üyesi";;;"CUSTOMER_TARGET_MISSING"
"49262";"331879";"01-05-8684";;"GM";"7";"GM - Grup Üyesi";;;"CUSTOMER_TARGET_MISSING"
"49265";"331924";"01-01-9872";;"N";"4";"N - Bireysel";;;"CUSTOMER_TARGET_MISSING"
"49266";"331924";"01-01-9872";;"N";"4";"N - Bireysel";;;"CUSTOMER_TARGET_MISSING"
"49268";"332054";"01-01-1239";;"GM";"7";"GM - Grup Üyesi";;;"CUSTOMER_TARGET_MISSING"
"49272";"332440";"01-01-9960";;"GM";"7";"GM - Grup Üyesi";;;"CUSTOMER_TARGET_MISSING"
"49273";"332442";"01-06-9960";;"GM";"7";"GM - Grup Üyesi";;;"CUSTOMER_TARGET_MISSING"
"49274";"332586";"01-06-0198";;"GM";"7";"GM - Grup Üyesi";;;"CUSTOMER_TARGET_MISSING"
"49275";"332598";"01-01-9895";;"GM";"7";"GM - Grup Üyesi";;;"CUSTOMER_TARGET_MISSING"
"49276";"332623";"01-06-0199";;"GM";"7";"GM - Grup Üyesi";;;"CUSTOMER_TARGET_MISSING"
"49277";"332819";"01-01-7530";;"N";"4";"N - Bireysel";;;"CUSTOMER_TARGET_MISSING"
"49278";"332822";"01-05-4011";;"N";"4";"N - Bireysel";;;"CUSTOMER_TARGET_MISSING"
"49279";"332822";"01-05-4011";;"N";"4";"N - Bireysel";;;"CUSTOMER_TARGET_MISSING"
"49280";"332970";"01-08-5404";;"N";"4";"N - Bireysel";;;"CUSTOMER_TARGET_MISSING"
"49281";"332984";"01-01-7844";;"GM";"7";"GM - Grup Üyesi";;;"CUSTOMER_TARGET_MISSING"
"49283";"333263";"01-06-8975";;"GM";"7";"GM - Grup Üyesi";;;"CUSTOMER_TARGET_MISSING"
"49285";"333303";"01-05-7062";;"GM";"7";"GM - Grup Üyesi";;;"CUSTOMER_TARGET_MISSING"
"49286";"333315";"01-05-7568";;"N";"4";"N - Bireysel";;;"CUSTOMER_TARGET_MISSING"
"49287";"333315";"01-05-7568";;"N";"4";"N - Bireysel";;;"CUSTOMER_TARGET_MISSING"
"49288";"333436";"01-06-2985";;"GM";"7";"GM - Grup Üyesi";;;"CUSTOMER_TARGET_MISSING"
"49289";"333907";"01-05-6869";;"GM";"7";"GM - Grup Üyesi";;;"CUSTOMER_TARGET_MISSING"
"49290";"333395";"01-01-5723";;"GM";"7";"GM - Grup Üyesi";;;"CUSTOMER_TARGET_MISSING"
"49291";"333395";"01-01-5723";;"GM";"7";"GM - Grup Üyesi";;;"CUSTOMER_TARGET_MISSING"
"49292";"333971";"01-05-6938";;"GM";"7";"GM - Grup Üyesi";;;"CUSTOMER_TARGET_MISSING"
"49293";"334147";"01-06-0200";;"GM";"7";"GM - Grup Üyesi";;;"CUSTOMER_TARGET_MISSING"
"49294";"334148";"01-06-0201";;"GM";"7";"GM - Grup Üyesi";;;"CUSTOMER_TARGET_MISSING"
"49295";"334300";"01-01-7563";;"N";"4";"N - Bireysel";;;"CUSTOMER_TARGET_MISSING"
"49296";"334310";"01-06-6516";;"GM";"7";"GM - Grup Üyesi";;;"CUSTOMER_TARGET_MISSING"
"49297";"334321";"01-06-2384";;"GM";"7";"GM - Grup Üyesi";;;"CUSTOMER_TARGET_MISSING"
"49298";"334381";"01-05-7847";;"GM";"7";"GM - Grup Üyesi";;;"CUSTOMER_TARGET_MISSING"
"49299";"334540";"01-06-3584";;"GM";"7";"GM - Grup Üyesi";;;"CUSTOMER_TARGET_MISSING"
"49300";"334618";"01-05-1201";;"GM";"7";"GM - Grup Üyesi";;;"CUSTOMER_TARGET_MISSING"
"50";"2406";"01-01-0281";;"N";"4";"N - Bireysel";;;"CUSTOMER_TARGET_MISSING"
"5600";"21133";"01-01-2073";;"N";"4";"N - Bireysel";;;"CUSTOMER_TARGET_MISSING"
"574";"2006";"01-01-1034";;"GM";"7";"GM - Grup Üyesi";;;"CUSTOMER_TARGET_MISSING"
"58";"2401";"01-01-0294";;"N";"4";"N - Bireysel";;;"CUSTOMER_TARGET_MISSING"
"59";"2398";"01-01-0299";;"N";"4";"N - Bireysel";;;"CUSTOMER_TARGET_MISSING"
"622";"2542";"01-01-001140";;"N";"4";"N - Bireysel";;;"CUSTOMER_TARGET_MISSING"
"655";"1929";"01-01-1202";;"GM";"7";"GM - Grup Üyesi";;;"CUSTOMER_TARGET_MISSING"
"6601";"23334";"01-03-1246";;"N";"4";"N - Bireysel";;;"CUSTOMER_TARGET_MISSING"
"678";"1912";"01-01-1236";;"N";"4";"N - Bireysel";;;"CUSTOMER_TARGET_MISSING"
"686";"1905";"01-02-1480";;"N";"4";"N - Bireysel";;;"CUSTOMER_TARGET_MISSING"
"872";"1721";"01-03-1644";;"N";"4";"N - Bireysel";;;"CUSTOMER_TARGET_MISSING"
"920";"1684";"01-01-1732";;"N";"4";"N - Bireysel";;;"CUSTOMER_TARGET_MISSING"
"951";"1650";"01-01-111807";;"N";"4";"N - Bireysel";;;"CUSTOMER_TARGET_MISSING"
"955";"1646";"01-01-1816";;"N";"4";"N - Bireysel";;;"CUSTOMER_TARGET_MISSING"
"968";"1634";"0111-01-1859";;"N";"4";"N - Bireysel";;;"CUSTOMER_TARGET_MISSING"
"969";"1634";"0111-01-1859";;"N";"4";"N - Bireysel";;;"CUSTOMER_TARGET_MISSING"
"22882";"58392";;;;;;;;"CUSTOMER_TYPE_MAP_MISSING,SUBSCRIBER_BLANK"
"22884";"58430";;;;;;;;"CUSTOMER_TYPE_MAP_MISSING,SUBSCRIBER_BLANK"
"11802";"36410";"01-01-5305";;;;;;;"CUSTOMER_TYPE_MAP_MISSING,SUBSCRIBER_SOURCE_DUPLICATE"
"1192";"1423";"01-01-2437";;;;;;;"CUSTOMER_TYPE_MAP_MISSING,SUBSCRIBER_SOURCE_DUPLICATE"
"12007";"37054";"01-01-7166";;;;;;;"CUSTOMER_TYPE_MAP_MISSING,SUBSCRIBER_SOURCE_DUPLICATE"
"12081";"37571";"01-01-8388";;;;;;;"CUSTOMER_TYPE_MAP_MISSING,SUBSCRIBER_SOURCE_DUPLICATE"
"12122";"36925";"01-01-6816";;;;;;;"CUSTOMER_TYPE_MAP_MISSING,SUBSCRIBER_SOURCE_DUPLICATE"
"12226";"36989";"01-01-7028";;;;;;;"CUSTOMER_TYPE_MAP_MISSING,SUBSCRIBER_SOURCE_DUPLICATE"
"12230";"36995";"01-01-7038";;;;;;;"CUSTOMER_TYPE_MAP_MISSING,SUBSCRIBER_SOURCE_DUPLICATE"
"12232";"36997";"01-01-7040";;;;;;;"CUSTOMER_TYPE_MAP_MISSING,SUBSCRIBER_SOURCE_DUPLICATE"
"12279";"37158";"01-01-7426";;;;;;;"CUSTOMER_TYPE_MAP_MISSING,SUBSCRIBER_SOURCE_DUPLICATE"
"12280";"37161";"01-01-7432";;;;;;;"CUSTOMER_TYPE_MAP_MISSING,SUBSCRIBER_SOURCE_DUPLICATE"
"1359";"771";"01-01-4973";;;;;;;"CUSTOMER_TYPE_MAP_MISSING,SUBSCRIBER_SOURCE_DUPLICATE"
"1386";"1294";"01-02-2729";;;;;;;"CUSTOMER_TYPE_MAP_MISSING,SUBSCRIBER_SOURCE_DUPLICATE"
"1625";"1010";"01-01-3663";;;;;;;"CUSTOMER_TYPE_MAP_MISSING,SUBSCRIBER_SOURCE_DUPLICATE"
"1787";"771";"01-01-4973";;;;;;;"CUSTOMER_TYPE_MAP_MISSING,SUBSCRIBER_SOURCE_DUPLICATE"
"22856";"57515";"01-01-3627";;;;;;;"CUSTOMER_TYPE_MAP_MISSING,SUBSCRIBER_SOURCE_DUPLICATE"
"25074";"67095";"01-01-3788";;;;;;;"CUSTOMER_TYPE_MAP_MISSING,SUBSCRIBER_SOURCE_DUPLICATE"
"25108";"68104";"01-01-5565";;;;;;;"CUSTOMER_TYPE_MAP_MISSING,SUBSCRIBER_SOURCE_DUPLICATE"
"25193";"70860";"01-01-6594";;;;;;;"CUSTOMER_TYPE_MAP_MISSING,SUBSCRIBER_SOURCE_DUPLICATE"
"25306";"70954";"01-01-6675";;;;;;;"CUSTOMER_TYPE_MAP_MISSING,SUBSCRIBER_SOURCE_DUPLICATE"
"25314";"71005";"01-01-6850";;;;;;;"CUSTOMER_TYPE_MAP_MISSING,SUBSCRIBER_SOURCE_DUPLICATE"
"30309";"100503";"01-02-1599";;;;;;;"CUSTOMER_TYPE_MAP_MISSING,SUBSCRIBER_SOURCE_DUPLICATE"
"30338";"1533";"01-02-1504";;;;;;;"CUSTOMER_TYPE_MAP_MISSING,SUBSCRIBER_SOURCE_DUPLICATE"
"30339";"1533";"01-02-1504";;;;;;;"CUSTOMER_TYPE_MAP_MISSING,SUBSCRIBER_SOURCE_DUPLICATE"
"31418";"104734";"01-01-2550";;;;;;;"CUSTOMER_TYPE_MAP_MISSING,SUBSCRIBER_SOURCE_DUPLICATE"
"32638";"110773";"01-01-4541";;;;;;;"CUSTOMER_TYPE_MAP_MISSING,SUBSCRIBER_SOURCE_DUPLICATE"
"32652";"111664";"01-01-6592";;;;;;;"CUSTOMER_TYPE_MAP_MISSING,SUBSCRIBER_SOURCE_DUPLICATE"
"32763";"114644";"01-01-7392";;;;;;;"CUSTOMER_TYPE_MAP_MISSING,SUBSCRIBER_SOURCE_DUPLICATE"
"32846";"1300";"01-02-2713";;;;;;;"CUSTOMER_TYPE_MAP_MISSING,SUBSCRIBER_SOURCE_DUPLICATE"
"32847";"1300";"01-02-2713";;;;;;;"CUSTOMER_TYPE_MAP_MISSING,SUBSCRIBER_SOURCE_DUPLICATE"
"32887";"117224";"01-01-2039";;;;;;;"CUSTOMER_TYPE_MAP_MISSING,SUBSCRIBER_SOURCE_DUPLICATE"
"33077";"120634";"01-01-3492";;;;;;;"CUSTOMER_TYPE_MAP_MISSING,SUBSCRIBER_SOURCE_DUPLICATE"
"33095";"120618";"01-01-9602";;;;;;;"CUSTOMER_TYPE_MAP_MISSING,SUBSCRIBER_SOURCE_DUPLICATE"
"33102";"120613";"01-01-3588";;;;;;;"CUSTOMER_TYPE_MAP_MISSING,SUBSCRIBER_SOURCE_DUPLICATE"
"38511";"1082";"01-02-3287";;;;;;;"CUSTOMER_TYPE_MAP_MISSING,SUBSCRIBER_SOURCE_DUPLICATE"
"39433";"125192";"01-01-2444";;;;;;;"CUSTOMER_TYPE_MAP_MISSING,SUBSCRIBER_SOURCE_DUPLICATE"
"39482";"67095";"01-01-3788";;;;;;;"CUSTOMER_TYPE_MAP_MISSING,SUBSCRIBER_SOURCE_DUPLICATE"
"40062";"36925";"01-01-6816";;;;;;;"CUSTOMER_TYPE_MAP_MISSING,SUBSCRIBER_SOURCE_DUPLICATE"
"40260";"37054";"01-01-7166";;;;;;;"CUSTOMER_TYPE_MAP_MISSING,SUBSCRIBER_SOURCE_DUPLICATE"
"40328";"37158";"01-01-7426";;;;;;;"CUSTOMER_TYPE_MAP_MISSING,SUBSCRIBER_SOURCE_DUPLICATE"
"40329";"37161";"01-01-7432";;;;;;;"CUSTOMER_TYPE_MAP_MISSING,SUBSCRIBER_SOURCE_DUPLICATE"
"40581";"110773";"01-01-4541";;;;;;;"CUSTOMER_TYPE_MAP_MISSING,SUBSCRIBER_SOURCE_DUPLICATE"
"40731";"36997";"01-01-7040";;;;;;;"CUSTOMER_TYPE_MAP_MISSING,SUBSCRIBER_SOURCE_DUPLICATE"
"41080";"70860";"01-01-6594";;;;;;;"CUSTOMER_TYPE_MAP_MISSING,SUBSCRIBER_SOURCE_DUPLICATE"
"41100";"70954";"01-01-6675";;;;;;;"CUSTOMER_TYPE_MAP_MISSING,SUBSCRIBER_SOURCE_DUPLICATE"
"41230";"110773";"01-01-4541";;;;;;;"CUSTOMER_TYPE_MAP_MISSING,SUBSCRIBER_SOURCE_DUPLICATE"
"41262";"67095";"01-01-3788";;;;;;;"CUSTOMER_TYPE_MAP_MISSING,SUBSCRIBER_SOURCE_DUPLICATE"
"41980";"37054";"01-01-7166";;;;;;;"CUSTOMER_TYPE_MAP_MISSING,SUBSCRIBER_SOURCE_DUPLICATE"
"42177";"36925";"01-01-6816";;;;;;;"CUSTOMER_TYPE_MAP_MISSING,SUBSCRIBER_SOURCE_DUPLICATE"
"42251";"36997";"01-01-7040";;;;;;;"CUSTOMER_TYPE_MAP_MISSING,SUBSCRIBER_SOURCE_DUPLICATE"
"42359";"37158";"01-01-7426";;;;;;;"CUSTOMER_TYPE_MAP_MISSING,SUBSCRIBER_SOURCE_DUPLICATE"
"42360";"37161";"01-01-7432";;;;;;;"CUSTOMER_TYPE_MAP_MISSING,SUBSCRIBER_SOURCE_DUPLICATE"
"42861";"70954";"01-01-6675";;;;;;;"CUSTOMER_TYPE_MAP_MISSING,SUBSCRIBER_SOURCE_DUPLICATE"
"42877";"70860";"01-01-6594";;;;;;;"CUSTOMER_TYPE_MAP_MISSING,SUBSCRIBER_SOURCE_DUPLICATE"
"44373";"139053";"01-01-8618";;;;;;;"CUSTOMER_TYPE_MAP_MISSING,SUBSCRIBER_SOURCE_DUPLICATE"
"44425";"1294";"01-02-2729";;;;;;;"CUSTOMER_TYPE_MAP_MISSING,SUBSCRIBER_SOURCE_DUPLICATE"
"44426";"1294";"01-02-2729";;;;;;;"CUSTOMER_TYPE_MAP_MISSING,SUBSCRIBER_SOURCE_DUPLICATE"
"44481";"142564";"01-02-1690";;;;;;;"CUSTOMER_TYPE_MAP_MISSING,SUBSCRIBER_SOURCE_DUPLICATE"
"44667";"73021";"01-01-6897";;;;;;;"CUSTOMER_TYPE_MAP_MISSING,SUBSCRIBER_SOURCE_DUPLICATE"
"44768";"1082";"01-02-3287";;;;;;;"CUSTOMER_TYPE_MAP_MISSING,SUBSCRIBER_SOURCE_DUPLICATE"
"44982";"70093";"01-01-6825";;;;;;;"CUSTOMER_TYPE_MAP_MISSING,SUBSCRIBER_SOURCE_DUPLICATE"
"44983";"195901";"01-01-6840";;;;;;;"CUSTOMER_TYPE_MAP_MISSING,SUBSCRIBER_SOURCE_DUPLICATE"
"44999";"196553";"01-01-2524";;;;;;;"CUSTOMER_TYPE_MAP_MISSING,SUBSCRIBER_SOURCE_DUPLICATE"
"45002";"58920";"01-02-4048";;;;;;;"CUSTOMER_TYPE_MAP_MISSING,SUBSCRIBER_SOURCE_DUPLICATE"
"45003";"58920";"01-02-4048";;;;;;;"CUSTOMER_TYPE_MAP_MISSING,SUBSCRIBER_SOURCE_DUPLICATE"
"45163";"2046";"01-02-0960";;;;;;;"CUSTOMER_TYPE_MAP_MISSING,SUBSCRIBER_SOURCE_DUPLICATE"
"45164";"2046";"01-02-0960";;;;;;;"CUSTOMER_TYPE_MAP_MISSING,SUBSCRIBER_SOURCE_DUPLICATE"
"45794";"207802";"01-05-9225";;;;;;;"CUSTOMER_TYPE_MAP_MISSING,SUBSCRIBER_SOURCE_DUPLICATE"
"45795";"207802";"01-05-9225";;;;;;;"CUSTOMER_TYPE_MAP_MISSING,SUBSCRIBER_SOURCE_DUPLICATE"
"46039";"216025";"01-01-8540";;;;;;;"CUSTOMER_TYPE_MAP_MISSING,SUBSCRIBER_SOURCE_DUPLICATE"
"46311";"222145";"01-05-2728";;;;;;;"CUSTOMER_TYPE_MAP_MISSING,SUBSCRIBER_SOURCE_DUPLICATE"
"46312";"222145";"01-05-2728";;;;;;;"CUSTOMER_TYPE_MAP_MISSING,SUBSCRIBER_SOURCE_DUPLICATE"
"48064";"258356";"01-05-3154";;;;;;;"CUSTOMER_TYPE_MAP_MISSING,SUBSCRIBER_SOURCE_DUPLICATE"
"48133";"262123";"01-05-3182";;;;;;;"CUSTOMER_TYPE_MAP_MISSING,SUBSCRIBER_SOURCE_DUPLICATE"
"775";"1818";"01-01-1444";;;;;;;"CUSTOMER_TYPE_MAP_MISSING,SUBSCRIBER_SOURCE_DUPLICATE"
"11673";"34753";"01-01-011048";"15200";"GM";"7";"GM - Grup Üyesi";"6";"BNK01 - BANKA";"CUSTOMER_TYPE_MISMATCH"
"11678";"35615";"01-01-3358";"11831";"GM";"7";"GM - Grup Üyesi";"4";"N - Bireysel";"CUSTOMER_TYPE_MISMATCH"
"11679";"35910";"01-01-4103";"44300";"GM";"7";"GM - Grup Üyesi";"4";"N - Bireysel";"CUSTOMER_TYPE_MISMATCH"
"11681";"36209";"01-01-4739";"11829";"GM";"7";"GM - Grup Üyesi";"4";"N - Bireysel";"CUSTOMER_TYPE_MISMATCH"
"11682";"36414";"01-01-5315";"44828";"GM";"7";"GM - Grup Üyesi";"4";"N - Bireysel";"CUSTOMER_TYPE_MISMATCH"
"11686";"37354";"01-01-7869";"11836";"GM";"7";"GM - Grup Üyesi";"4";"N - Bireysel";"CUSTOMER_TYPE_MISMATCH"
"11690";"37395";"01-01-8002";"11841";"GM";"7";"GM - Grup Üyesi";"4";"N - Bireysel";"CUSTOMER_TYPE_MISMATCH"
"11693";"35097";"01-01-1416";"42922";"GM";"7";"GM - Grup Üyesi";"4";"N - Bireysel";"CUSTOMER_TYPE_MISMATCH"
"11710";"34962";"01-01-0366";"11878";"GM";"7";"GM - Grup Üyesi";"4";"N - Bireysel";"CUSTOMER_TYPE_MISMATCH"
"11711";"35068";"01-01-1221";"11879";"GM";"7";"GM - Grup Üyesi";"4";"N - Bireysel";"CUSTOMER_TYPE_MISMATCH"
"11712";"35174";"01-01-1851";"11876";"GM";"7";"GM - Grup Üyesi";"4";"N - Bireysel";"CUSTOMER_TYPE_MISMATCH"
"11713";"36493";"01-01-5632";"11880";"GM";"7";"GM - Grup Üyesi";"4";"N - Bireysel";"CUSTOMER_TYPE_MISMATCH"
"11714";"37651";"01-01-8636";"45971";"GM";"7";"GM - Grup Üyesi";"4";"N - Bireysel";"CUSTOMER_TYPE_MISMATCH"
"11715";"35456";"01-01-2893";"43767";"GM";"7";"GM - Grup Üyesi";"4";"N - Bireysel";"CUSTOMER_TYPE_MISMATCH"
"11716";"35712";"01-01-3608";"44113";"GM";"7";"GM - Grup Üyesi";"4";"N - Bireysel";"CUSTOMER_TYPE_MISMATCH"
"11717";"36293";"01-01-5014";"12041";"GM";"7";"GM - Grup Üyesi";"4";"N - Bireysel";"CUSTOMER_TYPE_MISMATCH"
"11718";"36295";"01-01-5021";"12039";"GM";"7";"GM - Grup Üyesi";"4";"N - Bireysel";"CUSTOMER_TYPE_MISMATCH"
"11721";"37584";"01-01-8415";"45900";"GM";"7";"GM - Grup Üyesi";"4";"N - Bireysel";"CUSTOMER_TYPE_MISMATCH"
"11722";"37780";"01-01-8959";"46061";"GM";"7";"GM - Grup Üyesi";"4";"N - Bireysel";"CUSTOMER_TYPE_MISMATCH"
"11723";"37932";"01-01-9504";"46279";"GM";"7";"GM - Grup Üyesi";"4";"N - Bireysel";"CUSTOMER_TYPE_MISMATCH"
"11724";"37953";"01-01-9563";"12040";"GM";"7";"GM - Grup Üyesi";"4";"N - Bireysel";"CUSTOMER_TYPE_MISMATCH"
"11725";"37957";"01-01-9571";"46310";"GM";"7";"GM - Grup Üyesi";"4";"N - Bireysel";"CUSTOMER_TYPE_MISMATCH"
"11727";"37964";"01-01-9584";"46315";"GM";"7";"GM - Grup Üyesi";"4";"N - Bireysel";"CUSTOMER_TYPE_MISMATCH"
"11728";"37965";"01-01-9588";"46318";"GM";"7";"GM - Grup Üyesi";"4";"N - Bireysel";"CUSTOMER_TYPE_MISMATCH"
"11730";"38041";"01-01-9796";"46417";"GM";"7";"GM - Grup Üyesi";"4";"N - Bireysel";"CUSTOMER_TYPE_MISMATCH"
"11737";"37720";"01-01-8780";"12062";"GM";"7";"GM - Grup Üyesi";"4";"N - Bireysel";"CUSTOMER_TYPE_MISMATCH"
"11738";"37723";"01-01-8790";"12061";"GM";"7";"GM - Grup Üyesi";"4";"N - Bireysel";"CUSTOMER_TYPE_MISMATCH"
"11739";"35186";"01-01-1888";"12063";"GM";"7";"GM - Grup Üyesi";"4";"N - Bireysel";"CUSTOMER_TYPE_MISMATCH"
"11740";"35587";"01-01-3288";"43974";"GM";"7";"GM - Grup Üyesi";"4";"N - Bireysel";"CUSTOMER_TYPE_MISMATCH"
"11743";"36249";"01-01-4858";"12064";"GM";"7";"GM - Grup Üyesi";"4";"N - Bireysel";"CUSTOMER_TYPE_MISMATCH"
"11746";"36253";"01-01-4866";"12065";"GM";"7";"GM - Grup Üyesi";"4";"N - Bireysel";"CUSTOMER_TYPE_MISMATCH"
"11747";"36965";"01-01-6988";"45484";"GM";"7";"GM - Grup Üyesi";"4";"N - Bireysel";"CUSTOMER_TYPE_MISMATCH"
"11756";"37454";"01-01-8175";"45827";"GM";"7";"GM - Grup Üyesi";"4";"N - Bireysel";"CUSTOMER_TYPE_MISMATCH"
"11764";"37094";"01-01-7275";"12127";"GM";"7";"GM - Grup Üyesi";"4";"N - Bireysel";"CUSTOMER_TYPE_MISMATCH"
"11767";"37099";"01-01-7284";"45594";"GM";"7";"GM - Grup Üyesi";"4";"N - Bireysel";"CUSTOMER_TYPE_MISMATCH"
"11768";"37100";"01-01-7285";"45595";"GM";"7";"GM - Grup Üyesi";"4";"N - Bireysel";"CUSTOMER_TYPE_MISMATCH"
"11769";"37103";"01-01-7295";"45598";"GM";"7";"GM - Grup Üyesi";"4";"N - Bireysel";"CUSTOMER_TYPE_MISMATCH"
"11770";"37105";"01-01-7300";"45599";"GM";"7";"GM - Grup Üyesi";"4";"N - Bireysel";"CUSTOMER_TYPE_MISMATCH"
"11771";"37109";"01-01-7310";"45601";"GM";"7";"GM - Grup Üyesi";"4";"N - Bireysel";"CUSTOMER_TYPE_MISMATCH"
"11776";"37922";"01-01-9457";"46259";"GM";"7";"GM - Grup Üyesi";"4";"N - Bireysel";"CUSTOMER_TYPE_MISMATCH"
"11787";"38087";"01-01-9880";"12180";"GM";"7";"GM - Grup Üyesi";"4";"N - Bireysel";"CUSTOMER_TYPE_MISMATCH"
"11790";"38098";"01-01-9902";"46459";"GM";"7";"GM - Grup Üyesi";"4";"N - Bireysel";"CUSTOMER_TYPE_MISMATCH"
"11791";"38102";"01-01-9914";"46452";"GM";"7";"GM - Grup Üyesi";"4";"N - Bireysel";"CUSTOMER_TYPE_MISMATCH"
"11792";"38104";"01-01-9916";"46454";"GM";"7";"GM - Grup Üyesi";"4";"N - Bireysel";"CUSTOMER_TYPE_MISMATCH"
"11793";"38105";"01-01-9917";"46455";"GM";"7";"GM - Grup Üyesi";"4";"N - Bireysel";"CUSTOMER_TYPE_MISMATCH"
"11795";"38112";"01-01-9939";"46474";"GM";"7";"GM - Grup Üyesi";"4";"N - Bireysel";"CUSTOMER_TYPE_MISMATCH"
"11796";"38120";"01-01-9953";"46472";"GM";"7";"GM - Grup Üyesi";"4";"N - Bireysel";"CUSTOMER_TYPE_MISMATCH"
"11798";"38124";"01-01-9957";"46475";"GM";"7";"GM - Grup Üyesi";"4";"N - Bireysel";"CUSTOMER_TYPE_MISMATCH"
"11801";"36408";"01-01-5302";"44825";"GM";"7";"GM - Grup Üyesi";"4";"N - Bireysel";"CUSTOMER_TYPE_MISMATCH"
"11805";"35037";"01-01-1021";"12226";"GM";"7";"GM - Grup Üyesi";"4";"N - Bireysel";"CUSTOMER_TYPE_MISMATCH"
"11806";"35090";"01-01-1373";"12227";"GM";"7";"GM - Grup Üyesi";"4";"N - Bireysel";"CUSTOMER_TYPE_MISMATCH"
"11808";"35449";"01-01-2864";"43747";"GM";"7";"GM - Grup Üyesi";"4";"N - Bireysel";"CUSTOMER_TYPE_MISMATCH"
"11810";"35789";"01-01-3832";"44201";"GM";"7";"GM - Grup Üyesi";"4";"N - Bireysel";"CUSTOMER_TYPE_MISMATCH"
"11811";"36787";"01-01-6408";"12214";"GM";"7";"GM - Grup Üyesi";"4";"N - Bireysel";"CUSTOMER_TYPE_MISMATCH"
"11812";"37350";"01-01-7859";"12242";"GM";"7";"GM - Grup Üyesi";"4";"N - Bireysel";"CUSTOMER_TYPE_MISMATCH"
"11813";"37390";"01-01-7986";"45770";"GM";"7";"GM - Grup Üyesi";"4";"N - Bireysel";"CUSTOMER_TYPE_MISMATCH"
"11814";"38033";"01-01-9775";"12224";"GM";"7";"GM - Grup Üyesi";"4";"N - Bireysel";"CUSTOMER_TYPE_MISMATCH"
"11818";"35674";"01-01-3511";"15218";"GM";"7";"GM - Grup Üyesi";"4";"N - Bireysel";"CUSTOMER_TYPE_MISMATCH"
"11821";"36143";"01-01-4595";"15215";"GM";"7";"GM - Grup Üyesi";"4";"N - Bireysel";"CUSTOMER_TYPE_MISMATCH"
"11827";"37315";"01-01-7773";"15217";"GM";"7";"GM - Grup Üyesi";"4";"N - Bireysel";"CUSTOMER_TYPE_MISMATCH"
"11828";"37316";"01-01-7774";"15214";"GM";"7";"GM - Grup Üyesi";"4";"N - Bireysel";"CUSTOMER_TYPE_MISMATCH"
"11829";"37317";"01-01-7776";"45699";"GM";"7";"GM - Grup Üyesi";"4";"N - Bireysel";"CUSTOMER_TYPE_MISMATCH"
"11832";"37592";"01-01-8451";"15216";"GM";"7";"GM - Grup Üyesi";"4";"N - Bireysel";"CUSTOMER_TYPE_MISMATCH"
"11833";"37905";"01-01-9391";"15212";"GM";"7";"GM - Grup Üyesi";"4";"N - Bireysel";"CUSTOMER_TYPE_MISMATCH"
"11834";"37945";"01-01-9545";"15213";"GM";"7";"GM - Grup Üyesi";"4";"N - Bireysel";"CUSTOMER_TYPE_MISMATCH"
"11835";"34736";"01-01-011027";"41528";"GM";"7";"GM - Grup Üyesi";"4";"N - Bireysel";"CUSTOMER_TYPE_MISMATCH"
"11836";"36713";"01-01-6251";"15296";"GM";"7";"GM - Grup Üyesi";"4";"N - Bireysel";"CUSTOMER_TYPE_MISMATCH"
"11839";"36714";"01-01-6252";"15539";"GM";"7";"GM - Grup Üyesi";"4";"N - Bireysel";"CUSTOMER_TYPE_MISMATCH"
"11840";"36718";"01-01-6257";"15541";"GM";"7";"GM - Grup Üyesi";"4";"N - Bireysel";"CUSTOMER_TYPE_MISMATCH"
"11842";"36732";"01-01-6286";"45247";"GM";"7";"GM - Grup Üyesi";"4";"N - Bireysel";"CUSTOMER_TYPE_MISMATCH"
"11845";"36747";"01-01-6324";"15542";"GM";"7";"GM - Grup Üyesi";"4";"N - Bireysel";"CUSTOMER_TYPE_MISMATCH"
"11846";"36757";"01-01-6339";"15543";"GM";"7";"GM - Grup Üyesi";"4";"N - Bireysel";"CUSTOMER_TYPE_MISMATCH"
"11847";"36758";"01-01-6340";"15544";"GM";"7";"GM - Grup Üyesi";"4";"N - Bireysel";"CUSTOMER_TYPE_MISMATCH"
"11848";"36764";"01-01-6353";"15540";"GM";"7";"GM - Grup Üyesi";"4";"N - Bireysel";"CUSTOMER_TYPE_MISMATCH"
"11849";"36766";"01-01-6357";"45263";"GM";"7";"GM - Grup Üyesi";"4";"N - Bireysel";"CUSTOMER_TYPE_MISMATCH"
"11851";"36776";"01-01-6377";"45271";"GM";"7";"GM - Grup Üyesi";"4";"N - Bireysel";"CUSTOMER_TYPE_MISMATCH"
"11853";"38048";"01-01-9807";"46419";"GM";"7";"GM - Grup Üyesi";"4";"N - Bireysel";"CUSTOMER_TYPE_MISMATCH"
"11854";"38061";"01-01-9834";"46430";"GM";"7";"GM - Grup Üyesi";"4";"N - Bireysel";"CUSTOMER_TYPE_MISMATCH"
"11855";"35128";"01-01-1580";"15553";"GM";"7";"GM - Grup Üyesi";"4";"N - Bireysel";"CUSTOMER_TYPE_MISMATCH"
"11856";"35136";"01-01-1632";"15554";"GM";"7";"GM - Grup Üyesi";"4";"N - Bireysel";"CUSTOMER_TYPE_MISMATCH"
"11858";"36640";"01-01-6070";"15555";"GM";"7";"GM - Grup Üyesi";"4";"N - Bireysel";"CUSTOMER_TYPE_MISMATCH"
"11859";"36755";"01-01-6336";"45259";"GM";"7";"GM - Grup Üyesi";"4";"N - Bireysel";"CUSTOMER_TYPE_MISMATCH"
"11860";"37717";"01-01-8777";"15552";"GM";"7";"GM - Grup Üyesi";"4";"N - Bireysel";"CUSTOMER_TYPE_MISMATCH"
"11861";"33959";"01-01-0013";"41061";"GM";"7";"GM - Grup Üyesi";"4";"N - Bireysel";"CUSTOMER_TYPE_MISMATCH"
"11862";"35311";"01-01-2275";"43408";"GM";"7";"GM - Grup Üyesi";"4";"N - Bireysel";"CUSTOMER_TYPE_MISMATCH"
"11863";"35401";"01-01-2694";"43655";"GM";"7";"GM - Grup Üyesi";"4";"N - Bireysel";"CUSTOMER_TYPE_MISMATCH"
"11867";"37702";"01-01-8749";"45994";"GM";"7";"GM - Grup Üyesi";"4";"N - Bireysel";"CUSTOMER_TYPE_MISMATCH"
"11869";"36342";"01-01-5123";"17093";"GM";"7";"GM - Grup Üyesi";"4";"N - Bireysel";"CUSTOMER_TYPE_MISMATCH"
"11876";"34950";"01-01-0303";"42178";"GM";"7";"GM - Grup Üyesi";"4";"N - Bireysel";"CUSTOMER_TYPE_MISMATCH"
"11877";"34957";"01-01-0336";"42196";"GM";"7";"GM - Grup Üyesi";"4";"N - Bireysel";"CUSTOMER_TYPE_MISMATCH"
"11881";"34739";"01-01-011031";"41531";"GM";"7";"GM - Grup Üyesi";"4";"N - Bireysel";"CUSTOMER_TYPE_MISMATCH"
"11883";"34899";"01-01-0172";"16301";"GM";"7";"GM - Grup Üyesi";"4";"N - Bireysel";"CUSTOMER_TYPE_MISMATCH"
"11884";"34929";"01-01-0252";"17196";"GM";"7";"GM - Grup Üyesi";"4";"N - Bireysel";"CUSTOMER_TYPE_MISMATCH"
"11886";"34965";"01-01-0378";"17243";"GM";"7";"GM - Grup Üyesi";"4";"N - Bireysel";"CUSTOMER_TYPE_MISMATCH"
"11888";"34993";"01-01-0536";"42317";"GM";"7";"GM - Grup Üyesi";"4";"N - Bireysel";"CUSTOMER_TYPE_MISMATCH"
"11890";"35018";"01-01-0687";"42417";"GM";"7";"GM - Grup Üyesi";"4";"N - Bireysel";"CUSTOMER_TYPE_MISMATCH"
"11891";"35043";"01-01-1041";"17183";"GM";"7";"GM - Grup Üyesi";"4";"N - Bireysel";"CUSTOMER_TYPE_MISMATCH"
"11894";"35351";"01-01-2435";"43499";"GM";"7";"GM - Grup Üyesi";"4";"N - Bireysel";"CUSTOMER_TYPE_MISMATCH"
"11895";"35359";"01-01-2474";"15246";"GM";"7";"GM - Grup Üyesi";"4";"N - Bireysel";"CUSTOMER_TYPE_MISMATCH"
"11896";"35364";"01-01-2485";"15247";"GM";"7";"GM - Grup Üyesi";"4";"N - Bireysel";"CUSTOMER_TYPE_MISMATCH"
"11898";"35454";"01-01-2889";"43763";"GM";"7";"GM - Grup Üyesi";"4";"N - Bireysel";"CUSTOMER_TYPE_MISMATCH"
"11900";"35482";"01-01-3008";"43835";"GM";"7";"GM - Grup Üyesi";"4";"N - Bireysel";"CUSTOMER_TYPE_MISMATCH"
"11901";"35487";"01-01-3022";"17169";"GM";"7";"GM - Grup Üyesi";"4";"N - Bireysel";"CUSTOMER_TYPE_MISMATCH"
"11903";"35520";"01-01-3097";"43870";"GM";"7";"GM - Grup Üyesi";"4";"N - Bireysel";"CUSTOMER_TYPE_MISMATCH"
"11904";"35521";"01-01-3098";"43871";"GM";"7";"GM - Grup Üyesi";"4";"N - Bireysel";"CUSTOMER_TYPE_MISMATCH"
"11905";"35528";"01-01-3118";"43885";"GM";"7";"GM - Grup Üyesi";"4";"N - Bireysel";"CUSTOMER_TYPE_MISMATCH"
"11906";"35548";"01-01-3154";"43901";"GM";"7";"GM - Grup Üyesi";"4";"N - Bireysel";"CUSTOMER_TYPE_MISMATCH"
"11907";"35632";"01-01-3407";"44025";"GM";"7";"GM - Grup Üyesi";"4";"N - Bireysel";"CUSTOMER_TYPE_MISMATCH"
"11908";"35639";"01-01-3425";"44033";"GM";"7";"GM - Grup Üyesi";"4";"N - Bireysel";"CUSTOMER_TYPE_MISMATCH"
"11909";"35690";"01-01-3547";"44084";"GM";"7";"GM - Grup Üyesi";"4";"N - Bireysel";"CUSTOMER_TYPE_MISMATCH"
"11911";"36060";"01-01-4426";"44416";"GM";"7";"GM - Grup Üyesi";"4";"N - Bireysel";"CUSTOMER_TYPE_MISMATCH"
"11912";"36169";"01-01-4645";"17134";"GM";"7";"GM - Grup Üyesi";"4";"N - Bireysel";"CUSTOMER_TYPE_MISMATCH"
"11913";"36307";"01-01-5051";"44717";"GM";"7";"GM - Grup Üyesi";"4";"N - Bireysel";"CUSTOMER_TYPE_MISMATCH"
"11914";"36347";"01-01-5148";"44765";"GM";"7";"GM - Grup Üyesi";"4";"N - Bireysel";"CUSTOMER_TYPE_MISMATCH"
"11915";"36407";"01-01-5299";"44823";"GM";"7";"GM - Grup Üyesi";"4";"N - Bireysel";"CUSTOMER_TYPE_MISMATCH"
"11916";"36447";"01-01-5413";"44878";"GM";"7";"GM - Grup Üyesi";"4";"N - Bireysel";"CUSTOMER_TYPE_MISMATCH"
"11917";"36507";"01-01-5705";"17110";"GM";"7";"GM - Grup Üyesi";"4";"N - Bireysel";"CUSTOMER_TYPE_MISMATCH"
"11918";"36588";"01-01-5941";"45127";"GM";"7";"GM - Grup Üyesi";"4";"N - Bireysel";"CUSTOMER_TYPE_MISMATCH"
"11920";"36608";"01-01-5986";"45141";"GM";"7";"GM - Grup Üyesi";"4";"N - Bireysel";"CUSTOMER_TYPE_MISMATCH"
"11922";"36772";"01-01-6373";"45270";"GM";"7";"GM - Grup Üyesi";"4";"N - Bireysel";"CUSTOMER_TYPE_MISMATCH"
"11924";"36898";"01-01-6743";"17108";"GM";"7";"GM - Grup Üyesi";"4";"N - Bireysel";"CUSTOMER_TYPE_MISMATCH"
"11925";"36934";"01-01-6857";"17178";"GM";"7";"GM - Grup Üyesi";"4";"N - Bireysel";"CUSTOMER_TYPE_MISMATCH"
"11927";"36953";"01-01-6936";"45475";"GM";"7";"GM - Grup Üyesi";"4";"N - Bireysel";"CUSTOMER_TYPE_MISMATCH"
"11928";"36966";"01-01-6991";"17289";"GM";"7";"GM - Grup Üyesi";"4";"N - Bireysel";"CUSTOMER_TYPE_MISMATCH"
"11929";"37083";"01-01-7248";"45586";"GM";"7";"GM - Grup Üyesi";"4";"N - Bireysel";"CUSTOMER_TYPE_MISMATCH"
"11930";"37275";"01-01-7693";"17290";"GM";"7";"GM - Grup Üyesi";"4";"N - Bireysel";"CUSTOMER_TYPE_MISMATCH"
"11932";"37391";"01-01-7988";"45771";"GM";"7";"GM - Grup Üyesi";"4";"N - Bireysel";"CUSTOMER_TYPE_MISMATCH"
"11933";"37431";"01-01-8118";"45812";"GM";"7";"GM - Grup Üyesi";"4";"N - Bireysel";"CUSTOMER_TYPE_MISMATCH"
"11936";"37628";"01-01-8574";"45946";"GM";"7";"GM - Grup Üyesi";"4";"N - Bireysel";"CUSTOMER_TYPE_MISMATCH"
"11942";"38053";"01-01-9819";"46425";"GM";"7";"GM - Grup Üyesi";"4";"N - Bireysel";"CUSTOMER_TYPE_MISMATCH"
"11944";"34974";"01-01-0424";"42250";"GM";"7";"GM - Grup Üyesi";"4";"N - Bireysel";"CUSTOMER_TYPE_MISMATCH"
"11945";"35088";"01-01-1352";"42879";"GM";"7";"GM - Grup Üyesi";"4";"N - Bireysel";"CUSTOMER_TYPE_MISMATCH"
"11946";"35133";"01-01-1620";"43037";"GM";"7";"GM - Grup Üyesi";"4";"N - Bireysel";"CUSTOMER_TYPE_MISMATCH"
"11947";"35222";"01-01-2011";"17373";"GM";"7";"GM - Grup Üyesi";"4";"N - Bireysel";"CUSTOMER_TYPE_MISMATCH"
"11948";"35381";"01-01-2538";"43555";"GM";"7";"GM - Grup Üyesi";"4";"N - Bireysel";"CUSTOMER_TYPE_MISMATCH"
"11949";"35568";"01-01-3211";"43926";"GM";"7";"GM - Grup Üyesi";"4";"N - Bireysel";"CUSTOMER_TYPE_MISMATCH"
"11950";"35697";"01-01-3569";"44097";"GM";"7";"GM - Grup Üyesi";"4";"N - Bireysel";"CUSTOMER_TYPE_MISMATCH"
"11953";"36351";"01-01-5161";"44772";"GM";"7";"GM - Grup Üyesi";"4";"N - Bireysel";"CUSTOMER_TYPE_MISMATCH"
"11957";"36742";"01-01-6315";"17394";"GM";"7";"GM - Grup Üyesi";"4";"N - Bireysel";"CUSTOMER_TYPE_MISMATCH"
"11958";"36929";"01-01-6836";"17385";"GM";"7";"GM - Grup Üyesi";"4";"N - Bireysel";"CUSTOMER_TYPE_MISMATCH"
"11959";"36972";"01-01-7001";"45493";"GM";"7";"GM - Grup Üyesi";"4";"N - Bireysel";"CUSTOMER_TYPE_MISMATCH"
"11960";"36981";"01-01-7015";"17405";"GM";"7";"GM - Grup Üyesi";"4";"N - Bireysel";"CUSTOMER_TYPE_MISMATCH"
"11961";"36985";"01-01-7021";"45499";"GM";"7";"GM - Grup Üyesi";"4";"N - Bireysel";"CUSTOMER_TYPE_MISMATCH"
"11962";"36990";"01-01-7029";"17366";"GM";"7";"GM - Grup Üyesi";"4";"N - Bireysel";"CUSTOMER_TYPE_MISMATCH"
"11963";"36999";"01-01-7048";"45509";"GM";"7";"GM - Grup Üyesi";"4";"N - Bireysel";"CUSTOMER_TYPE_MISMATCH"
"11964";"37001";"01-01-7060";"45516";"GM";"7";"GM - Grup Üyesi";"4";"N - Bireysel";"CUSTOMER_TYPE_MISMATCH"
"11965";"37002";"01-01-7061";"45517";"GM";"7";"GM - Grup Üyesi";"4";"N - Bireysel";"CUSTOMER_TYPE_MISMATCH"
"11966";"37005";"01-01-7069";"17404";"GM";"7";"GM - Grup Üyesi";"4";"N - Bireysel";"CUSTOMER_TYPE_MISMATCH"
"11967";"37006";"01-01-7073";"17383";"GM";"7";"GM - Grup Üyesi";"4";"N - Bireysel";"CUSTOMER_TYPE_MISMATCH"
"11968";"37007";"01-01-7074";"11811";"GM";"7";"GM - Grup Üyesi";"4";"N - Bireysel";"CUSTOMER_TYPE_MISMATCH"
"11969";"37008";"01-01-7075";"45520";"GM";"7";"GM - Grup Üyesi";"4";"N - Bireysel";"CUSTOMER_TYPE_MISMATCH"
"11970";"37009";"01-01-7076";"17384";"GM";"7";"GM - Grup Üyesi";"4";"N - Bireysel";"CUSTOMER_TYPE_MISMATCH"
"11971";"37011";"01-01-7078";"45522";"GM";"7";"GM - Grup Üyesi";"4";"N - Bireysel";"CUSTOMER_TYPE_MISMATCH"
"11975";"37015";"01-01-7086";"17382";"GM";"7";"GM - Grup Üyesi";"4";"N - Bireysel";"CUSTOMER_TYPE_MISMATCH"
"11976";"37016";"01-01-7087";"45524";"GM";"7";"GM - Grup Üyesi";"4";"N - Bireysel";"CUSTOMER_TYPE_MISMATCH"
"11978";"37021";"01-01-7092";"17364";"GM";"7";"GM - Grup Üyesi";"4";"N - Bireysel";"CUSTOMER_TYPE_MISMATCH"
"11979";"37022";"01-01-7098";"45528";"GM";"7";"GM - Grup Üyesi";"4";"N - Bireysel";"CUSTOMER_TYPE_MISMATCH"
"11980";"37023";"01-01-7099";"17407";"GM";"7";"GM - Grup Üyesi";"4";"N - Bireysel";"CUSTOMER_TYPE_MISMATCH"
"11981";"37024";"01-01-7100";"17365";"GM";"7";"GM - Grup Üyesi";"4";"N - Bireysel";"CUSTOMER_TYPE_MISMATCH"
"11982";"37026";"01-01-7105";"17391";"GM";"7";"GM - Grup Üyesi";"4";"N - Bireysel";"CUSTOMER_TYPE_MISMATCH"
"11983";"37027";"01-01-7107";"17387";"GM";"7";"GM - Grup Üyesi";"4";"N - Bireysel";"CUSTOMER_TYPE_MISMATCH"
"11984";"37029";"01-01-7115";"45531";"GM";"7";"GM - Grup Üyesi";"4";"N - Bireysel";"CUSTOMER_TYPE_MISMATCH"
"11985";"37030";"01-01-7117";"17370";"GM";"7";"GM - Grup Üyesi";"4";"N - Bireysel";"CUSTOMER_TYPE_MISMATCH"
"11986";"37031";"01-01-7118";"17376";"GM";"7";"GM - Grup Üyesi";"4";"N - Bireysel";"CUSTOMER_TYPE_MISMATCH"
"11991";"37036";"01-01-7129";"45538";"GM";"7";"GM - Grup Üyesi";"4";"N - Bireysel";"CUSTOMER_TYPE_MISMATCH"
"11994";"37039";"01-01-7132";"45535";"GM";"7";"GM - Grup Üyesi";"4";"N - Bireysel";"CUSTOMER_TYPE_MISMATCH"
"11995";"37040";"01-01-7135";"17386";"GM";"7";"GM - Grup Üyesi";"4";"N - Bireysel";"CUSTOMER_TYPE_MISMATCH"
"11996";"37041";"01-01-7139";"17389";"GM";"7";"GM - Grup Üyesi";"4";"N - Bireysel";"CUSTOMER_TYPE_MISMATCH"
"11997";"37043";"01-01-7141";"17390";"GM";"7";"GM - Grup Üyesi";"4";"N - Bireysel";"CUSTOMER_TYPE_MISMATCH"
"11998";"37044";"01-01-7146";"45541";"GM";"7";"GM - Grup Üyesi";"4";"N - Bireysel";"CUSTOMER_TYPE_MISMATCH"
"11999";"37046";"01-01-7149";"45540";"GM";"7";"GM - Grup Üyesi";"4";"N - Bireysel";"CUSTOMER_TYPE_MISMATCH"
"12000";"37047";"01-01-7150";"17356";"GM";"7";"GM - Grup Üyesi";"4";"N - Bireysel";"CUSTOMER_TYPE_MISMATCH"
"12001";"37048";"01-01-7153";"17357";"GM";"7";"GM - Grup Üyesi";"4";"N - Bireysel";"CUSTOMER_TYPE_MISMATCH"
"12002";"37049";"01-01-7154";"18346";"GM";"7";"GM - Grup Üyesi";"4";"N - Bireysel";"CUSTOMER_TYPE_MISMATCH"
"12003";"37050";"01-01-7161";"45545";"GM";"7";"GM - Grup Üyesi";"4";"N - Bireysel";"CUSTOMER_TYPE_MISMATCH"
"12004";"37051";"01-01-7163";"45546";"GM";"7";"GM - Grup Üyesi";"4";"N - Bireysel";"CUSTOMER_TYPE_MISMATCH"
"12006";"37053";"01-01-7165";"17358";"GM";"7";"GM - Grup Üyesi";"4";"N - Bireysel";"CUSTOMER_TYPE_MISMATCH"
"12008";"37056";"01-01-7169";"17399";"GM";"7";"GM - Grup Üyesi";"4";"N - Bireysel";"CUSTOMER_TYPE_MISMATCH"
"12009";"37059";"01-01-7174";"45548";"GM";"7";"GM - Grup Üyesi";"4";"N - Bireysel";"CUSTOMER_TYPE_MISMATCH"
"12010";"37060";"01-01-7175";"17408";"GM";"7";"GM - Grup Üyesi";"4";"N - Bireysel";"CUSTOMER_TYPE_MISMATCH"
"12012";"37062";"01-01-7183";"17380";"GM";"7";"GM - Grup Üyesi";"4";"N - Bireysel";"CUSTOMER_TYPE_MISMATCH"
"12013";"37063";"01-01-7185";"45554";"GM";"7";"GM - Grup Üyesi";"4";"N - Bireysel";"CUSTOMER_TYPE_MISMATCH"
"12015";"37065";"01-01-7187";"45556";"GM";"7";"GM - Grup Üyesi";"4";"N - Bireysel";"CUSTOMER_TYPE_MISMATCH"
"12016";"37067";"01-01-7195";"17355";"GM";"7";"GM - Grup Üyesi";"4";"N - Bireysel";"CUSTOMER_TYPE_MISMATCH"
"12018";"37168";"01-01-7450";"15239";"GM";"7";"GM - Grup Üyesi";"4";"N - Bireysel";"CUSTOMER_TYPE_MISMATCH"
"12019";"37234";"01-01-7599";"17369";"GM";"7";"GM - Grup Üyesi";"4";"N - Bireysel";"CUSTOMER_TYPE_MISMATCH"
"12020";"37276";"01-01-7695";"17398";"GM";"7";"GM - Grup Üyesi";"4";"N - Bireysel";"CUSTOMER_TYPE_MISMATCH"
"12022";"37300";"01-01-7747";"45694";"GM";"7";"GM - Grup Üyesi";"4";"N - Bireysel";"CUSTOMER_TYPE_MISMATCH"
"12023";"37302";"01-01-7750";"17378";"GM";"7";"GM - Grup Üyesi";"4";"N - Bireysel";"CUSTOMER_TYPE_MISMATCH"
"12024";"37303";"01-01-7751";"17400";"GM";"7";"GM - Grup Üyesi";"4";"N - Bireysel";"CUSTOMER_TYPE_MISMATCH"
"12025";"37304";"01-01-7753";"45697";"GM";"7";"GM - Grup Üyesi";"4";"N - Bireysel";"CUSTOMER_TYPE_MISMATCH"
"12026";"37305";"01-01-7756";"17401";"GM";"7";"GM - Grup Üyesi";"4";"N - Bireysel";"CUSTOMER_TYPE_MISMATCH"
"12027";"37306";"01-01-7757";"17368";"GM";"7";"GM - Grup Üyesi";"4";"N - Bireysel";"CUSTOMER_TYPE_MISMATCH"
"12028";"37308";"01-01-7759";"17359";"GM";"7";"GM - Grup Üyesi";"4";"N - Bireysel";"CUSTOMER_TYPE_MISMATCH"
"12029";"37309";"01-01-7760";"17402";"GM";"7";"GM - Grup Üyesi";"4";"N - Bireysel";"CUSTOMER_TYPE_MISMATCH"
"12030";"37310";"01-01-7761";"17374";"GM";"7";"GM - Grup Üyesi";"4";"N - Bireysel";"CUSTOMER_TYPE_MISMATCH"
"12031";"37311";"01-01-7762";"17360";"GM";"7";"GM - Grup Üyesi";"4";"N - Bireysel";"CUSTOMER_TYPE_MISMATCH"
"12033";"37313";"01-01-7766";"17377";"GM";"7";"GM - Grup Üyesi";"4";"N - Bireysel";"CUSTOMER_TYPE_MISMATCH"
"12034";"37314";"01-01-7767";"17361";"GM";"7";"GM - Grup Üyesi";"4";"N - Bireysel";"CUSTOMER_TYPE_MISMATCH"
"12035";"37330";"01-01-7806";"17354";"GM";"7";"GM - Grup Üyesi";"4";"N - Bireysel";"CUSTOMER_TYPE_MISMATCH"
"12036";"37335";"01-01-7820";"45713";"GM";"7";"GM - Grup Üyesi";"4";"N - Bireysel";"CUSTOMER_TYPE_MISMATCH"
"12037";"37382";"01-01-7961";"45761";"GM";"7";"GM - Grup Üyesi";"4";"N - Bireysel";"CUSTOMER_TYPE_MISMATCH"
"12042";"37846";"01-01-9195";"17395";"GM";"7";"GM - Grup Üyesi";"4";"N - Bireysel";"CUSTOMER_TYPE_MISMATCH"
"12043";"37855";"01-01-9230";"17379";"GM";"7";"GM - Grup Üyesi";"4";"N - Bireysel";"CUSTOMER_TYPE_MISMATCH"
"12044";"37867";"01-01-9267";"46190";"GM";"7";"GM - Grup Üyesi";"4";"N - Bireysel";"CUSTOMER_TYPE_MISMATCH"
"12045";"37889";"01-01-9326";"46214";"GM";"7";"GM - Grup Üyesi";"4";"N - Bireysel";"CUSTOMER_TYPE_MISMATCH"
"12046";"37950";"01-01-9560";"46306";"GM";"7";"GM - Grup Üyesi";"4";"N - Bireysel";"CUSTOMER_TYPE_MISMATCH"
"12047";"38088";"01-01-9884";"17367";"GM";"7";"GM - Grup Üyesi";"4";"N - Bireysel";"CUSTOMER_TYPE_MISMATCH"
"12049";"35148";"01-01-1707";"43092";"GM";"7";"GM - Grup Üyesi";"4";"N - Bireysel";"CUSTOMER_TYPE_MISMATCH"
"12050";"36998";"01-01-7042";"45504";"GM";"7";"GM - Grup Üyesi";"4";"N - Bireysel";"CUSTOMER_TYPE_MISMATCH"
"12051";"37278";"01-01-7701";"45687";"GM";"7";"GM - Grup Üyesi";"4";"N - Bireysel";"CUSTOMER_TYPE_MISMATCH"
"12053";"37634";"01-01-8584";"45949";"GM";"7";"GM - Grup Üyesi";"4";"N - Bireysel";"CUSTOMER_TYPE_MISMATCH"
"12055";"37177";"01-01-7478";"17412";"GM";"7";"GM - Grup Üyesi";"4";"N - Bireysel";"CUSTOMER_TYPE_MISMATCH"
"12059";"34897";"01-01-0167";"17416";"GM";"7";"GM - Grup Üyesi";"4";"N - Bireysel";"CUSTOMER_TYPE_MISMATCH"
"12061";"35410";"01-01-2738";"17418";"GM";"7";"GM - Grup Üyesi";"4";"N - Bireysel";"CUSTOMER_TYPE_MISMATCH"
"12068";"38047";"01-01-9805";"46418";"GM";"7";"GM - Grup Üyesi";"4";"N - Bireysel";"CUSTOMER_TYPE_MISMATCH"
"12069";"35641";"01-01-3429";"44036";"GM";"7";"GM - Grup Üyesi";"4";"N - Bireysel";"CUSTOMER_TYPE_MISMATCH"
"12070";"36222";"01-01-4786";"18152";"GM";"7";"GM - Grup Üyesi";"4";"N - Bireysel";"CUSTOMER_TYPE_MISMATCH"
"12071";"36427";"01-01-5345";"44836";"GM";"7";"GM - Grup Üyesi";"4";"N - Bireysel";"CUSTOMER_TYPE_MISMATCH"
"12072";"36716";"01-01-6255";"45239";"GM";"7";"GM - Grup Üyesi";"4";"N - Bireysel";"CUSTOMER_TYPE_MISMATCH"
"12074";"37696";"01-02-8739";"18149";"GM";"7";"GM - Grup Üyesi";"4";"N - Bireysel";"CUSTOMER_TYPE_MISMATCH"
"12077";"36765";"01-01-6355";"18169";"GM";"7";"GM - Grup Üyesi";"4";"N - Bireysel";"CUSTOMER_TYPE_MISMATCH"
"12079";"37566";"01-01-8377";"18168";"GM";"7";"GM - Grup Üyesi";"4";"N - Bireysel";"CUSTOMER_TYPE_MISMATCH"
"12087";"35053";"01-01-1082";"42699";"GM";"7";"GM - Grup Üyesi";"4";"N - Bireysel";"CUSTOMER_TYPE_MISMATCH"
"12090";"35302";"01-01-2231";"43379";"GM";"7";"GM - Grup Üyesi";"4";"N - Bireysel";"CUSTOMER_TYPE_MISMATCH"
"12095";"35565";"01-01-3202";"18163";"GM";"7";"GM - Grup Üyesi";"4";"N - Bireysel";"CUSTOMER_TYPE_MISMATCH"
"12101";"35221";"01-01-2009";"18187";"GM";"7";"GM - Grup Üyesi";"4";"N - Bireysel";"CUSTOMER_TYPE_MISMATCH"
"12103";"35479";"01-01-2995";"18185";"GM";"7";"GM - Grup Üyesi";"4";"N - Bireysel";"CUSTOMER_TYPE_MISMATCH"
"12104";"35514";"01-01-3088";"18194";"GM";"7";"GM - Grup Üyesi";"4";"N - Bireysel";"CUSTOMER_TYPE_MISMATCH"
"12105";"35538";"01-01-3132";"18175";"GM";"7";"GM - Grup Üyesi";"4";"N - Bireysel";"CUSTOMER_TYPE_MISMATCH"
"12106";"35598";"01-01-3326";"43991";"GM";"7";"GM - Grup Üyesi";"4";"N - Bireysel";"CUSTOMER_TYPE_MISMATCH"
"12107";"35762";"01-01-3756";"18179";"GM";"7";"GM - Grup Üyesi";"4";"N - Bireysel";"CUSTOMER_TYPE_MISMATCH"
"12109";"35874";"01-01-4034";"18189";"GM";"7";"GM - Grup Üyesi";"4";"N - Bireysel";"CUSTOMER_TYPE_MISMATCH"
"12110";"35974";"01-01-4231";"44339";"GM";"7";"GM - Grup Üyesi";"4";"N - Bireysel";"CUSTOMER_TYPE_MISMATCH"
"12111";"36083";"01-01-4473";"18199";"GM";"7";"GM - Grup Üyesi";"4";"N - Bireysel";"CUSTOMER_TYPE_MISMATCH"
"12113";"36343";"01-01-5127";"18200";"GM";"7";"GM - Grup Üyesi";"4";"N - Bireysel";"CUSTOMER_TYPE_MISMATCH"
"12114";"36421";"01-01-5327";"44832";"GM";"7";"GM - Grup Üyesi";"4";"N - Bireysel";"CUSTOMER_TYPE_MISMATCH"
"12116";"36477";"01-01-5538";"44941";"GM";"7";"GM - Grup Üyesi";"4";"N - Bireysel";"CUSTOMER_TYPE_MISMATCH"
"12118";"36573";"01-01-5907";"45112";"GM";"7";"GM - Grup Üyesi";"4";"N - Bireysel";"CUSTOMER_TYPE_MISMATCH"
"12119";"36678";"01-01-6161";"45211";"GM";"7";"GM - Grup Üyesi";"4";"N - Bireysel";"CUSTOMER_TYPE_MISMATCH"
"12121";"36769";"01-01-6364";"45265";"GM";"7";"GM - Grup Üyesi";"4";"N - Bireysel";"CUSTOMER_TYPE_MISMATCH"
"12123";"36983";"01-01-7019";"45498";"GM";"7";"GM - Grup Üyesi";"4";"N - Bireysel";"CUSTOMER_TYPE_MISMATCH"
"12125";"37532";"01-01-8280";"45859";"GM";"7";"GM - Grup Üyesi";"4";"N - Bireysel";"CUSTOMER_TYPE_MISMATCH"
"12126";"37647";"01-01-8630";"18176";"GM";"7";"GM - Grup Üyesi";"4";"N - Bireysel";"CUSTOMER_TYPE_MISMATCH"
"12129";"37653";"01-01-8644";"18180";"GM";"7";"GM - Grup Üyesi";"4";"N - Bireysel";"CUSTOMER_TYPE_MISMATCH"
"12130";"37655";"01-01-8653";"45961";"GM";"7";"GM - Grup Üyesi";"4";"N - Bireysel";"CUSTOMER_TYPE_MISMATCH"
"12131";"37656";"01-01-8656";"45964";"GM";"7";"GM - Grup Üyesi";"4";"N - Bireysel";"CUSTOMER_TYPE_MISMATCH"
"12132";"37657";"01-01-8657";"18201";"GM";"7";"GM - Grup Üyesi";"4";"N - Bireysel";"CUSTOMER_TYPE_MISMATCH"
"12133";"37658";"01-01-8660";"45966";"GM";"7";"GM - Grup Üyesi";"4";"N - Bireysel";"CUSTOMER_TYPE_MISMATCH"
"12134";"37659";"01-01-8664";"45968";"GM";"7";"GM - Grup Üyesi";"4";"N - Bireysel";"CUSTOMER_TYPE_MISMATCH"
"12135";"37662";"01-01-8668";"45970";"GM";"7";"GM - Grup Üyesi";"4";"N - Bireysel";"CUSTOMER_TYPE_MISMATCH"
"12138";"37667";"01-01-8683";"45973";"GM";"7";"GM - Grup Üyesi";"4";"N - Bireysel";"CUSTOMER_TYPE_MISMATCH"
"12140";"37672";"01-01-8698";"18182";"GM";"7";"GM - Grup Üyesi";"4";"N - Bireysel";"CUSTOMER_TYPE_MISMATCH"
"12141";"37676";"01-01-8704";"18192";"GM";"7";"GM - Grup Üyesi";"4";"N - Bireysel";"CUSTOMER_TYPE_MISMATCH"
"12142";"37677";"01-01-8706";"45981";"GM";"7";"GM - Grup Üyesi";"4";"N - Bireysel";"CUSTOMER_TYPE_MISMATCH"
"12143";"37679";"01-01-8710";"45983";"GM";"7";"GM - Grup Üyesi";"4";"N - Bireysel";"CUSTOMER_TYPE_MISMATCH"
"12146";"37684";"01-01-8719";"45984";"GM";"7";"GM - Grup Üyesi";"4";"N - Bireysel";"CUSTOMER_TYPE_MISMATCH"
"12147";"37685";"01-01-8720";"18197";"GM";"7";"GM - Grup Üyesi";"4";"N - Bireysel";"CUSTOMER_TYPE_MISMATCH"
"12148";"37686";"01-01-8721";"18191";"GM";"7";"GM - Grup Üyesi";"4";"N - Bireysel";"CUSTOMER_TYPE_MISMATCH"
"12149";"37688";"01-01-8726";"45987";"GM";"7";"GM - Grup Üyesi";"4";"N - Bireysel";"CUSTOMER_TYPE_MISMATCH"
"12150";"37689";"01-01-8727";"45988";"GM";"7";"GM - Grup Üyesi";"4";"N - Bireysel";"CUSTOMER_TYPE_MISMATCH"
"12151";"37690";"01-01-8728";"45989";"GM";"7";"GM - Grup Üyesi";"4";"N - Bireysel";"CUSTOMER_TYPE_MISMATCH"
"12155";"37694";"01-01-8737";"45992";"GM";"7";"GM - Grup Üyesi";"4";"N - Bireysel";"CUSTOMER_TYPE_MISMATCH"
"12156";"37697";"01-01-8740";"45993";"GM";"7";"GM - Grup Üyesi";"4";"N - Bireysel";"CUSTOMER_TYPE_MISMATCH"
"12158";"37699";"01-01-8744";"18198";"GM";"7";"GM - Grup Üyesi";"4";"N - Bireysel";"CUSTOMER_TYPE_MISMATCH"
"12159";"37700";"01-01-8746";"45997";"GM";"7";"GM - Grup Üyesi";"4";"N - Bireysel";"CUSTOMER_TYPE_MISMATCH"
"12160";"37701";"01-01-8748";"18183";"GM";"7";"GM - Grup Üyesi";"4";"N - Bireysel";"CUSTOMER_TYPE_MISMATCH"
"12161";"37703";"01-01-8750";"45995";"GM";"7";"GM - Grup Üyesi";"4";"N - Bireysel";"CUSTOMER_TYPE_MISMATCH"
"12164";"37706";"01-01-8753";"18196";"GM";"7";"GM - Grup Üyesi";"4";"N - Bireysel";"CUSTOMER_TYPE_MISMATCH"
"12165";"37729";"01-01-8803";"18195";"GM";"7";"GM - Grup Üyesi";"4";"N - Bireysel";"CUSTOMER_TYPE_MISMATCH"
"12168";"37843";"01-01-9188";"18193";"GM";"7";"GM - Grup Üyesi";"4";"N - Bireysel";"CUSTOMER_TYPE_MISMATCH"
"12169";"37864";"01-01-9250";"46183";"GM";"7";"GM - Grup Üyesi";"4";"N - Bireysel";"CUSTOMER_TYPE_MISMATCH"
"12170";"35005";"01-01-0617";"18320";"GM";"7";"GM - Grup Üyesi";"4";"N - Bireysel";"CUSTOMER_TYPE_MISMATCH"
"12171";"35137";"01-01-1659";"18321";"GM";"7";"GM - Grup Üyesi";"4";"N - Bireysel";"CUSTOMER_TYPE_MISMATCH"
"12172";"35781";"01-01-3810";"18322";"GM";"7";"GM - Grup Üyesi";"4";"N - Bireysel";"CUSTOMER_TYPE_MISMATCH"
"12173";"35863";"01-01-4010";"44263";"GM";"7";"GM - Grup Üyesi";"4";"N - Bireysel";"CUSTOMER_TYPE_MISMATCH"
"12174";"36289";"01-01-4984";"18315";"GM";"7";"GM - Grup Üyesi";"4";"N - Bireysel";"CUSTOMER_TYPE_MISMATCH"
"12175";"36768";"01-01-6361";"18324";"GM";"7";"GM - Grup Üyesi";"4";"N - Bireysel";"CUSTOMER_TYPE_MISMATCH"
"12176";"37766";"01-01-8918";"18318";"GM";"7";"GM - Grup Üyesi";"4";"N - Bireysel";"CUSTOMER_TYPE_MISMATCH"
"12177";"37834";"01-01-9162";"46147";"GM";"7";"GM - Grup Üyesi";"4";"N - Bireysel";"CUSTOMER_TYPE_MISMATCH"
"12178";"33981";"01-01-0050";"18325";"GM";"7";"GM - Grup Üyesi";"4";"N - Bireysel";"CUSTOMER_TYPE_MISMATCH"
"12179";"34192";"01-01-010263";"18338";"GM";"7";"GM - Grup Üyesi";"4";"N - Bireysel";"CUSTOMER_TYPE_MISMATCH"
"12180";"34942";"01-01-0277";"18326";"GM";"7";"GM - Grup Üyesi";"4";"N - Bireysel";"CUSTOMER_TYPE_MISMATCH"
"12182";"35150";"01-01-1710";"18327";"GM";"7";"GM - Grup Üyesi";"4";"N - Bireysel";"CUSTOMER_TYPE_MISMATCH"
"12183";"35165";"01-01-1798";"18328";"GM";"7";"GM - Grup Üyesi";"4";"N - Bireysel";"CUSTOMER_TYPE_MISMATCH"
"12184";"35216";"01-01-1993";"18329";"GM";"7";"GM - Grup Üyesi";"4";"N - Bireysel";"CUSTOMER_TYPE_MISMATCH"
"12185";"35353";"01-01-2452";"43512";"GM";"7";"GM - Grup Üyesi";"4";"N - Bireysel";"CUSTOMER_TYPE_MISMATCH"
"12187";"35486";"01-01-3018";"18330";"GM";"7";"GM - Grup Üyesi";"4";"N - Bireysel";"CUSTOMER_TYPE_MISMATCH"
"12189";"35553";"01-01-3164";"18336";"GM";"7";"GM - Grup Üyesi";"4";"N - Bireysel";"CUSTOMER_TYPE_MISMATCH"
"12190";"35567";"01-01-3210";"43925";"GM";"7";"GM - Grup Üyesi";"4";"N - Bireysel";"CUSTOMER_TYPE_MISMATCH"
"12191";"35752";"01-01-3727";"18337";"GM";"7";"GM - Grup Üyesi";"4";"N - Bireysel";"CUSTOMER_TYPE_MISMATCH"
"12192";"36199";"01-01-4693";"18331";"GM";"7";"GM - Grup Üyesi";"4";"N - Bireysel";"CUSTOMER_TYPE_MISMATCH"
"12193";"36212";"01-01-4745";"18332";"GM";"7";"GM - Grup Üyesi";"4";"N - Bireysel";"CUSTOMER_TYPE_MISMATCH"
"12194";"36300";"01-01-5031";"44711";"GM";"7";"GM - Grup Üyesi";"4";"N - Bireysel";"CUSTOMER_TYPE_MISMATCH"
"12195";"36506";"01-01-5700";"45033";"GM";"7";"GM - Grup Üyesi";"4";"N - Bireysel";"CUSTOMER_TYPE_MISMATCH"
"12196";"36753";"01-01-6334";"18333";"GM";"7";"GM - Grup Üyesi";"4";"N - Bireysel";"CUSTOMER_TYPE_MISMATCH"
"12197";"37077";"01-01-7234";"45580";"GM";"7";"GM - Grup Üyesi";"4";"N - Bireysel";"CUSTOMER_TYPE_MISMATCH"
"12198";"37112";"01-01-7317";"18334";"GM";"7";"GM - Grup Üyesi";"4";"N - Bireysel";"CUSTOMER_TYPE_MISMATCH"
"12199";"37163";"01-01-7437";"18335";"GM";"7";"GM - Grup Üyesi";"4";"N - Bireysel";"CUSTOMER_TYPE_MISMATCH"
"12200";"37356";"01-01-7872";"45730";"GM";"7";"GM - Grup Üyesi";"4";"N - Bireysel";"CUSTOMER_TYPE_MISMATCH"
"12201";"37407";"01-01-8030";"45789";"GM";"7";"GM - Grup Üyesi";"4";"N - Bireysel";"CUSTOMER_TYPE_MISMATCH"
"12203";"37995";"01-01-9674";"16276";"GM";"7";"GM - Grup Üyesi";"4";"N - Bireysel";"CUSTOMER_TYPE_MISMATCH"
"12204";"34888";"01-01-0117";"18353";"GM";"7";"GM - Grup Üyesi";"4";"N - Bireysel";"CUSTOMER_TYPE_MISMATCH"
"12205";"34905";"01-01-0183";"18354";"GM";"7";"GM - Grup Üyesi";"4";"N - Bireysel";"CUSTOMER_TYPE_MISMATCH"
"12207";"35530";"01-01-3121";"18355";"GM";"7";"GM - Grup Üyesi";"4";"N - Bireysel";"CUSTOMER_TYPE_MISMATCH"
"12209";"35924";"01-01-4135";"44311";"GM";"7";"GM - Grup Üyesi";"4";"N - Bireysel";"CUSTOMER_TYPE_MISMATCH"
"12210";"35940";"01-01-4168";"18356";"GM";"7";"GM - Grup Üyesi";"4";"N - Bireysel";"CUSTOMER_TYPE_MISMATCH"
"12211";"36200";"01-01-4697";"18357";"GM";"7";"GM - Grup Üyesi";"4";"N - Bireysel";"CUSTOMER_TYPE_MISMATCH"
"12212";"36500";"01-01-5664";"45015";"GM";"7";"GM - Grup Üyesi";"4";"N - Bireysel";"CUSTOMER_TYPE_MISMATCH"
"12213";"36511";"01-01-5728";"18358";"GM";"7";"GM - Grup Üyesi";"4";"N - Bireysel";"CUSTOMER_TYPE_MISMATCH"
"12214";"36939";"01-01-6887";"45444";"GM";"7";"GM - Grup Üyesi";"4";"N - Bireysel";"CUSTOMER_TYPE_MISMATCH"
"12215";"36971";"01-01-7000";"18359";"GM";"7";"GM - Grup Üyesi";"4";"N - Bireysel";"CUSTOMER_TYPE_MISMATCH"
"12216";"36973";"01-01-7002";"18360";"GM";"7";"GM - Grup Üyesi";"4";"N - Bireysel";"CUSTOMER_TYPE_MISMATCH"
"12217";"36974";"01-01-7003";"18361";"GM";"7";"GM - Grup Üyesi";"4";"N - Bireysel";"CUSTOMER_TYPE_MISMATCH"
"12219";"36978";"01-01-7011";"45496";"GM";"7";"GM - Grup Üyesi";"4";"N - Bireysel";"CUSTOMER_TYPE_MISMATCH"
"12221";"36980";"01-01-7014";"18362";"GM";"7";"GM - Grup Üyesi";"4";"N - Bireysel";"CUSTOMER_TYPE_MISMATCH"
"12223";"36984";"01-01-7020";"18349";"GM";"7";"GM - Grup Üyesi";"4";"N - Bireysel";"CUSTOMER_TYPE_MISMATCH"
"12224";"36986";"01-01-7024";"45500";"GM";"7";"GM - Grup Üyesi";"4";"N - Bireysel";"CUSTOMER_TYPE_MISMATCH"
"12225";"36988";"01-01-7026";"45501";"GM";"7";"GM - Grup Üyesi";"4";"N - Bireysel";"CUSTOMER_TYPE_MISMATCH"
"12228";"36993";"01-01-7034";"18347";"GM";"7";"GM - Grup Üyesi";"4";"N - Bireysel";"CUSTOMER_TYPE_MISMATCH"
"12229";"36994";"01-01-7035";"18348";"GM";"7";"GM - Grup Üyesi";"4";"N - Bireysel";"CUSTOMER_TYPE_MISMATCH"
"12231";"36996";"01-01-7039";"18351";"GM";"7";"GM - Grup Üyesi";"4";"N - Bireysel";"CUSTOMER_TYPE_MISMATCH"
"12233";"37355";"01-01-7871";"45729";"GM";"7";"GM - Grup Üyesi";"4";"N - Bireysel";"CUSTOMER_TYPE_MISMATCH"
"12234";"37807";"01-01-9067";"46106";"GM";"7";"GM - Grup Üyesi";"4";"N - Bireysel";"CUSTOMER_TYPE_MISMATCH"
"12238";"36445";"01-01-5404";"44872";"GM";"7";"GM - Grup Üyesi";"4";"N - Bireysel";"CUSTOMER_TYPE_MISMATCH"
"12241";"36916";"01-01-6774";"18363";"GM";"7";"GM - Grup Üyesi";"4";"N - Bireysel";"CUSTOMER_TYPE_MISMATCH"
"12242";"36917";"01-01-6778";"18364";"GM";"7";"GM - Grup Üyesi";"4";"N - Bireysel";"CUSTOMER_TYPE_MISMATCH"
"12246";"37123";"01-01-7354";"18365";"GM";"7";"GM - Grup Üyesi";"4";"N - Bireysel";"CUSTOMER_TYPE_MISMATCH"
"12249";"36931";"01-01-6843";"45424";"GM";"7";"GM - Grup Üyesi";"4";"N - Bireysel";"CUSTOMER_TYPE_MISMATCH"
"12250";"36279";"01-01-4954";"18372";"GM";"7";"GM - Grup Üyesi";"4";"N - Bireysel";"CUSTOMER_TYPE_MISMATCH"
"12252";"33997";"01-01-0076";"41078";"GM";"7";"GM - Grup Üyesi";"4";"N - Bireysel";"CUSTOMER_TYPE_MISMATCH"
"12255";"34953";"01-01-0314";"42185";"GM";"7";"GM - Grup Üyesi";"4";"N - Bireysel";"CUSTOMER_TYPE_MISMATCH"
"12256";"34987";"01-01-0483";"42279";"GM";"7";"GM - Grup Üyesi";"4";"N - Bireysel";"CUSTOMER_TYPE_MISMATCH"
"12258";"35170";"01-01-1823";"18387";"GM";"7";"GM - Grup Üyesi";"4";"N - Bireysel";"CUSTOMER_TYPE_MISMATCH"
"12260";"35706";"01-01-3589";"18375";"GM";"7";"GM - Grup Üyesi";"4";"N - Bireysel";"CUSTOMER_TYPE_MISMATCH"
"12261";"35792";"01-01-3839";"44208";"GM";"7";"GM - Grup Üyesi";"4";"N - Bireysel";"CUSTOMER_TYPE_MISMATCH"
"12262";"35846";"01-01-3955";"44238";"GM";"7";"GM - Grup Üyesi";"4";"N - Bireysel";"CUSTOMER_TYPE_MISMATCH"
"12264";"35946";"01-01-4175";"44323";"GM";"7";"GM - Grup Üyesi";"4";"N - Bireysel";"CUSTOMER_TYPE_MISMATCH"
"12265";"35981";"01-01-4247";"18374";"GM";"7";"GM - Grup Üyesi";"4";"N - Bireysel";"CUSTOMER_TYPE_MISMATCH"
"12266";"36044";"01-01-4390";"44398";"GM";"7";"GM - Grup Üyesi";"4";"N - Bireysel";"CUSTOMER_TYPE_MISMATCH"
"12268";"36438";"01-01-5390";"44864";"GM";"7";"GM - Grup Üyesi";"4";"N - Bireysel";"CUSTOMER_TYPE_MISMATCH"
"12270";"36715";"01-01-6253";"45238";"GM";"7";"GM - Grup Üyesi";"4";"N - Bireysel";"CUSTOMER_TYPE_MISMATCH"
"12273";"37138";"01-01-7387";"18385";"GM";"7";"GM - Grup Üyesi";"4";"N - Bireysel";"CUSTOMER_TYPE_MISMATCH"
"12275";"37141";"01-01-7391";"18386";"GM";"7";"GM - Grup Üyesi";"4";"N - Bireysel";"CUSTOMER_TYPE_MISMATCH"
"12276";"37145";"01-01-7402";"45626";"GM";"7";"GM - Grup Üyesi";"4";"N - Bireysel";"CUSTOMER_TYPE_MISMATCH"
"12277";"37148";"01-01-7405";"45627";"GM";"7";"GM - Grup Üyesi";"4";"N - Bireysel";"CUSTOMER_TYPE_MISMATCH"
"12278";"37154";"01-01-7416";"18388";"GM";"7";"GM - Grup Üyesi";"4";"N - Bireysel";"CUSTOMER_TYPE_MISMATCH"
"12281";"37165";"01-01-7444";"45636";"GM";"7";"GM - Grup Üyesi";"4";"N - Bireysel";"CUSTOMER_TYPE_MISMATCH"
"12282";"37166";"01-01-7445";"45637";"GM";"7";"GM - Grup Üyesi";"4";"N - Bireysel";"CUSTOMER_TYPE_MISMATCH"
"12284";"37172";"01-01-7468";"18383";"GM";"7";"GM - Grup Üyesi";"4";"N - Bireysel";"CUSTOMER_TYPE_MISMATCH"
"12286";"37178";"01-01-7479";"18389";"GM";"7";"GM - Grup Üyesi";"4";"N - Bireysel";"CUSTOMER_TYPE_MISMATCH"
"12287";"37180";"01-01-7482";"45642";"GM";"7";"GM - Grup Üyesi";"4";"N - Bireysel";"CUSTOMER_TYPE_MISMATCH"
"12290";"37188";"01-01-7510";"18378";"GM";"7";"GM - Grup Üyesi";"4";"N - Bireysel";"CUSTOMER_TYPE_MISMATCH"
"12291";"37190";"01-01-7515";"18373";"GM";"7";"GM - Grup Üyesi";"4";"N - Bireysel";"CUSTOMER_TYPE_MISMATCH"
"12292";"37192";"01-01-7520";"45646";"GM";"7";"GM - Grup Üyesi";"4";"N - Bireysel";"CUSTOMER_TYPE_MISMATCH"
"12294";"37199";"01-01-7532";"45651";"GM";"7";"GM - Grup Üyesi";"4";"N - Bireysel";"CUSTOMER_TYPE_MISMATCH"
"12296";"37201";"01-01-7534";"18376";"GM";"7";"GM - Grup Üyesi";"4";"N - Bireysel";"CUSTOMER_TYPE_MISMATCH"
"12297";"37203";"01-01-7536";"18377";"GM";"7";"GM - Grup Üyesi";"4";"N - Bireysel";"CUSTOMER_TYPE_MISMATCH"
"12298";"37204";"01-01-7539";"45653";"GM";"7";"GM - Grup Üyesi";"4";"N - Bireysel";"CUSTOMER_TYPE_MISMATCH"
"12301";"37209";"01-01-7548";"45656";"GM";"7";"GM - Grup Üyesi";"4";"N - Bireysel";"CUSTOMER_TYPE_MISMATCH"
"12307";"37221";"01-01-7577";"45664";"GM";"7";"GM - Grup Üyesi";"4";"N - Bireysel";"CUSTOMER_TYPE_MISMATCH"
"12309";"37225";"01-01-7581";"18384";"GM";"7";"GM - Grup Üyesi";"4";"N - Bireysel";"CUSTOMER_TYPE_MISMATCH"
"12310";"37226";"01-01-7582";"11813";"GM";"7";"GM - Grup Üyesi";"4";"N - Bireysel";"CUSTOMER_TYPE_MISMATCH"
"12311";"37228";"01-01-7586";"18391";"GM";"7";"GM - Grup Üyesi";"4";"N - Bireysel";"CUSTOMER_TYPE_MISMATCH"
"12312";"37230";"01-01-7592";"45666";"GM";"7";"GM - Grup Üyesi";"4";"N - Bireysel";"CUSTOMER_TYPE_MISMATCH"
"12314";"37238";"01-01-7613";"17226";"GM";"7";"GM - Grup Üyesi";"4";"N - Bireysel";"CUSTOMER_TYPE_MISMATCH"
"12315";"37241";"01-01-7619";"45677";"GM";"7";"GM - Grup Üyesi";"4";"N - Bireysel";"CUSTOMER_TYPE_MISMATCH"
"12316";"37279";"01-01-7703";"45688";"GM";"7";"GM - Grup Üyesi";"4";"N - Bireysel";"CUSTOMER_TYPE_MISMATCH"
"12317";"37293";"01-01-7731";"45691";"GM";"7";"GM - Grup Üyesi";"4";"N - Bireysel";"CUSTOMER_TYPE_MISMATCH"
"12320";"37320";"01-01-7780";"45700";"GM";"7";"GM - Grup Üyesi";"4";"N - Bireysel";"CUSTOMER_TYPE_MISMATCH"
"12324";"37380";"01-01-7957";"45758";"GM";"7";"GM - Grup Üyesi";"4";"N - Bireysel";"CUSTOMER_TYPE_MISMATCH"
"12325";"37381";"01-01-7958";"45759";"GM";"7";"GM - Grup Üyesi";"4";"N - Bireysel";"CUSTOMER_TYPE_MISMATCH"
"12326";"37387";"01-01-7978";"45765";"GM";"7";"GM - Grup Üyesi";"4";"N - Bireysel";"CUSTOMER_TYPE_MISMATCH"
"12327";"37433";"01-01-8127";"18390";"GM";"7";"GM - Grup Üyesi";"4";"N - Bireysel";"CUSTOMER_TYPE_MISMATCH"
"12329";"37768";"01-01-8923";"46048";"GM";"7";"GM - Grup Üyesi";"4";"N - Bireysel";"CUSTOMER_TYPE_MISMATCH"
"12330";"37802";"01-01-9044";"18380";"GM";"7";"GM - Grup Üyesi";"4";"N - Bireysel";"CUSTOMER_TYPE_MISMATCH"
"12332";"37826";"01-01-9139";"18381";"GM";"7";"GM - Grup Üyesi";"4";"N - Bireysel";"CUSTOMER_TYPE_MISMATCH"
"12334";"37852";"01-01-9214";"46170";"GM";"7";"GM - Grup Üyesi";"4";"N - Bireysel";"CUSTOMER_TYPE_MISMATCH"
"12335";"37878";"01-01-9290";"46198";"GM";"7";"GM - Grup Üyesi";"4";"N - Bireysel";"CUSTOMER_TYPE_MISMATCH"
"12337";"37912";"01-01-9414";"18382";"GM";"7";"GM - Grup Üyesi";"4";"N - Bireysel";"CUSTOMER_TYPE_MISMATCH"
"12338";"37923";"01-01-9461";"46261";"GM";"7";"GM - Grup Üyesi";"4";"N - Bireysel";"CUSTOMER_TYPE_MISMATCH"
"12339";"38039";"01-01-9794";"18379";"GM";"7";"GM - Grup Üyesi";"4";"N - Bireysel";"CUSTOMER_TYPE_MISMATCH"
"12340";"38083";"01-01-9874";"46446";"GM";"7";"GM - Grup Üyesi";"4";"N - Bireysel";"CUSTOMER_TYPE_MISMATCH"
"12619";"41532";"01-01-6521";"45311";"GM";"7";"GM - Grup Üyesi";"4";"N - Bireysel";"CUSTOMER_TYPE_MISMATCH"
"1579";"1052";"01-01-3423";"17168";"GM";"7";"GM - Grup Üyesi";"4";"N - Bireysel";"CUSTOMER_TYPE_MISMATCH"
"16772";"45594";"01-01-3439";"44040";"GM";"7";"GM - Grup Üyesi";"4";"N - Bireysel";"CUSTOMER_TYPE_MISMATCH"
"1689";"867";"01-01-4563";"17774";"GM";"7";"GM - Grup Üyesi";"4";"N - Bireysel";"CUSTOMER_TYPE_MISMATCH"
"17773";"46029";"01-01-3440";"12215";"GM";"7";"GM - Grup Üyesi";"4";"N - Bireysel";"CUSTOMER_TYPE_MISMATCH"
"21780";"51557";"01-01-9670";"46355";"GM";"7";"GM - Grup Üyesi";"4";"N - Bireysel";"CUSTOMER_TYPE_MISMATCH"
"21784";"51946";"01-01-7436";"45632";"GM";"7";"GM - Grup Üyesi";"4";"N - Bireysel";"CUSTOMER_TYPE_MISMATCH"
"21798";"36219";"01-01-4777";"44575";"GM";"7";"GM - Grup Üyesi";"4";"N - Bireysel";"CUSTOMER_TYPE_MISMATCH"
"21800";"54156";"01-01-3546";"18178";"GM";"7";"GM - Grup Üyesi";"4";"N - Bireysel";"CUSTOMER_TYPE_MISMATCH"
"21805";"55509";"01-01-3550";"44087";"GM";"7";"GM - Grup Üyesi";"4";"N - Bireysel";"CUSTOMER_TYPE_MISMATCH"
"21813";"55744";"01-01-3574";"44100";"GM";"7";"GM - Grup Üyesi";"4";"N - Bireysel";"CUSTOMER_TYPE_MISMATCH"
"21816";"55868";"01-01-3586";"44104";"GM";"7";"GM - Grup Üyesi";"4";"N - Bireysel";"CUSTOMER_TYPE_MISMATCH"
"21818";"56030";"01-01-3600";"44110";"GM";"7";"GM - Grup Üyesi";"4";"N - Bireysel";"CUSTOMER_TYPE_MISMATCH"
"21823";"56418";"01-02-1281";"12212";"GM";"7";"GM - Grup Üyesi";"4";"N - Bireysel";"CUSTOMER_TYPE_MISMATCH"
"21824";"56457";"01-01-3622";"11877";"GM";"7";"GM - Grup Üyesi";"4";"N - Bireysel";"CUSTOMER_TYPE_MISMATCH"
"21827";"56702";"01-01-3679";"44143";"GM";"7";"GM - Grup Üyesi";"4";"N - Bireysel";"CUSTOMER_TYPE_MISMATCH"
"2219";"428";"01-01-6797";"17501";"GM";"7";"GM - Grup Üyesi";"4";"N - Bireysel";"CUSTOMER_TYPE_MISMATCH"
"2251";"376";"01-01-7058";"15193";"N";"4";"N - Bireysel";"6";"BNK01 - BANKA";"CUSTOMER_TYPE_MISMATCH"
"22832";"56969";"01-01-3705";"44154";"GM";"7";"GM - Grup Üyesi";"4";"N - Bireysel";"CUSTOMER_TYPE_MISMATCH"
"22855";"57514";"01-01-3430";"12044";"GM";"7";"GM - Grup Üyesi";"4";"N - Bireysel";"CUSTOMER_TYPE_MISMATCH"
"22858";"57517";"01-01-3161";"12042";"GM";"7";"GM - Grup Üyesi";"4";"N - Bireysel";"CUSTOMER_TYPE_MISMATCH"
"22866";"57975";"01-01-3836";"12207";"GM";"7";"GM - Grup Üyesi";"4";"N - Bireysel";"CUSTOMER_TYPE_MISMATCH"
"22885";"58579";"01-01-3902";"44220";"GM";"7";"GM - Grup Üyesi";"4";"N - Bireysel";"CUSTOMER_TYPE_MISMATCH"
"22897";"58911";"01-01-4021";"44268";"GM";"7";"GM - Grup Üyesi";"4";"N - Bireysel";"CUSTOMER_TYPE_MISMATCH"
"22899";"59208";"01-01-4106";"44302";"GM";"7";"GM - Grup Üyesi";"4";"N - Bireysel";"CUSTOMER_TYPE_MISMATCH"
"22901";"59369";"01-01-7794";"45705";"GM";"7";"GM - Grup Üyesi";"4";"N - Bireysel";"CUSTOMER_TYPE_MISMATCH"
"22923";"61063";"01-01-4304";"18190";"GM";"7";"GM - Grup Üyesi";"4";"N - Bireysel";"CUSTOMER_TYPE_MISMATCH"
"22924";"61067";"01-01-4321";"17109";"GM";"7";"GM - Grup Üyesi";"4";"N - Bireysel";"CUSTOMER_TYPE_MISMATCH"
"23933";"61433";"01-01-4363";"17170";"GM";"7";"GM - Grup Üyesi";"4";"N - Bireysel";"CUSTOMER_TYPE_MISMATCH"
"2396";"279";"01-01-8046";"15389";"GM";"7";"GM - Grup Üyesi";"4";"N - Bireysel";"CUSTOMER_TYPE_MISMATCH"
"24948";"61646";"01-01-4447";"11832";"GM";"7";"GM - Grup Üyesi";"4";"N - Bireysel";"CUSTOMER_TYPE_MISMATCH"
"24950";"61722";"01-01-4520";"44452";"GM";"7";"GM - Grup Üyesi";"4";"N - Bireysel";"CUSTOMER_TYPE_MISMATCH"
"24959";"62448";"01-01-9591";"18184";"GM";"7";"GM - Grup Üyesi";"4";"N - Bireysel";"CUSTOMER_TYPE_MISMATCH"
"24961";"62461";"01-01-4628";"12066";"GM";"7";"GM - Grup Üyesi";"4";"N - Bireysel";"CUSTOMER_TYPE_MISMATCH"
"24963";"62554";"01-01-4728";"18323";"GM";"7";"GM - Grup Üyesi";"4";"N - Bireysel";"CUSTOMER_TYPE_MISMATCH"
"24964";"62684";"01-01-4792";"44582";"GM";"7";"GM - Grup Üyesi";"4";"N - Bireysel";"CUSTOMER_TYPE_MISMATCH"
"24965";"62689";"01-01-4797";"12043";"GM";"7";"GM - Grup Üyesi";"4";"N - Bireysel";"CUSTOMER_TYPE_MISMATCH"
"24967";"62731";"01-01-4799";"11834";"GM";"7";"GM - Grup Üyesi";"4";"N - Bireysel";"CUSTOMER_TYPE_MISMATCH"
"25027";"64811";"01-01-3107";"43878";"GM";"7";"GM - Grup Üyesi";"4";"N - Bireysel";"CUSTOMER_TYPE_MISMATCH"
"25028";"64844";"01-01-3041";"17222";"GM";"7";"GM - Grup Üyesi";"4";"N - Bireysel";"CUSTOMER_TYPE_MISMATCH"
"25035";"65424";"01-01-3282";"17409";"GM";"7";"GM - Grup Üyesi";"4";"N - Bireysel";"CUSTOMER_TYPE_MISMATCH"
"25038";"65531";"01-01-3322";"43988";"GM";"7";"GM - Grup Üyesi";"4";"N - Bireysel";"CUSTOMER_TYPE_MISMATCH"
"25053";"66132";"01-01-3336";"18186";"GM";"7";"GM - Grup Üyesi";"4";"N - Bireysel";"CUSTOMER_TYPE_MISMATCH"
"25056";"66249";"01-01-3343";"43996";"GM";"7";"GM - Grup Üyesi";"4";"N - Bireysel";"CUSTOMER_TYPE_MISMATCH"
"25063";"66537";"01-01-3432";"17088";"GM";"7";"GM - Grup Üyesi";"4";"N - Bireysel";"CUSTOMER_TYPE_MISMATCH"
"25064";"66735";"01-01-3504";"17258";"GM";"7";"GM - Grup Üyesi";"4";"N - Bireysel";"CUSTOMER_TYPE_MISMATCH"
"25065";"66736";"01-01-3486";"17257";"GM";"7";"GM - Grup Üyesi";"4";"N - Bireysel";"CUSTOMER_TYPE_MISMATCH"
"25066";"66737";"01-01-3485";"17256";"GM";"7";"GM - Grup Üyesi";"4";"N - Bireysel";"CUSTOMER_TYPE_MISMATCH"
"25086";"67413";"01-01-3918";"17255";"GM";"7";"GM - Grup Üyesi";"4";"N - Bireysel";"CUSTOMER_TYPE_MISMATCH"
"25087";"67414";"01-01-3898";"17254";"GM";"7";"GM - Grup Üyesi";"4";"N - Bireysel";"CUSTOMER_TYPE_MISMATCH"
"25088";"67415";"01-01-3927";"17295";"GM";"7";"GM - Grup Üyesi";"4";"N - Bireysel";"CUSTOMER_TYPE_MISMATCH"
"25089";"67416";"01-01-3920";"17096";"GM";"7";"GM - Grup Üyesi";"4";"N - Bireysel";"CUSTOMER_TYPE_MISMATCH"
"25097";"36769";"01-01-6364";"45265";"GM";"7";"GM - Grup Üyesi";"4";"N - Bireysel";"CUSTOMER_TYPE_MISMATCH"
"25103";"68041";"01-01-8326";"18181";"GM";"7";"GM - Grup Üyesi";"4";"N - Bireysel";"CUSTOMER_TYPE_MISMATCH"
"25104";"68047";"01-01-3997";"44259";"GM";"7";"GM - Grup Üyesi";"4";"N - Bireysel";"CUSTOMER_TYPE_MISMATCH"
"25107";"68103";"01-01-5537";"11839";"GM";"7";"GM - Grup Üyesi";"4";"N - Bireysel";"CUSTOMER_TYPE_MISMATCH"
"25118";"68560";"01-01-4119";"44307";"GM";"7";"GM - Grup Üyesi";"4";"N - Bireysel";"CUSTOMER_TYPE_MISMATCH"
"25119";"68663";"01-01-3953";"44236";"GM";"7";"GM - Grup Üyesi";"4";"N - Bireysel";"CUSTOMER_TYPE_MISMATCH"
"25132";"68964";"01-01-4263";"44350";"GM";"7";"GM - Grup Üyesi";"4";"N - Bireysel";"CUSTOMER_TYPE_MISMATCH"
"25133";"68977";"01-01-4305";"44363";"GM";"7";"GM - Grup Üyesi";"4";"N - Bireysel";"CUSTOMER_TYPE_MISMATCH"
"25140";"69592";"01-01-6734";"45397";"GM";"7";"GM - Grup Üyesi";"4";"N - Bireysel";"CUSTOMER_TYPE_MISMATCH"
"25144";"69643";"01-01-6781";"45408";"GM";"7";"GM - Grup Üyesi";"4";"N - Bireysel";"CUSTOMER_TYPE_MISMATCH"
"25157";"69879";"01-01-6813";"45417";"GM";"7";"GM - Grup Üyesi";"4";"N - Bireysel";"CUSTOMER_TYPE_MISMATCH"
"25162";"70098";"01-02-1373";"11833";"GM";"7";"GM - Grup Üyesi";"4";"N - Bireysel";"CUSTOMER_TYPE_MISMATCH"
"25168";"70743";"01-01-5156";"44767";"GM";"7";"GM - Grup Üyesi";"4";"N - Bireysel";"CUSTOMER_TYPE_MISMATCH"
"25169";"70744";"01-01-6131";"45195";"GM";"7";"GM - Grup Üyesi";"4";"N - Bireysel";"CUSTOMER_TYPE_MISMATCH"
"25170";"70745";"01-01-5171";"44778";"GM";"7";"GM - Grup Üyesi";"4";"N - Bireysel";"CUSTOMER_TYPE_MISMATCH"
"25171";"70746";"01-01-6645";"45370";"GM";"7";"GM - Grup Üyesi";"4";"N - Bireysel";"CUSTOMER_TYPE_MISMATCH"
"25172";"70747";"01-01-5353";"44841";"GM";"7";"GM - Grup Üyesi";"4";"N - Bireysel";"CUSTOMER_TYPE_MISMATCH"
"25173";"70748";"01-01-5402";"44870";"GM";"7";"GM - Grup Üyesi";"4";"N - Bireysel";"CUSTOMER_TYPE_MISMATCH"
"25174";"70875";"01-01-5160";"44771";"GM";"7";"GM - Grup Üyesi";"4";"N - Bireysel";"CUSTOMER_TYPE_MISMATCH"
"25175";"70876";"01-01-5856";"45092";"GM";"7";"GM - Grup Üyesi";"4";"N - Bireysel";"CUSTOMER_TYPE_MISMATCH"
"25177";"70878";"01-01-5376";"44861";"GM";"7";"GM - Grup Üyesi";"4";"N - Bireysel";"CUSTOMER_TYPE_MISMATCH"
"25179";"70870";"01-01-5686";"45024";"GM";"7";"GM - Grup Üyesi";"4";"N - Bireysel";"CUSTOMER_TYPE_MISMATCH"
"25180";"70871";"01-01-6080";"45180";"GM";"7";"GM - Grup Üyesi";"4";"N - Bireysel";"CUSTOMER_TYPE_MISMATCH"
"25181";"70872";"01-01-4836";"44600";"GM";"7";"GM - Grup Üyesi";"4";"N - Bireysel";"CUSTOMER_TYPE_MISMATCH"
"25183";"70874";"01-01-5068";"44725";"GM";"7";"GM - Grup Üyesi";"4";"N - Bireysel";"CUSTOMER_TYPE_MISMATCH"
"25184";"70863";"01-01-4448";"44422";"GM";"7";"GM - Grup Üyesi";"4";"N - Bireysel";"CUSTOMER_TYPE_MISMATCH"
"25185";"70864";"01-01-4494";"44442";"GM";"7";"GM - Grup Üyesi";"4";"N - Bireysel";"CUSTOMER_TYPE_MISMATCH"
"25186";"70865";"01-01-6676";"45383";"GM";"7";"GM - Grup Üyesi";"4";"N - Bireysel";"CUSTOMER_TYPE_MISMATCH"
"25188";"70867";"01-01-6232";"45235";"GM";"7";"GM - Grup Üyesi";"4";"N - Bireysel";"CUSTOMER_TYPE_MISMATCH"
"25190";"70857";"01-01-5980";"45139";"GM";"7";"GM - Grup Üyesi";"4";"N - Bireysel";"CUSTOMER_TYPE_MISMATCH"
"25191";"70858";"01-01-5850";"45089";"GM";"7";"GM - Grup Üyesi";"4";"N - Bireysel";"CUSTOMER_TYPE_MISMATCH"
"25192";"70859";"01-01-5936";"45124";"GM";"7";"GM - Grup Üyesi";"4";"N - Bireysel";"CUSTOMER_TYPE_MISMATCH"
"25194";"70861";"01-01-4615";"44493";"GM";"7";"GM - Grup Üyesi";"4";"N - Bireysel";"CUSTOMER_TYPE_MISMATCH"
"25195";"70862";"01-01-4753";"44560";"GM";"7";"GM - Grup Üyesi";"4";"N - Bireysel";"CUSTOMER_TYPE_MISMATCH"
"25196";"70851";"01-01-5234";"44804";"GM";"7";"GM - Grup Üyesi";"4";"N - Bireysel";"CUSTOMER_TYPE_MISMATCH"
"25197";"70852";"01-01-5701";"45034";"GM";"7";"GM - Grup Üyesi";"4";"N - Bireysel";"CUSTOMER_TYPE_MISMATCH"
"25198";"70853";"01-01-4484";"44439";"GM";"7";"GM - Grup Üyesi";"4";"N - Bireysel";"CUSTOMER_TYPE_MISMATCH"
"25199";"70854";"01-01-5350";"44839";"GM";"7";"GM - Grup Üyesi";"4";"N - Bireysel";"CUSTOMER_TYPE_MISMATCH"
"25201";"70856";"01-01-4987";"44659";"GM";"7";"GM - Grup Üyesi";"4";"N - Bireysel";"CUSTOMER_TYPE_MISMATCH"
"25203";"70846";"01-01-5039";"44703";"GM";"7";"GM - Grup Üyesi";"4";"N - Bireysel";"CUSTOMER_TYPE_MISMATCH"
"25206";"70849";"01-01-6456";"45286";"GM";"7";"GM - Grup Üyesi";"4";"N - Bireysel";"CUSTOMER_TYPE_MISMATCH"
"25207";"70850";"01-01-6455";"45285";"GM";"7";"GM - Grup Üyesi";"4";"N - Bireysel";"CUSTOMER_TYPE_MISMATCH"
"25208";"70839";"01-01-5978";"45137";"GM";"7";"GM - Grup Üyesi";"4";"N - Bireysel";"CUSTOMER_TYPE_MISMATCH"
"25209";"70840";"01-01-5087";"44737";"GM";"7";"GM - Grup Üyesi";"4";"N - Bireysel";"CUSTOMER_TYPE_MISMATCH"
"25210";"70841";"01-01-5530";"44940";"GM";"7";"GM - Grup Üyesi";"4";"N - Bireysel";"CUSTOMER_TYPE_MISMATCH"
"25211";"70842";"01-01-6059";"45173";"GM";"7";"GM - Grup Üyesi";"4";"N - Bireysel";"CUSTOMER_TYPE_MISMATCH"
"25212";"70843";"01-01-5456";"44887";"GM";"7";"GM - Grup Üyesi";"4";"N - Bireysel";"CUSTOMER_TYPE_MISMATCH"
"25213";"70844";"01-01-5136";"44755";"GM";"7";"GM - Grup Üyesi";"4";"N - Bireysel";"CUSTOMER_TYPE_MISMATCH"
"25214";"70833";"01-01-6396";"45275";"GM";"7";"GM - Grup Üyesi";"4";"N - Bireysel";"CUSTOMER_TYPE_MISMATCH"
"25215";"70834";"01-01-5182";"44783";"GM";"7";"GM - Grup Üyesi";"4";"N - Bireysel";"CUSTOMER_TYPE_MISMATCH"
"25217";"70836";"01-01-5782";"45072";"GM";"7";"GM - Grup Üyesi";"4";"N - Bireysel";"CUSTOMER_TYPE_MISMATCH"
"25219";"70838";"01-01-5359";"44846";"GM";"7";"GM - Grup Üyesi";"4";"N - Bireysel";"CUSTOMER_TYPE_MISMATCH"
"25220";"70827";"01-01-5042";"44705";"GM";"7";"GM - Grup Üyesi";"4";"N - Bireysel";"CUSTOMER_TYPE_MISMATCH"
"25221";"70828";"01-01-5958";"45133";"GM";"7";"GM - Grup Üyesi";"4";"N - Bireysel";"CUSTOMER_TYPE_MISMATCH"
"25222";"70829";"01-01-5089";"44738";"GM";"7";"GM - Grup Üyesi";"4";"N - Bireysel";"CUSTOMER_TYPE_MISMATCH"
"25223";"70830";"01-01-5547";"44943";"GM";"7";"GM - Grup Üyesi";"4";"N - Bireysel";"CUSTOMER_TYPE_MISMATCH"
"25224";"70831";"01-01-5560";"44953";"GM";"7";"GM - Grup Üyesi";"4";"N - Bireysel";"CUSTOMER_TYPE_MISMATCH"
"25225";"70832";"01-01-4407";"44406";"GM";"7";"GM - Grup Üyesi";"4";"N - Bireysel";"CUSTOMER_TYPE_MISMATCH"
"25226";"70821";"01-01-5106";"44745";"GM";"7";"GM - Grup Üyesi";"4";"N - Bireysel";"CUSTOMER_TYPE_MISMATCH"
"25228";"70823";"01-01-5921";"45115";"GM";"7";"GM - Grup Üyesi";"4";"N - Bireysel";"CUSTOMER_TYPE_MISMATCH"
"25230";"70825";"01-01-4871";"44614";"GM";"7";"GM - Grup Üyesi";"4";"N - Bireysel";"CUSTOMER_TYPE_MISMATCH"
"25231";"70826";"01-01-5132";"44764";"GM";"7";"GM - Grup Üyesi";"4";"N - Bireysel";"CUSTOMER_TYPE_MISMATCH"
"25232";"70815";"01-01-5138";"44756";"GM";"7";"GM - Grup Üyesi";"4";"N - Bireysel";"CUSTOMER_TYPE_MISMATCH"
"25234";"70817";"01-01-4699";"44532";"GM";"7";"GM - Grup Üyesi";"4";"N - Bireysel";"CUSTOMER_TYPE_MISMATCH"
"25235";"70818";"01-01-6489";"45300";"GM";"7";"GM - Grup Üyesi";"4";"N - Bireysel";"CUSTOMER_TYPE_MISMATCH"
"25236";"70819";"01-01-5186";"44785";"GM";"7";"GM - Grup Üyesi";"4";"N - Bireysel";"CUSTOMER_TYPE_MISMATCH"
"25237";"70820";"01-01-6076";"45178";"GM";"7";"GM - Grup Üyesi";"4";"N - Bireysel";"CUSTOMER_TYPE_MISMATCH"
"25238";"70809";"01-01-5405";"44873";"GM";"7";"GM - Grup Üyesi";"4";"N - Bireysel";"CUSTOMER_TYPE_MISMATCH"
"25239";"70810";"01-01-6550";"45325";"GM";"7";"GM - Grup Üyesi";"4";"N - Bireysel";"CUSTOMER_TYPE_MISMATCH"
"25240";"70811";"01-01-5169";"44777";"GM";"7";"GM - Grup Üyesi";"4";"N - Bireysel";"CUSTOMER_TYPE_MISMATCH"
"25241";"70812";"01-01-6707";"45393";"GM";"7";"GM - Grup Üyesi";"4";"N - Bireysel";"CUSTOMER_TYPE_MISMATCH"
"25242";"70813";"01-01-4525";"44457";"GM";"7";"GM - Grup Üyesi";"4";"N - Bireysel";"CUSTOMER_TYPE_MISMATCH"
"25243";"70814";"01-01-6399";"45277";"GM";"7";"GM - Grup Üyesi";"4";"N - Bireysel";"CUSTOMER_TYPE_MISMATCH"
"25244";"70803";"01-01-5109";"44747";"GM";"7";"GM - Grup Üyesi";"4";"N - Bireysel";"CUSTOMER_TYPE_MISMATCH"
"25245";"70804";"01-01-5393";"44866";"GM";"7";"GM - Grup Üyesi";"4";"N - Bireysel";"CUSTOMER_TYPE_MISMATCH"
"25246";"70805";"01-01-5950";"45130";"GM";"7";"GM - Grup Üyesi";"4";"N - Bireysel";"CUSTOMER_TYPE_MISMATCH"
"25247";"70806";"01-01-4726";"44546";"GM";"7";"GM - Grup Üyesi";"4";"N - Bireysel";"CUSTOMER_TYPE_MISMATCH"
"25248";"70807";"01-01-6309";"45252";"GM";"7";"GM - Grup Üyesi";"4";"N - Bireysel";"CUSTOMER_TYPE_MISMATCH"
"25249";"70808";"01-01-4578";"44481";"GM";"7";"GM - Grup Üyesi";"4";"N - Bireysel";"CUSTOMER_TYPE_MISMATCH"
"25250";"70797";"01-01-4536";"44465";"GM";"7";"GM - Grup Üyesi";"4";"N - Bireysel";"CUSTOMER_TYPE_MISMATCH"
"25251";"70798";"01-01-6605";"45354";"GM";"7";"GM - Grup Üyesi";"4";"N - Bireysel";"CUSTOMER_TYPE_MISMATCH"
"25253";"70800";"01-01-5075";"44728";"GM";"7";"GM - Grup Üyesi";"4";"N - Bireysel";"CUSTOMER_TYPE_MISMATCH"
"25254";"70801";"01-01-5949";"45129";"GM";"7";"GM - Grup Üyesi";"4";"N - Bireysel";"CUSTOMER_TYPE_MISMATCH"
"25255";"70802";"01-01-5995";"45145";"GM";"7";"GM - Grup Üyesi";"4";"N - Bireysel";"CUSTOMER_TYPE_MISMATCH"
"25257";"70792";"01-01-5056";"44731";"GM";"7";"GM - Grup Üyesi";"4";"N - Bireysel";"CUSTOMER_TYPE_MISMATCH"
"25258";"70793";"01-01-5389";"44863";"GM";"7";"GM - Grup Üyesi";"4";"N - Bireysel";"CUSTOMER_TYPE_MISMATCH"
"25259";"70794";"01-01-5117";"44752";"GM";"7";"GM - Grup Üyesi";"4";"N - Bireysel";"CUSTOMER_TYPE_MISMATCH"
"25260";"70795";"01-01-6461";"45290";"GM";"7";"GM - Grup Üyesi";"4";"N - Bireysel";"CUSTOMER_TYPE_MISMATCH"
"25261";"70796";"01-01-6625";"45363";"GM";"7";"GM - Grup Üyesi";"4";"N - Bireysel";"CUSTOMER_TYPE_MISMATCH"
"25262";"70785";"01-01-5129";"44762";"GM";"7";"GM - Grup Üyesi";"4";"N - Bireysel";"CUSTOMER_TYPE_MISMATCH"
"25263";"70786";"01-01-5985";"45140";"GM";"7";"GM - Grup Üyesi";"4";"N - Bireysel";"CUSTOMER_TYPE_MISMATCH"
"25264";"70787";"01-01-6191";"45221";"GM";"7";"GM - Grup Üyesi";"4";"N - Bireysel";"CUSTOMER_TYPE_MISMATCH"
"25265";"70788";"01-01-5168";"44776";"GM";"7";"GM - Grup Üyesi";"4";"N - Bireysel";"CUSTOMER_TYPE_MISMATCH"
"25266";"70789";"01-01-6166";"45213";"GM";"7";"GM - Grup Üyesi";"4";"N - Bireysel";"CUSTOMER_TYPE_MISMATCH"
"25267";"70790";"01-01-5523";"44936";"GM";"7";"GM - Grup Üyesi";"4";"N - Bireysel";"CUSTOMER_TYPE_MISMATCH"
"25270";"70781";"01-01-6099";"45185";"GM";"7";"GM - Grup Üyesi";"4";"N - Bireysel";"CUSTOMER_TYPE_MISMATCH"
"25272";"70783";"01-01-5388";"44862";"GM";"7";"GM - Grup Üyesi";"4";"N - Bireysel";"CUSTOMER_TYPE_MISMATCH"
"25273";"70784";"01-01-5578";"44969";"GM";"7";"GM - Grup Üyesi";"4";"N - Bireysel";"CUSTOMER_TYPE_MISMATCH"
"25274";"70773";"01-01-5095";"44740";"GM";"7";"GM - Grup Üyesi";"4";"N - Bireysel";"CUSTOMER_TYPE_MISMATCH"
"25275";"70774";"01-01-6522";"45312";"GM";"7";"GM - Grup Üyesi";"4";"N - Bireysel";"CUSTOMER_TYPE_MISMATCH"
"25276";"70775";"01-01-4814";"44590";"GM";"7";"GM - Grup Üyesi";"4";"N - Bireysel";"CUSTOMER_TYPE_MISMATCH"
"25277";"70776";"01-01-5334";"44834";"GM";"7";"GM - Grup Üyesi";"4";"N - Bireysel";"CUSTOMER_TYPE_MISMATCH"
"25280";"70767";"01-01-6118";"45199";"GM";"7";"GM - Grup Üyesi";"4";"N - Bireysel";"CUSTOMER_TYPE_MISMATCH"
"25282";"70769";"01-01-6533";"45319";"GM";"7";"GM - Grup Üyesi";"4";"N - Bireysel";"CUSTOMER_TYPE_MISMATCH"
"25283";"70770";"01-01-5074";"44727";"GM";"7";"GM - Grup Üyesi";"4";"N - Bireysel";"CUSTOMER_TYPE_MISMATCH"
"25286";"70761";"01-01-5326";"44831";"GM";"7";"GM - Grup Üyesi";"4";"N - Bireysel";"CUSTOMER_TYPE_MISMATCH"
"25287";"70762";"01-01-5079";"44732";"GM";"7";"GM - Grup Üyesi";"4";"N - Bireysel";"CUSTOMER_TYPE_MISMATCH"
"25288";"70763";"01-01-5509";"44934";"GM";"7";"GM - Grup Üyesi";"4";"N - Bireysel";"CUSTOMER_TYPE_MISMATCH"
"25289";"70764";"01-01-5589";"44974";"GM";"7";"GM - Grup Üyesi";"4";"N - Bireysel";"CUSTOMER_TYPE_MISMATCH"
"25290";"70765";"01-01-5979";"45138";"GM";"7";"GM - Grup Üyesi";"4";"N - Bireysel";"CUSTOMER_TYPE_MISMATCH"
"25291";"70766";"01-01-6383";"45272";"GM";"7";"GM - Grup Üyesi";"4";"N - Bireysel";"CUSTOMER_TYPE_MISMATCH"
"25292";"70755";"01-01-6356";"45262";"GM";"7";"GM - Grup Üyesi";"4";"N - Bireysel";"CUSTOMER_TYPE_MISMATCH"
"25293";"70756";"01-01-6596";"45348";"GM";"7";"GM - Grup Üyesi";"4";"N - Bireysel";"CUSTOMER_TYPE_MISMATCH"
"25295";"70758";"01-01-5288";"44822";"GM";"7";"GM - Grup Üyesi";"4";"N - Bireysel";"CUSTOMER_TYPE_MISMATCH"
"25296";"70759";"01-01-5352";"44840";"GM";"7";"GM - Grup Üyesi";"4";"N - Bireysel";"CUSTOMER_TYPE_MISMATCH"
"25297";"70760";"01-01-5261";"44815";"GM";"7";"GM - Grup Üyesi";"4";"N - Bireysel";"CUSTOMER_TYPE_MISMATCH"
"25299";"70750";"01-01-6004";"45171";"GM";"7";"GM - Grup Üyesi";"4";"N - Bireysel";"CUSTOMER_TYPE_MISMATCH"
"25301";"70752";"01-01-5116";"44751";"GM";"7";"GM - Grup Üyesi";"4";"N - Bireysel";"CUSTOMER_TYPE_MISMATCH"
"25303";"70754";"01-01-5671";"45018";"GM";"7";"GM - Grup Üyesi";"4";"N - Bireysel";"CUSTOMER_TYPE_MISMATCH"
"25305";"70939";"01-01-5470";"44901";"GM";"7";"GM - Grup Üyesi";"4";"N - Bireysel";"CUSTOMER_TYPE_MISMATCH"
"25307";"70985";"01-01-4826";"44595";"GM";"7";"GM - Grup Üyesi";"4";"N - Bireysel";"CUSTOMER_TYPE_MISMATCH"
"25308";"70986";"01-01-4509";"44448";"GM";"7";"GM - Grup Üyesi";"4";"N - Bireysel";"CUSTOMER_TYPE_MISMATCH"
"25309";"70987";"01-01-5855";"45091";"GM";"7";"GM - Grup Üyesi";"4";"N - Bireysel";"CUSTOMER_TYPE_MISMATCH"
"25310";"70988";"01-01-4842";"44603";"GM";"7";"GM - Grup Üyesi";"4";"N - Bireysel";"CUSTOMER_TYPE_MISMATCH"
"25311";"70989";"01-01-5793";"45077";"GM";"7";"GM - Grup Üyesi";"4";"N - Bireysel";"CUSTOMER_TYPE_MISMATCH"
"25312";"70990";"01-01-6104";"45186";"GM";"7";"GM - Grup Üyesi";"4";"N - Bireysel";"CUSTOMER_TYPE_MISMATCH"
"25313";"71004";"01-01-6844";"17417";"GM";"7";"GM - Grup Üyesi";"4";"N - Bireysel";"CUSTOMER_TYPE_MISMATCH"
"25317";"71024";"01-01-5882";"45105";"GM";"7";"GM - Grup Üyesi";"4";"N - Bireysel";"CUSTOMER_TYPE_MISMATCH"
"25318";"71025";"01-01-6022";"45156";"GM";"7";"GM - Grup Üyesi";"4";"N - Bireysel";"CUSTOMER_TYPE_MISMATCH"
"25319";"71026";"01-01-5146";"44761";"GM";"7";"GM - Grup Üyesi";"4";"N - Bireysel";"CUSTOMER_TYPE_MISMATCH"
"25320";"71027";"01-01-5627";"44991";"GM";"7";"GM - Grup Üyesi";"4";"N - Bireysel";"CUSTOMER_TYPE_MISMATCH"
"25327";"72446";"01-01-6863";"45440";"GM";"7";"GM - Grup Üyesi";"4";"N - Bireysel";"CUSTOMER_TYPE_MISMATCH"
"25328";"72448";"01-01-6264";"45242";"GM";"7";"GM - Grup Üyesi";"4";"N - Bireysel";"CUSTOMER_TYPE_MISMATCH"
"25329";"72449";"01-01-4761";"44565";"GM";"7";"GM - Grup Üyesi";"4";"N - Bireysel";"CUSTOMER_TYPE_MISMATCH"
"25330";"72450";"01-01-6014";"45151";"GM";"7";"GM - Grup Üyesi";"4";"N - Bireysel";"CUSTOMER_TYPE_MISMATCH"
"25331";"72451";"01-01-4770";"44572";"GM";"7";"GM - Grup Üyesi";"4";"N - Bireysel";"CUSTOMER_TYPE_MISMATCH"
"25332";"72452";"01-01-5239";"44808";"GM";"7";"GM - Grup Üyesi";"4";"N - Bireysel";"CUSTOMER_TYPE_MISMATCH"
"25333";"72453";"01-01-6045";"45166";"GM";"7";"GM - Grup Üyesi";"4";"N - Bireysel";"CUSTOMER_TYPE_MISMATCH"
"25334";"72454";"01-01-4750";"44557";"GM";"7";"GM - Grup Üyesi";"4";"N - Bireysel";"CUSTOMER_TYPE_MISMATCH"
"25335";"72455";"01-01-6664";"45378";"GM";"7";"GM - Grup Üyesi";"4";"N - Bireysel";"CUSTOMER_TYPE_MISMATCH"
"25336";"72456";"01-01-6414";"45279";"GM";"7";"GM - Grup Üyesi";"4";"N - Bireysel";"CUSTOMER_TYPE_MISMATCH"
"25338";"72458";"01-01-5340";"44843";"GM";"7";"GM - Grup Üyesi";"4";"N - Bireysel";"CUSTOMER_TYPE_MISMATCH"
"25344";"72698";"01-01-5086";"44736";"GM";"7";"GM - Grup Üyesi";"4";"N - Bireysel";"CUSTOMER_TYPE_MISMATCH"
"25345";"72699";"01-01-5381";"44857";"GM";"7";"GM - Grup Üyesi";"4";"N - Bireysel";"CUSTOMER_TYPE_MISMATCH"
"25346";"72700";"01-01-5890";"45107";"GM";"7";"GM - Grup Üyesi";"4";"N - Bireysel";"CUSTOMER_TYPE_MISMATCH"
"25347";"72701";"01-01-5481";"44915";"GM";"7";"GM - Grup Üyesi";"4";"N - Bireysel";"CUSTOMER_TYPE_MISMATCH"
"25348";"72702";"01-01-6519";"45309";"GM";"7";"GM - Grup Üyesi";"4";"N - Bireysel";"CUSTOMER_TYPE_MISMATCH"
"25349";"72703";"01-01-5504";"44923";"GM";"7";"GM - Grup Üyesi";"4";"N - Bireysel";"CUSTOMER_TYPE_MISMATCH"
"25350";"72704";"01-01-6648";"45371";"GM";"7";"GM - Grup Üyesi";"4";"N - Bireysel";"CUSTOMER_TYPE_MISMATCH"
"25351";"72705";"01-01-5517";"44930";"GM";"7";"GM - Grup Üyesi";"4";"N - Bireysel";"CUSTOMER_TYPE_MISMATCH"
"25352";"72706";"01-01-4902";"44626";"GM";"7";"GM - Grup Üyesi";"4";"N - Bireysel";"CUSTOMER_TYPE_MISMATCH"
"25353";"72707";"01-01-6136";"45197";"GM";"7";"GM - Grup Üyesi";"4";"N - Bireysel";"CUSTOMER_TYPE_MISMATCH"
"25354";"72708";"01-01-6492";"45302";"GM";"7";"GM - Grup Üyesi";"4";"N - Bireysel";"CUSTOMER_TYPE_MISMATCH"
"25356";"72711";"01-01-6689";"45389";"GM";"7";"GM - Grup Üyesi";"4";"N - Bireysel";"CUSTOMER_TYPE_MISMATCH"
"25357";"72752";"01-01-6894";"45449";"GM";"7";"GM - Grup Üyesi";"4";"N - Bireysel";"CUSTOMER_TYPE_MISMATCH"
"25358";"73029";"01-01-6083";"45181";"GM";"7";"GM - Grup Üyesi";"4";"N - Bireysel";"CUSTOMER_TYPE_MISMATCH"
"25359";"73030";"01-01-5653";"45008";"GM";"7";"GM - Grup Üyesi";"4";"N - Bireysel";"CUSTOMER_TYPE_MISMATCH"
"25360";"73031";"01-01-5833";"45086";"GM";"7";"GM - Grup Üyesi";"4";"N - Bireysel";"CUSTOMER_TYPE_MISMATCH"
"25365";"73040";"01-01-6556";"45328";"GM";"7";"GM - Grup Üyesi";"4";"N - Bireysel";"CUSTOMER_TYPE_MISMATCH"
"25366";"73041";"01-01-6696";"45391";"GM";"7";"GM - Grup Üyesi";"4";"N - Bireysel";"CUSTOMER_TYPE_MISMATCH"
"25367";"73042";"01-01-6244";"45236";"GM";"7";"GM - Grup Üyesi";"4";"N - Bireysel";"CUSTOMER_TYPE_MISMATCH"
"25368";"73043";"01-01-6658";"45374";"GM";"7";"GM - Grup Üyesi";"4";"N - Bireysel";"CUSTOMER_TYPE_MISMATCH"
"25369";"73044";"01-01-6644";"45369";"GM";"7";"GM - Grup Üyesi";"4";"N - Bireysel";"CUSTOMER_TYPE_MISMATCH"
"25371";"73160";"01-01-6525";"45315";"GM";"7";"GM - Grup Üyesi";"4";"N - Bireysel";"CUSTOMER_TYPE_MISMATCH"
"25373";"73178";"01-01-6904";"12234";"GM";"7";"GM - Grup Üyesi";"4";"N - Bireysel";"CUSTOMER_TYPE_MISMATCH"
"25379";"73219";"01-01-5553";"44949";"GM";"7";"GM - Grup Üyesi";"4";"N - Bireysel";"CUSTOMER_TYPE_MISMATCH"
"25381";"73221";"01-01-6528";"45322";"GM";"7";"GM - Grup Üyesi";"4";"N - Bireysel";"CUSTOMER_TYPE_MISMATCH"
"25383";"73223";"01-01-5773";"45069";"GM";"7";"GM - Grup Üyesi";"4";"N - Bireysel";"CUSTOMER_TYPE_MISMATCH"
"25384";"73230";"01-01-5571";"44964";"GM";"7";"GM - Grup Üyesi";"4";"N - Bireysel";"CUSTOMER_TYPE_MISMATCH"
"25385";"73231";"01-01-6398";"45276";"GM";"7";"GM - Grup Üyesi";"4";"N - Bireysel";"CUSTOMER_TYPE_MISMATCH"
"25386";"73232";"01-01-6508";"45308";"GM";"7";"GM - Grup Üyesi";"4";"N - Bireysel";"CUSTOMER_TYPE_MISMATCH"
"25387";"73233";"01-01-5715";"45043";"GM";"7";"GM - Grup Üyesi";"4";"N - Bireysel";"CUSTOMER_TYPE_MISMATCH"
"25388";"73234";"01-01-5815";"45082";"GM";"7";"GM - Grup Üyesi";"4";"N - Bireysel";"CUSTOMER_TYPE_MISMATCH"
"25390";"73225";"01-01-6661";"45377";"GM";"7";"GM - Grup Üyesi";"4";"N - Bireysel";"CUSTOMER_TYPE_MISMATCH"
"25391";"73226";"01-01-6494";"45304";"GM";"7";"GM - Grup Üyesi";"4";"N - Bireysel";"CUSTOMER_TYPE_MISMATCH"
"25392";"73227";"01-01-5736";"45057";"GM";"7";"GM - Grup Üyesi";"4";"N - Bireysel";"CUSTOMER_TYPE_MISMATCH"
"25393";"73228";"01-01-5355";"44842";"GM";"7";"GM - Grup Üyesi";"4";"N - Bireysel";"CUSTOMER_TYPE_MISMATCH"
"25394";"73229";"01-01-5747";"45065";"GM";"7";"GM - Grup Üyesi";"4";"N - Bireysel";"CUSTOMER_TYPE_MISMATCH"
"25395";"73248";"01-01-6906";"45453";"GM";"7";"GM - Grup Üyesi";"4";"N - Bireysel";"CUSTOMER_TYPE_MISMATCH"
"25396";"73262";"01-01-6908";"45455";"GM";"7";"GM - Grup Üyesi";"4";"N - Bireysel";"CUSTOMER_TYPE_MISMATCH"
"25397";"73891";"01-01-6922";"45460";"GM";"7";"GM - Grup Üyesi";"4";"N - Bireysel";"CUSTOMER_TYPE_MISMATCH"
"25401";"73911";"01-01-5722";"45047";"GM";"7";"GM - Grup Üyesi";"4";"N - Bireysel";"CUSTOMER_TYPE_MISMATCH"
"25403";"73913";"01-01-5706";"45038";"GM";"7";"GM - Grup Üyesi";"4";"N - Bireysel";"CUSTOMER_TYPE_MISMATCH"
"25404";"73914";"01-01-5046";"44714";"GM";"7";"GM - Grup Üyesi";"4";"N - Bireysel";"CUSTOMER_TYPE_MISMATCH"
"25405";"73915";"01-01-5693";"45029";"GM";"7";"GM - Grup Üyesi";"4";"N - Bireysel";"CUSTOMER_TYPE_MISMATCH"
"25407";"73919";"01-01-5870";"45100";"GM";"7";"GM - Grup Üyesi";"4";"N - Bireysel";"CUSTOMER_TYPE_MISMATCH"
"25408";"73920";"01-01-6189";"45220";"GM";"7";"GM - Grup Üyesi";"4";"N - Bireysel";"CUSTOMER_TYPE_MISMATCH"
"25409";"73921";"01-01-5903";"45110";"GM";"7";"GM - Grup Üyesi";"4";"N - Bireysel";"CUSTOMER_TYPE_MISMATCH"
"25410";"73923";"01-01-6231";"45234";"GM";"7";"GM - Grup Üyesi";"4";"N - Bireysel";"CUSTOMER_TYPE_MISMATCH"
"25411";"73924";"01-01-6402";"45278";"GM";"7";"GM - Grup Üyesi";"4";"N - Bireysel";"CUSTOMER_TYPE_MISMATCH"
"25412";"73925";"01-01-6469";"45292";"GM";"7";"GM - Grup Üyesi";"4";"N - Bireysel";"CUSTOMER_TYPE_MISMATCH"
"25413";"73926";"01-01-6311";"45253";"GM";"7";"GM - Grup Üyesi";"4";"N - Bireysel";"CUSTOMER_TYPE_MISMATCH"
"25414";"73927";"01-01-6250";"45245";"GM";"7";"GM - Grup Üyesi";"4";"N - Bireysel";"CUSTOMER_TYPE_MISMATCH"
"25415";"73928";"01-01-6481";"45297";"GM";"7";"GM - Grup Üyesi";"4";"N - Bireysel";"CUSTOMER_TYPE_MISMATCH"
"25416";"74153";"01-01-6945";"45465";"GM";"7";"GM - Grup Üyesi";"4";"N - Bireysel";"CUSTOMER_TYPE_MISMATCH"
"25417";"68548";"01-01-3966";"44245";"GM";"7";"GM - Grup Üyesi";"4";"N - Bireysel";"CUSTOMER_TYPE_MISMATCH"
"25418";"74186";"01-01-5347";"44838";"GM";"7";"GM - Grup Üyesi";"4";"N - Bireysel";"CUSTOMER_TYPE_MISMATCH"
"25419";"74187";"01-01-5040";"44704";"GM";"7";"GM - Grup Üyesi";"4";"N - Bireysel";"CUSTOMER_TYPE_MISMATCH"
"25420";"74188";"01-01-5452";"44884";"GM";"7";"GM - Grup Üyesi";"4";"N - Bireysel";"CUSTOMER_TYPE_MISMATCH"
"25421";"74189";"01-01-5642";"44999";"GM";"7";"GM - Grup Üyesi";"4";"N - Bireysel";"CUSTOMER_TYPE_MISMATCH"
"25423";"74203";"01-01-5904";"45111";"GM";"7";"GM - Grup Üyesi";"4";"N - Bireysel";"CUSTOMER_TYPE_MISMATCH"
"25424";"74212";"01-01-6589";"45343";"GM";"7";"GM - Grup Üyesi";"4";"N - Bireysel";"CUSTOMER_TYPE_MISMATCH"
"25433";"74516";"01-01-6993";"45491";"GM";"7";"GM - Grup Üyesi";"4";"N - Bireysel";"CUSTOMER_TYPE_MISMATCH"
"25434";"74517";"01-01-6996";"45487";"GM";"7";"GM - Grup Üyesi";"4";"N - Bireysel";"CUSTOMER_TYPE_MISMATCH"
"25439";"74675";"01-01-7059";"17291";"GM";"7";"GM - Grup Üyesi";"4";"N - Bireysel";"CUSTOMER_TYPE_MISMATCH"
"26440";"74754";"01-01-6616";"45358";"GM";"7";"GM - Grup Üyesi";"4";"N - Bireysel";"CUSTOMER_TYPE_MISMATCH"
"26447";"75006";"01-01-2815";"43722";"GM";"7";"GM - Grup Üyesi";"4";"N - Bireysel";"CUSTOMER_TYPE_MISMATCH"
"26449";"75087";"01-01-7192";"45559";"GM";"7";"GM - Grup Üyesi";"4";"N - Bireysel";"CUSTOMER_TYPE_MISMATCH"
"26452";"75150";"01-01-7196";"45561";"GM";"7";"GM - Grup Üyesi";"4";"N - Bireysel";"CUSTOMER_TYPE_MISMATCH"
"26457";"35467";"01-01-2956";"43809";"GM";"7";"GM - Grup Üyesi";"4";"N - Bireysel";"CUSTOMER_TYPE_MISMATCH"
"26458";"66942";"01-01-3555";"44099";"GM";"7";"GM - Grup Üyesi";"4";"N - Bireysel";"CUSTOMER_TYPE_MISMATCH"
"26463";"75728";"01-01-7206";"45566";"GM";"7";"GM - Grup Üyesi";"4";"N - Bireysel";"CUSTOMER_TYPE_MISMATCH"
"26464";"75780";"01-01-7211";"45569";"GM";"7";"GM - Grup Üyesi";"4";"N - Bireysel";"CUSTOMER_TYPE_MISMATCH"
"26469";"75850";"01-01-7236";"45581";"GM";"7";"GM - Grup Üyesi";"4";"N - Bireysel";"CUSTOMER_TYPE_MISMATCH"
"26470";"75876";"01-01-7257";"17292";"GM";"7";"GM - Grup Üyesi";"4";"N - Bireysel";"CUSTOMER_TYPE_MISMATCH"
"26471";"75963";"01-01-7261";"45590";"GM";"7";"GM - Grup Üyesi";"4";"N - Bireysel";"CUSTOMER_TYPE_MISMATCH"
"26472";"75967";"01-01-7286";"45596";"GM";"7";"GM - Grup Üyesi";"4";"N - Bireysel";"CUSTOMER_TYPE_MISMATCH"
"26473";"75968";"01-01-7293";"17090";"GM";"7";"GM - Grup Üyesi";"4";"N - Bireysel";"CUSTOMER_TYPE_MISMATCH"
"26474";"75973";"01-01-7328";"45604";"GM";"7";"GM - Grup Üyesi";"4";"N - Bireysel";"CUSTOMER_TYPE_MISMATCH"
"26475";"75974";"01-01-7330";"45606";"GM";"7";"GM - Grup Üyesi";"4";"N - Bireysel";"CUSTOMER_TYPE_MISMATCH"
"26477";"75976";"01-01-7335";"45609";"GM";"7";"GM - Grup Üyesi";"4";"N - Bireysel";"CUSTOMER_TYPE_MISMATCH"
"26478";"75977";"01-01-7344";"45612";"GM";"7";"GM - Grup Üyesi";"4";"N - Bireysel";"CUSTOMER_TYPE_MISMATCH"
"26480";"75979";"01-01-7350";"45613";"GM";"7";"GM - Grup Üyesi";"4";"N - Bireysel";"CUSTOMER_TYPE_MISMATCH"
"26481";"75980";"01-01-7348";"12157";"GM";"7";"GM - Grup Üyesi";"4";"N - Bireysel";"CUSTOMER_TYPE_MISMATCH"
"26482";"75981";"01-01-7358";"45615";"GM";"7";"GM - Grup Üyesi";"4";"N - Bireysel";"CUSTOMER_TYPE_MISMATCH"
"26483";"75997";"01-01-7407";"45628";"GM";"7";"GM - Grup Üyesi";"4";"N - Bireysel";"CUSTOMER_TYPE_MISMATCH"
"26493";"78438";"01-01-5460";"44891";"GM";"7";"GM - Grup Üyesi";"4";"N - Bireysel";"CUSTOMER_TYPE_MISMATCH"
"26494";"78439";"01-01-5476";"44913";"GM";"7";"GM - Grup Üyesi";"4";"N - Bireysel";"CUSTOMER_TYPE_MISMATCH"
"26495";"78440";"01-01-6208";"45227";"GM";"7";"GM - Grup Üyesi";"4";"N - Bireysel";"CUSTOMER_TYPE_MISMATCH"
"26496";"78441";"01-01-5866";"45097";"GM";"7";"GM - Grup Üyesi";"4";"N - Bireysel";"CUSTOMER_TYPE_MISMATCH"
"26511";"78928";"01-01-7857";"11807";"GM";"7";"GM - Grup Üyesi";"4";"N - Bireysel";"CUSTOMER_TYPE_MISMATCH"
"26519";"79307";"01-01-7884";"45738";"GM";"7";"GM - Grup Üyesi";"4";"N - Bireysel";"CUSTOMER_TYPE_MISMATCH"
"26520";"79308";"01-01-7827";"17139";"GM";"7";"GM - Grup Üyesi";"4";"N - Bireysel";"CUSTOMER_TYPE_MISMATCH"
"26521";"79309";"01-01-7834";"17111";"GM";"7";"GM - Grup Üyesi";"4";"N - Bireysel";"CUSTOMER_TYPE_MISMATCH"
"26526";"79523";"01-01-7899";"17190";"GM";"7";"GM - Grup Üyesi";"4";"N - Bireysel";"CUSTOMER_TYPE_MISMATCH"
"26527";"79524";"01-01-7897";"17189";"GM";"7";"GM - Grup Üyesi";"4";"N - Bireysel";"CUSTOMER_TYPE_MISMATCH"
"27533";"80024";"01-01-7940";"45750";"GM";"7";"GM - Grup Üyesi";"4";"N - Bireysel";"CUSTOMER_TYPE_MISMATCH"
"27534";"80045";"01-01-7947";"45753";"GM";"7";"GM - Grup Üyesi";"4";"N - Bireysel";"CUSTOMER_TYPE_MISMATCH"
"27538";"80099";"01-01-7944";"45772";"GM";"7";"GM - Grup Üyesi";"4";"N - Bireysel";"CUSTOMER_TYPE_MISMATCH"
"27539";"80132";"01-01-7951";"45755";"GM";"7";"GM - Grup Üyesi";"4";"N - Bireysel";"CUSTOMER_TYPE_MISMATCH"
"27540";"80139";"01-01-7959";"45760";"GM";"7";"GM - Grup Üyesi";"4";"N - Bireysel";"CUSTOMER_TYPE_MISMATCH"
"27554";"80850";"01-01-5259";"44813";"GM";"7";"GM - Grup Üyesi";"4";"N - Bireysel";"CUSTOMER_TYPE_MISMATCH"
"27560";"80987";"01-01-2307";"17375";"GM";"7";"GM - Grup Üyesi";"4";"N - Bireysel";"CUSTOMER_TYPE_MISMATCH"
"27561";"80988";"01-01-2183";"12037";"GM";"7";"GM - Grup Üyesi";"4";"N - Bireysel";"CUSTOMER_TYPE_MISMATCH"
"27562";"80989";"01-01-4060";"12038";"GM";"7";"GM - Grup Üyesi";"4";"N - Bireysel";"CUSTOMER_TYPE_MISMATCH"
"27563";"80990";"01-01-1405";"12036";"GM";"7";"GM - Grup Üyesi";"4";"N - Bireysel";"CUSTOMER_TYPE_MISMATCH"
"27568";"81217";"01-01-8075";"45802";"GM";"7";"GM - Grup Üyesi";"4";"N - Bireysel";"CUSTOMER_TYPE_MISMATCH"
"27572";"81313";"01-01-8063";"12223";"GM";"7";"GM - Grup Üyesi";"4";"N - Bireysel";"CUSTOMER_TYPE_MISMATCH"
"27581";"81427";"01-01-8101";"17246";"GM";"7";"GM - Grup Üyesi";"4";"N - Bireysel";"CUSTOMER_TYPE_MISMATCH"
"27582";"81444";"01-01-8104";"45810";"GM";"7";"GM - Grup Üyesi";"4";"N - Bireysel";"CUSTOMER_TYPE_MISMATCH"
"27592";"81690";"01-01-8093";"17245";"GM";"7";"GM - Grup Üyesi";"4";"N - Bireysel";"CUSTOMER_TYPE_MISMATCH"
"27599";"81914";"01-01-8136";"45815";"GM";"7";"GM - Grup Üyesi";"4";"N - Bireysel";"CUSTOMER_TYPE_MISMATCH"
"27601";"81941";"01-01-8137";"45816";"GM";"7";"GM - Grup Üyesi";"4";"N - Bireysel";"CUSTOMER_TYPE_MISMATCH"
"28606";"82086";"01-01-8154";"45823";"GM";"7";"GM - Grup Üyesi";"4";"N - Bireysel";"CUSTOMER_TYPE_MISMATCH"
"28608";"82153";"01-01-8161";"17186";"GM";"7";"GM - Grup Üyesi";"4";"N - Bireysel";"CUSTOMER_TYPE_MISMATCH"
"28613";"82312";"01-01-2225";"15209";"GM";"7";"GM - Grup Üyesi";"4";"N - Bireysel";"CUSTOMER_TYPE_MISMATCH"
"28615";"82314";"01-01-2226";"43375";"GM";"7";"GM - Grup Üyesi";"4";"N - Bireysel";"CUSTOMER_TYPE_MISMATCH"
"28616";"82315";"01-01-2527";"15211";"GM";"7";"GM - Grup Üyesi";"4";"N - Bireysel";"CUSTOMER_TYPE_MISMATCH"
"28617";"82312";"01-01-2225";"15209";"GM";"7";"GM - Grup Üyesi";"4";"N - Bireysel";"CUSTOMER_TYPE_MISMATCH"
"28619";"82314";"01-01-2226";"43375";"GM";"7";"GM - Grup Üyesi";"4";"N - Bireysel";"CUSTOMER_TYPE_MISMATCH"
"28620";"82315";"01-01-2527";"15211";"GM";"7";"GM - Grup Üyesi";"4";"N - Bireysel";"CUSTOMER_TYPE_MISMATCH"
"28633";"83228";"01-01-4659";"11856";"GM";"7";"GM - Grup Üyesi";"4";"N - Bireysel";"CUSTOMER_TYPE_MISMATCH"
"28635";"83230";"01-01-1261";"11869";"GM";"7";"GM - Grup Üyesi";"4";"N - Bireysel";"CUSTOMER_TYPE_MISMATCH"
"28636";"83231";"01-01-1291";"11866";"GM";"7";"GM - Grup Üyesi";"4";"N - Bireysel";"CUSTOMER_TYPE_MISMATCH"
"28637";"83232";"01-01-1295";"11867";"GM";"7";"GM - Grup Üyesi";"4";"N - Bireysel";"CUSTOMER_TYPE_MISMATCH"
"28638";"83233";"01-01-4518";"11871";"GM";"7";"GM - Grup Üyesi";"4";"N - Bireysel";"CUSTOMER_TYPE_MISMATCH"
"28639";"36186";"01-01-4667";"11858";"GM";"7";"GM - Grup Üyesi";"4";"N - Bireysel";"CUSTOMER_TYPE_MISMATCH"
"28640";"36103";"01-01-4514";"11854";"GM";"7";"GM - Grup Üyesi";"4";"N - Bireysel";"CUSTOMER_TYPE_MISMATCH"
"28641";"35964";"01-01-4207";"11861";"GM";"7";"GM - Grup Üyesi";"4";"N - Bireysel";"CUSTOMER_TYPE_MISMATCH"
"28642";"35819";"01-01-3886";"11859";"GM";"7";"GM - Grup Üyesi";"4";"N - Bireysel";"CUSTOMER_TYPE_MISMATCH"
"28643";"35373";"01-01-2498";"11870";"GM";"7";"GM - Grup Üyesi";"4";"N - Bireysel";"CUSTOMER_TYPE_MISMATCH"
"28644";"35227";"01-01-2031";"11868";"GM";"7";"GM - Grup Üyesi";"4";"N - Bireysel";"CUSTOMER_TYPE_MISMATCH"
"28645";"35212";"01-01-1988";"43258";"GM";"7";"GM - Grup Üyesi";"4";"N - Bireysel";"CUSTOMER_TYPE_MISMATCH"
"28646";"35184";"01-01-1872";"11855";"GM";"7";"GM - Grup Üyesi";"4";"N - Bireysel";"CUSTOMER_TYPE_MISMATCH"
"28647";"35081";"01-01-1293";"11865";"GM";"7";"GM - Grup Üyesi";"4";"N - Bireysel";"CUSTOMER_TYPE_MISMATCH"
"28648";"35078";"01-01-1290";"11862";"GM";"7";"GM - Grup Üyesi";"4";"N - Bireysel";"CUSTOMER_TYPE_MISMATCH"
"28649";"35077";"01-01-1289";"11863";"GM";"7";"GM - Grup Üyesi";"4";"N - Bireysel";"CUSTOMER_TYPE_MISMATCH"
"28650";"35074";"01-01-1264";"11864";"GM";"7";"GM - Grup Üyesi";"4";"N - Bireysel";"CUSTOMER_TYPE_MISMATCH"
"28651";"35073";"01-01-1263";"11857";"GM";"7";"GM - Grup Üyesi";"4";"N - Bireysel";"CUSTOMER_TYPE_MISMATCH"
"28653";"84137";"01-01-3043";"15234";"GM";"7";"GM - Grup Üyesi";"4";"N - Bireysel";"CUSTOMER_TYPE_MISMATCH"
"28654";"84138";"01-01-3495";"44064";"GM";"7";"GM - Grup Üyesi";"4";"N - Bireysel";"CUSTOMER_TYPE_MISMATCH"
"28655";"84139";"01-01-0257";"15238";"GM";"7";"GM - Grup Üyesi";"4";"N - Bireysel";"CUSTOMER_TYPE_MISMATCH"
"28660";"35475";"01-01-2982";"15572";"GM";"7";"GM - Grup Üyesi";"4";"N - Bireysel";"CUSTOMER_TYPE_MISMATCH"
"28661";"35532";"01-01-3123";"15557";"GM";"7";"GM - Grup Üyesi";"4";"N - Bireysel";"CUSTOMER_TYPE_MISMATCH"
"28662";"35260";"01-01-2106";"43314";"GM";"7";"GM - Grup Üyesi";"4";"N - Bireysel";"CUSTOMER_TYPE_MISMATCH"
"28663";"37794";"01-01-9023";"15558";"GM";"7";"GM - Grup Üyesi";"4";"N - Bireysel";"CUSTOMER_TYPE_MISMATCH"
"28664";"36892";"01-01-6731";"15571";"GM";"7";"GM - Grup Üyesi";"4";"N - Bireysel";"CUSTOMER_TYPE_MISMATCH"
"28665";"84358";"01-01-4967";"15566";"GM";"7";"GM - Grup Üyesi";"4";"N - Bireysel";"CUSTOMER_TYPE_MISMATCH"
"28666";"84359";"01-01-1121";"15564";"GM";"7";"GM - Grup Üyesi";"4";"N - Bireysel";"CUSTOMER_TYPE_MISMATCH"
"28668";"84361";"01-01-0600";"42358";"GM";"7";"GM - Grup Üyesi";"4";"N - Bireysel";"CUSTOMER_TYPE_MISMATCH"
"28669";"84362";"01-01-4907";"15560";"GM";"7";"GM - Grup Üyesi";"4";"N - Bireysel";"CUSTOMER_TYPE_MISMATCH"
"28670";"84363";"01-01-3856";"15565";"GM";"7";"GM - Grup Üyesi";"4";"N - Bireysel";"CUSTOMER_TYPE_MISMATCH"
"28671";"84364";"01-01-3962";"15567";"GM";"7";"GM - Grup Üyesi";"4";"N - Bireysel";"CUSTOMER_TYPE_MISMATCH"
"28673";"84480";"01-01-1544";"42993";"GM";"7";"GM - Grup Üyesi";"4";"N - Bireysel";"CUSTOMER_TYPE_MISMATCH"
"28674";"84481";"01-01-6687";"18341";"GM";"7";"GM - Grup Üyesi";"4";"N - Bireysel";"CUSTOMER_TYPE_MISMATCH"
"28675";"36521";"01-01-5759";"18342";"GM";"7";"GM - Grup Üyesi";"4";"N - Bireysel";"CUSTOMER_TYPE_MISMATCH"
"28676";"35402";"01-01-2709";"43667";"GM";"7";"GM - Grup Üyesi";"4";"N - Bireysel";"CUSTOMER_TYPE_MISMATCH"
"28677";"35476";"01-01-2984";"18340";"GM";"7";"GM - Grup Üyesi";"4";"N - Bireysel";"CUSTOMER_TYPE_MISMATCH"
"28678";"35484";"01-01-3013";"43839";"GM";"7";"GM - Grup Üyesi";"4";"N - Bireysel";"CUSTOMER_TYPE_MISMATCH"
"28679";"36468";"01-01-5519";"44931";"GM";"7";"GM - Grup Üyesi";"4";"N - Bireysel";"CUSTOMER_TYPE_MISMATCH"
"28682";"84737";"01-01-7848";"45721";"GM";"7";"GM - Grup Üyesi";"4";"N - Bireysel";"CUSTOMER_TYPE_MISMATCH"
"28688";"85271";"01-01-8390";"17261";"GM";"7";"GM - Grup Üyesi";"4";"N - Bireysel";"CUSTOMER_TYPE_MISMATCH"
"28697";"83228";"01-01-4659";"11856";"GM";"7";"GM - Grup Üyesi";"4";"N - Bireysel";"CUSTOMER_TYPE_MISMATCH"
"28698";"83230";"01-01-1261";"11869";"GM";"7";"GM - Grup Üyesi";"4";"N - Bireysel";"CUSTOMER_TYPE_MISMATCH"
"28699";"83231";"01-01-1291";"11866";"GM";"7";"GM - Grup Üyesi";"4";"N - Bireysel";"CUSTOMER_TYPE_MISMATCH"
"28700";"35227";"01-01-2031";"11868";"GM";"7";"GM - Grup Üyesi";"4";"N - Bireysel";"CUSTOMER_TYPE_MISMATCH"
"28701";"35373";"01-01-2498";"11870";"GM";"7";"GM - Grup Üyesi";"4";"N - Bireysel";"CUSTOMER_TYPE_MISMATCH"
"28702";"35078";"01-01-1290";"11862";"GM";"7";"GM - Grup Üyesi";"4";"N - Bireysel";"CUSTOMER_TYPE_MISMATCH"
"28703";"36186";"01-01-4667";"11858";"GM";"7";"GM - Grup Üyesi";"4";"N - Bireysel";"CUSTOMER_TYPE_MISMATCH"
"28704";"83232";"01-01-1295";"11867";"GM";"7";"GM - Grup Üyesi";"4";"N - Bireysel";"CUSTOMER_TYPE_MISMATCH"
"28705";"36103";"01-01-4514";"11854";"GM";"7";"GM - Grup Üyesi";"4";"N - Bireysel";"CUSTOMER_TYPE_MISMATCH"
"28706";"35819";"01-01-3886";"11859";"GM";"7";"GM - Grup Üyesi";"4";"N - Bireysel";"CUSTOMER_TYPE_MISMATCH"
"28707";"83233";"01-01-4518";"11871";"GM";"7";"GM - Grup Üyesi";"4";"N - Bireysel";"CUSTOMER_TYPE_MISMATCH"
"28708";"35212";"01-01-1988";"43258";"GM";"7";"GM - Grup Üyesi";"4";"N - Bireysel";"CUSTOMER_TYPE_MISMATCH"
"28709";"35964";"01-01-4207";"11861";"GM";"7";"GM - Grup Üyesi";"4";"N - Bireysel";"CUSTOMER_TYPE_MISMATCH"
"28710";"35077";"01-01-1289";"11863";"GM";"7";"GM - Grup Üyesi";"4";"N - Bireysel";"CUSTOMER_TYPE_MISMATCH"
"28711";"35081";"01-01-1293";"11865";"GM";"7";"GM - Grup Üyesi";"4";"N - Bireysel";"CUSTOMER_TYPE_MISMATCH"
"28712";"35073";"01-01-1263";"11857";"GM";"7";"GM - Grup Üyesi";"4";"N - Bireysel";"CUSTOMER_TYPE_MISMATCH"
"28713";"35184";"01-01-1872";"11855";"GM";"7";"GM - Grup Üyesi";"4";"N - Bireysel";"CUSTOMER_TYPE_MISMATCH"
"28714";"35074";"01-01-1264";"11864";"GM";"7";"GM - Grup Üyesi";"4";"N - Bireysel";"CUSTOMER_TYPE_MISMATCH"
"28715";"81313";"01-01-8063";"12223";"GM";"7";"GM - Grup Üyesi";"4";"N - Bireysel";"CUSTOMER_TYPE_MISMATCH"
"28716";"86183";"01-02-1427";"46608";"GM";"7";"GM - Grup Üyesi";"4";"N - Bireysel";"CUSTOMER_TYPE_MISMATCH"
"28717";"86184";"01-01-8919";"17388";"GM";"7";"GM - Grup Üyesi";"4";"N - Bireysel";"CUSTOMER_TYPE_MISMATCH"
"28720";"86214";"01-01-8416";"45901";"GM";"7";"GM - Grup Üyesi";"4";"N - Bireysel";"CUSTOMER_TYPE_MISMATCH"
"28729";"86437";"01-01-8432";"17185";"GM";"7";"GM - Grup Üyesi";"4";"N - Bireysel";"CUSTOMER_TYPE_MISMATCH"
"28730";"86464";"01-01-8444";"17247";"GM";"7";"GM - Grup Üyesi";"4";"N - Bireysel";"CUSTOMER_TYPE_MISMATCH"
"28731";"86485";"01-01-9837";"46432";"GM";"7";"GM - Grup Üyesi";"4";"N - Bireysel";"CUSTOMER_TYPE_MISMATCH"
"28742";"86846";"01-01-8503";"18352";"GM";"7";"GM - Grup Üyesi";"4";"N - Bireysel";"CUSTOMER_TYPE_MISMATCH"
"28743";"86868";"01-02-1434";"15568";"GM";"7";"GM - Grup Üyesi";"4";"N - Bireysel";"CUSTOMER_TYPE_MISMATCH"
"28748";"87044";"01-01-8547";"45939";"GM";"7";"GM - Grup Üyesi";"4";"N - Bireysel";"CUSTOMER_TYPE_MISMATCH"
"28749";"87064";"01-01-7917";"15271";"GM";"7";"GM - Grup Üyesi";"4";"N - Bireysel";"CUSTOMER_TYPE_MISMATCH"
"28750";"87099";"01-01-8556";"45941";"GM";"7";"GM - Grup Üyesi";"4";"N - Bireysel";"CUSTOMER_TYPE_MISMATCH"
"28757";"87529";"01-01-8570";"45945";"GM";"7";"GM - Grup Üyesi";"4";"N - Bireysel";"CUSTOMER_TYPE_MISMATCH"
"28765";"87680";"01-01-8575";"17216";"GM";"7";"GM - Grup Üyesi";"4";"N - Bireysel";"CUSTOMER_TYPE_MISMATCH"
"28766";"87719";"01-01-8578";"17187";"GM";"7";"GM - Grup Üyesi";"4";"N - Bireysel";"CUSTOMER_TYPE_MISMATCH"
"28767";"87748";"01-01-8580";"45948";"GM";"7";"GM - Grup Üyesi";"4";"N - Bireysel";"CUSTOMER_TYPE_MISMATCH"
"28853";"88553";"01-01-9316";"46210";"GM";"7";"GM - Grup Üyesi";"4";"N - Bireysel";"CUSTOMER_TYPE_MISMATCH"
"28856";"88597";"01-01-9122";"46134";"GM";"7";"GM - Grup Üyesi";"4";"N - Bireysel";"CUSTOMER_TYPE_MISMATCH"
"28863";"88592";"01-01-9125";"46136";"GM";"7";"GM - Grup Üyesi";"4";"N - Bireysel";"CUSTOMER_TYPE_MISMATCH"
"28870";"88587";"01-01-9149";"17403";"GM";"7";"GM - Grup Üyesi";"4";"N - Bireysel";"CUSTOMER_TYPE_MISMATCH"
"28874";"88579";"01-01-9103";"46125";"GM";"7";"GM - Grup Üyesi";"4";"N - Bireysel";"CUSTOMER_TYPE_MISMATCH"
"28883";"88576";"01-01-9117";"46130";"GM";"7";"GM - Grup Üyesi";"4";"N - Bireysel";"CUSTOMER_TYPE_MISMATCH"
"28896";"88565";"01-01-9009";"46078";"GM";"7";"GM - Grup Üyesi";"4";"N - Bireysel";"CUSTOMER_TYPE_MISMATCH"
"28900";"88557";"01-01-9148";"46142";"GM";"7";"GM - Grup Üyesi";"4";"N - Bireysel";"CUSTOMER_TYPE_MISMATCH"
"28904";"88709";"01-01-9119";"46132";"GM";"7";"GM - Grup Üyesi";"4";"N - Bireysel";"CUSTOMER_TYPE_MISMATCH"
"28909";"88720";"01-01-9143";"15289";"GM";"7";"GM - Grup Üyesi";"4";"N - Bireysel";"CUSTOMER_TYPE_MISMATCH"
"28910";"88721";"01-01-9093";"46121";"GM";"7";"GM - Grup Üyesi";"4";"N - Bireysel";"CUSTOMER_TYPE_MISMATCH"
"28917";"88717";"01-01-9115";"17124";"GM";"7";"GM - Grup Üyesi";"4";"N - Bireysel";"CUSTOMER_TYPE_MISMATCH"
"28918";"88718";"01-01-9131";"18166";"GM";"7";"GM - Grup Üyesi";"4";"N - Bireysel";"CUSTOMER_TYPE_MISMATCH"
"28931";"90375";"01-01-9593";"46322";"GM";"7";"GM - Grup Üyesi";"4";"N - Bireysel";"CUSTOMER_TYPE_MISMATCH"
"28933";"90461";"01-01-8681";"45972";"GM";"7";"GM - Grup Üyesi";"4";"N - Bireysel";"CUSTOMER_TYPE_MISMATCH"
"28935";"90714";"01-01-8694";"45980";"GM";"7";"GM - Grup Üyesi";"4";"N - Bireysel";"CUSTOMER_TYPE_MISMATCH"
"28940";"91191";"01-01-8702";"45978";"GM";"7";"GM - Grup Üyesi";"4";"N - Bireysel";"CUSTOMER_TYPE_MISMATCH"
"28942";"91215";"01-01-8705";"17217";"GM";"7";"GM - Grup Üyesi";"4";"N - Bireysel";"CUSTOMER_TYPE_MISMATCH"
"28964";"91779";"01-01-8797";"46007";"GM";"7";"GM - Grup Üyesi";"4";"N - Bireysel";"CUSTOMER_TYPE_MISMATCH"
"28998";"93636";"01-01-8871";"46028";"GM";"7";"GM - Grup Üyesi";"4";"N - Bireysel";"CUSTOMER_TYPE_MISMATCH"
"29003";"93718";"01-01-8883";"46033";"GM";"7";"GM - Grup Üyesi";"4";"N - Bireysel";"CUSTOMER_TYPE_MISMATCH"
"29006";"93771";"01-01-8915";"46044";"GM";"7";"GM - Grup Üyesi";"4";"N - Bireysel";"CUSTOMER_TYPE_MISMATCH"
"29008";"93787";"01-01-8954";"46055";"GM";"7";"GM - Grup Üyesi";"4";"N - Bireysel";"CUSTOMER_TYPE_MISMATCH"
"29019";"94869";"01-01-7138";"45537";"GM";"7";"GM - Grup Üyesi";"4";"N - Bireysel";"CUSTOMER_TYPE_MISMATCH"
"29038";"95640";"01-01-8964";"46064";"GM";"7";"GM - Grup Üyesi";"4";"N - Bireysel";"CUSTOMER_TYPE_MISMATCH"
"29043";"95787";"01-01-9388";"46236";"GM";"7";"GM - Grup Üyesi";"4";"N - Bireysel";"CUSTOMER_TYPE_MISMATCH"
"29045";"95856";"01-01-9392";"15559";"GM";"7";"GM - Grup Üyesi";"4";"N - Bireysel";"CUSTOMER_TYPE_MISMATCH"
"30054";"96238";"01-01-9420";"46244";"GM";"7";"GM - Grup Üyesi";"4";"N - Bireysel";"CUSTOMER_TYPE_MISMATCH"
"30060";"96529";"01-01-9429";"46248";"GM";"7";"GM - Grup Üyesi";"4";"N - Bireysel";"CUSTOMER_TYPE_MISMATCH"
"30061";"96535";"01-01-9439";"46252";"GM";"7";"GM - Grup Üyesi";"4";"N - Bireysel";"CUSTOMER_TYPE_MISMATCH"
"30063";"96703";"01-01-9463";"46262";"GM";"7";"GM - Grup Üyesi";"4";"N - Bireysel";"CUSTOMER_TYPE_MISMATCH"
"30064";"96770";"01-01-9471";"17107";"GM";"7";"GM - Grup Üyesi";"4";"N - Bireysel";"CUSTOMER_TYPE_MISMATCH"
"30065";"96779";"01-01-9474";"18148";"GM";"7";"GM - Grup Üyesi";"4";"N - Bireysel";"CUSTOMER_TYPE_MISMATCH"
"30067";"96795";"01-01-9477";"46268";"GM";"7";"GM - Grup Üyesi";"4";"N - Bireysel";"CUSTOMER_TYPE_MISMATCH"
"30076";"96981";"01-01-9482";"46270";"GM";"7";"GM - Grup Üyesi";"4";"N - Bireysel";"CUSTOMER_TYPE_MISMATCH"
"30077";"97000";"01-01-9485";"17112";"GM";"7";"GM - Grup Üyesi";"4";"N - Bireysel";"CUSTOMER_TYPE_MISMATCH"
"30078";"97059";"01-01-9489";"46274";"GM";"7";"GM - Grup Üyesi";"4";"N - Bireysel";"CUSTOMER_TYPE_MISMATCH"
"30080";"97094";"01-01-2880";"43776";"GM";"7";"GM - Grup Üyesi";"4";"N - Bireysel";"CUSTOMER_TYPE_MISMATCH"
"30082";"97438";"01-01-9496";"17233";"GM";"7";"GM - Grup Üyesi";"4";"N - Bireysel";"CUSTOMER_TYPE_MISMATCH"
"30083";"97544";"01-01-1012";"42659";"GM";"7";"GM - Grup Üyesi";"4";"N - Bireysel";"CUSTOMER_TYPE_MISMATCH"
"30084";"97543";"01-01-9511";"46282";"GM";"7";"GM - Grup Üyesi";"4";"N - Bireysel";"CUSTOMER_TYPE_MISMATCH"
"30091";"97609";"01-01-1104";"42712";"GM";"7";"GM - Grup Üyesi";"4";"N - Bireysel";"CUSTOMER_TYPE_MISMATCH"
"30105";"98047";"01-01-1181";"42764";"GM";"7";"GM - Grup Üyesi";"4";"N - Bireysel";"CUSTOMER_TYPE_MISMATCH"
"30106";"98048";"01-01-1192";"42773";"GM";"7";"GM - Grup Üyesi";"4";"N - Bireysel";"CUSTOMER_TYPE_MISMATCH"
"30146";"99548";"01-02-1494";"18366";"GM";"7";"GM - Grup Üyesi";"4";"N - Bireysel";"CUSTOMER_TYPE_MISMATCH"
"30296";"96778";"01-01-9476";"11845";"GM";"7";"GM - Grup Üyesi";"4";"N - Bireysel";"CUSTOMER_TYPE_MISMATCH"
"30299";"100360";"01-01-1362";"17219";"GM";"7";"GM - Grup Üyesi";"4";"N - Bireysel";"CUSTOMER_TYPE_MISMATCH"
"30300";"100363";"01-01-1384";"17094";"GM";"7";"GM - Grup Üyesi";"4";"N - Bireysel";"CUSTOMER_TYPE_MISMATCH"
"30302";"100444";"01-01-1511";"17182";"GM";"7";"GM - Grup Üyesi";"4";"N - Bireysel";"CUSTOMER_TYPE_MISMATCH"
"30304";"100496";"01-01-1570";"17142";"GM";"7";"GM - Grup Üyesi";"4";"N - Bireysel";"CUSTOMER_TYPE_MISMATCH"
"30307";"100502";"01-01-1590";"17138";"GM";"7";"GM - Grup Üyesi";"4";"N - Bireysel";"CUSTOMER_TYPE_MISMATCH"
"30315";"37016";"01-01-7087";"45524";"GM";"7";"GM - Grup Üyesi";"4";"N - Bireysel";"CUSTOMER_TYPE_MISMATCH"
"30336";"100887";"01-01-1606";"43030";"GM";"7";"GM - Grup Üyesi";"4";"N - Bireysel";"CUSTOMER_TYPE_MISMATCH"
"30345";"100951";"01-01-1621";"12045";"GM";"7";"GM - Grup Üyesi";"4";"N - Bireysel";"CUSTOMER_TYPE_MISMATCH"
"30351";"101014";"01-01-1609";"17285";"GM";"7";"GM - Grup Üyesi";"4";"N - Bireysel";"CUSTOMER_TYPE_MISMATCH"
"31373";"101961";"01-01-1831";"43164";"GM";"7";"GM - Grup Üyesi";"4";"N - Bireysel";"CUSTOMER_TYPE_MISMATCH"
"31378";"102178";"01-01-1833";"43166";"GM";"7";"GM - Grup Üyesi";"4";"N - Bireysel";"CUSTOMER_TYPE_MISMATCH"
"31395";"103756";"01-01-1981";"43254";"GM";"7";"GM - Grup Üyesi";"4";"N - Bireysel";"CUSTOMER_TYPE_MISMATCH"
"31406";"104229";"01-01-2185";"43351";"GM";"7";"GM - Grup Üyesi";"4";"N - Bireysel";"CUSTOMER_TYPE_MISMATCH"
"31407";"104278";"01-01-2272";"43407";"GM";"7";"GM - Grup Üyesi";"4";"N - Bireysel";"CUSTOMER_TYPE_MISMATCH"
"31413";"104412";"01-01-2293";"43420";"GM";"7";"GM - Grup Üyesi";"4";"N - Bireysel";"CUSTOMER_TYPE_MISMATCH"
"31415";"104676";"01-01-2421";"17197";"GM";"7";"GM - Grup Üyesi";"4";"N - Bireysel";"CUSTOMER_TYPE_MISMATCH"
"31419";"104832";"01-01-2635";"17250";"GM";"7";"GM - Grup Üyesi";"4";"N - Bireysel";"CUSTOMER_TYPE_MISMATCH"
"31433";"105087";"01-01-2422";"43500";"GM";"7";"GM - Grup Üyesi";"4";"N - Bireysel";"CUSTOMER_TYPE_MISMATCH"
"31446";"105587";"01-01-3055";"17287";"GM";"7";"GM - Grup Üyesi";"4";"N - Bireysel";"CUSTOMER_TYPE_MISMATCH"
"32462";"106374";"01-01-3413";"44030";"GM";"7";"GM - Grup Üyesi";"4";"N - Bireysel";"CUSTOMER_TYPE_MISMATCH"
"32471";"106394";"01-01-3417";"12198";"GM";"7";"GM - Grup Üyesi";"4";"N - Bireysel";"CUSTOMER_TYPE_MISMATCH"
"32512";"108334";"01-01-3938";"44232";"GM";"7";"GM - Grup Üyesi";"4";"N - Bireysel";"CUSTOMER_TYPE_MISMATCH"
"32519";"108520";"01-01-3948";"44234";"GM";"7";"GM - Grup Üyesi";"4";"N - Bireysel";"CUSTOMER_TYPE_MISMATCH"
"32520";"108566";"01-01-4031";"44274";"GM";"7";"GM - Grup Üyesi";"4";"N - Bireysel";"CUSTOMER_TYPE_MISMATCH"
"32543";"109055";"01-01-4301";"44361";"GM";"7";"GM - Grup Üyesi";"4";"N - Bireysel";"CUSTOMER_TYPE_MISMATCH"
"32565";"109392";"01-01-4990";"12086";"GM";"7";"GM - Grup Üyesi";"4";"N - Bireysel";"CUSTOMER_TYPE_MISMATCH"
"32575";"109413";"01-01-3130";"12091";"GM";"7";"GM - Grup Üyesi";"4";"N - Bireysel";"CUSTOMER_TYPE_MISMATCH"
"32623";"110380";"01-01-4543";"44475";"GM";"7";"GM - Grup Üyesi";"4";"N - Bireysel";"CUSTOMER_TYPE_MISMATCH"
"32639";"110869";"01-02-4733";"46836";"GM";"7";"GM - Grup Üyesi";"4";"N - Bireysel";"CUSTOMER_TYPE_MISMATCH"
"32640";"111003";"01-01-4737";"44550";"GM";"7";"GM - Grup Üyesi";"4";"N - Bireysel";"CUSTOMER_TYPE_MISMATCH"
"32649";"111498";"01-01-6517";"45314";"GM";"7";"GM - Grup Üyesi";"4";"N - Bireysel";"CUSTOMER_TYPE_MISMATCH"
"32654";"111766";"01-01-6639";"12111";"GM";"7";"GM - Grup Üyesi";"4";"N - Bireysel";"CUSTOMER_TYPE_MISMATCH"
"32660";"111992";"01-01-4933";"17152";"GM";"7";"GM - Grup Üyesi";"4";"N - Bireysel";"CUSTOMER_TYPE_MISMATCH"
"32661";"111994";"01-01-4977";"17207";"GM";"7";"GM - Grup Üyesi";"4";"N - Bireysel";"CUSTOMER_TYPE_MISMATCH"
"32662";"111998";"01-01-4991";"17199";"GM";"7";"GM - Grup Üyesi";"4";"N - Bireysel";"CUSTOMER_TYPE_MISMATCH"
"32664";"112006";"01-01-4998";"44665";"GM";"7";"GM - Grup Üyesi";"4";"N - Bireysel";"CUSTOMER_TYPE_MISMATCH"
"32665";"112047";"01-01-5017";"17201";"GM";"7";"GM - Grup Üyesi";"4";"N - Bireysel";"CUSTOMER_TYPE_MISMATCH"
"32667";"112341";"01-01-5060";"44720";"GM";"7";"GM - Grup Üyesi";"4";"N - Bireysel";"CUSTOMER_TYPE_MISMATCH"
"32668";"112419";"01-01-6561";"18371";"GM";"7";"GM - Grup Üyesi";"4";"N - Bireysel";"CUSTOMER_TYPE_MISMATCH"
"32669";"112468";"01-01-6555";"45327";"GM";"7";"GM - Grup Üyesi";"4";"N - Bireysel";"CUSTOMER_TYPE_MISMATCH"
"32678";"112893";"01-01-6826";"17095";"GM";"7";"GM - Grup Üyesi";"4";"N - Bireysel";"CUSTOMER_TYPE_MISMATCH"
"32684";"111907";"01-01-6805";"45416";"GM";"7";"GM - Grup Üyesi";"4";"N - Bireysel";"CUSTOMER_TYPE_MISMATCH"
"32698";"113229";"01-01-3999";"18164";"GM";"7";"GM - Grup Üyesi";"4";"N - Bireysel";"CUSTOMER_TYPE_MISMATCH"
"32701";"113456";"01-01-5408";"15269";"GM";"7";"GM - Grup Üyesi";"4";"N - Bireysel";"CUSTOMER_TYPE_MISMATCH"
"32704";"113772";"01-01-5536";"44939";"GM";"7";"GM - Grup Üyesi";"4";"N - Bireysel";"CUSTOMER_TYPE_MISMATCH"
"32705";"113812";"01-01-5548";"44944";"GM";"7";"GM - Grup Üyesi";"4";"N - Bireysel";"CUSTOMER_TYPE_MISMATCH"
"32706";"114009";"01-01-5564";"17252";"GM";"7";"GM - Grup Üyesi";"4";"N - Bireysel";"CUSTOMER_TYPE_MISMATCH"
"32724";"114295";"01-01-5654";"45009";"GM";"7";"GM - Grup Üyesi";"4";"N - Bireysel";"CUSTOMER_TYPE_MISMATCH"
"32729";"114413";"01-01-5777";"17237";"GM";"7";"GM - Grup Üyesi";"4";"N - Bireysel";"CUSTOMER_TYPE_MISMATCH"
"32730";"114468";"01-01-5785";"18146";"GM";"7";"GM - Grup Üyesi";"4";"N - Bireysel";"CUSTOMER_TYPE_MISMATCH"
"32731";"114505";"01-01-5792";"45076";"GM";"7";"GM - Grup Üyesi";"4";"N - Bireysel";"CUSTOMER_TYPE_MISMATCH"
"32732";"114506";"01-01-5798";"17172";"GM";"7";"GM - Grup Üyesi";"4";"N - Bireysel";"CUSTOMER_TYPE_MISMATCH"
"32733";"114518";"01-01-5820";"17173";"GM";"7";"GM - Grup Üyesi";"4";"N - Bireysel";"CUSTOMER_TYPE_MISMATCH"
"32736";"114525";"01-01-5929";"45119";"GM";"7";"GM - Grup Üyesi";"4";"N - Bireysel";"CUSTOMER_TYPE_MISMATCH"
"32738";"114537";"01-01-6000";"17176";"GM";"7";"GM - Grup Üyesi";"4";"N - Bireysel";"CUSTOMER_TYPE_MISMATCH"
"32739";"114538";"01-01-5973";"17174";"GM";"7";"GM - Grup Üyesi";"4";"N - Bireysel";"CUSTOMER_TYPE_MISMATCH"
"32740";"114539";"01-01-5989";"17175";"GM";"7";"GM - Grup Üyesi";"4";"N - Bireysel";"CUSTOMER_TYPE_MISMATCH"
"32741";"114578";"01-01-6093";"17180";"GM";"7";"GM - Grup Üyesi";"4";"N - Bireysel";"CUSTOMER_TYPE_MISMATCH"
"32742";"114579";"01-01-6065";"17179";"GM";"7";"GM - Grup Üyesi";"4";"N - Bireysel";"CUSTOMER_TYPE_MISMATCH"
"32743";"114580";"01-01-6005";"17306";"GM";"7";"GM - Grup Üyesi";"4";"N - Bireysel";"CUSTOMER_TYPE_MISMATCH"
"32747";"114589";"01-01-6146";"45205";"GM";"7";"GM - Grup Üyesi";"4";"N - Bireysel";"CUSTOMER_TYPE_MISMATCH"
"32748";"114590";"01-01-6912";"45457";"GM";"7";"GM - Grup Üyesi";"4";"N - Bireysel";"CUSTOMER_TYPE_MISMATCH"
"32749";"114594";"01-01-6929";"45458";"GM";"7";"GM - Grup Üyesi";"4";"N - Bireysel";"CUSTOMER_TYPE_MISMATCH"
"32750";"114595";"01-01-6913";"17131";"GM";"7";"GM - Grup Üyesi";"4";"N - Bireysel";"CUSTOMER_TYPE_MISMATCH"
"32751";"114596";"01-01-6938";"17132";"GM";"7";"GM - Grup Üyesi";"4";"N - Bireysel";"CUSTOMER_TYPE_MISMATCH"
"32752";"114597";"01-01-6956";"17133";"GM";"7";"GM - Grup Üyesi";"4";"N - Bireysel";"CUSTOMER_TYPE_MISMATCH"
"32753";"114615";"01-01-6963";"17244";"GM";"7";"GM - Grup Üyesi";"4";"N - Bireysel";"CUSTOMER_TYPE_MISMATCH"
"32754";"114626";"01-01-7007";"45494";"GM";"7";"GM - Grup Üyesi";"4";"N - Bireysel";"CUSTOMER_TYPE_MISMATCH"
"32755";"114629";"01-01-7044";"45506";"GM";"7";"GM - Grup Üyesi";"4";"N - Bireysel";"CUSTOMER_TYPE_MISMATCH"
"32756";"114630";"01-01-7012";"17177";"GM";"7";"GM - Grup Üyesi";"4";"N - Bireysel";"CUSTOMER_TYPE_MISMATCH"
"32757";"114633";"01-01-7134";"17127";"GM";"7";"GM - Grup Üyesi";"4";"N - Bireysel";"CUSTOMER_TYPE_MISMATCH"
"32758";"114634";"01-01-7320";"17214";"GM";"7";"GM - Grup Üyesi";"4";"N - Bireysel";"CUSTOMER_TYPE_MISMATCH"
"32760";"114636";"01-01-7329";"45605";"GM";"7";"GM - Grup Üyesi";"4";"N - Bireysel";"CUSTOMER_TYPE_MISMATCH"
"32762";"114643";"01-01-7462";"17129";"GM";"7";"GM - Grup Üyesi";"4";"N - Bireysel";"CUSTOMER_TYPE_MISMATCH"
"32764";"114645";"01-01-7428";"17128";"GM";"7";"GM - Grup Üyesi";"4";"N - Bireysel";"CUSTOMER_TYPE_MISMATCH"
"32765";"114647";"01-01-7513";"17213";"GM";"7";"GM - Grup Üyesi";"4";"N - Bireysel";"CUSTOMER_TYPE_MISMATCH"
"32766";"114648";"01-01-7508";"45644";"GM";"7";"GM - Grup Üyesi";"4";"N - Bireysel";"CUSTOMER_TYPE_MISMATCH"
"32767";"114649";"01-01-7474";"45640";"GM";"7";"GM - Grup Üyesi";"4";"N - Bireysel";"CUSTOMER_TYPE_MISMATCH"
"32768";"114680";"01-01-7796";"45706";"GM";"7";"GM - Grup Üyesi";"4";"N - Bireysel";"CUSTOMER_TYPE_MISMATCH"
"32769";"114682";"01-01-7816";"17126";"GM";"7";"GM - Grup Üyesi";"4";"N - Bireysel";"CUSTOMER_TYPE_MISMATCH"
"32770";"114683";"01-01-7797";"17099";"GM";"7";"GM - Grup Üyesi";"4";"N - Bireysel";"CUSTOMER_TYPE_MISMATCH"
"32771";"114777";"01-01-7847";"17144";"GM";"7";"GM - Grup Üyesi";"4";"N - Bireysel";"CUSTOMER_TYPE_MISMATCH"
"32772";"114778";"01-01-7858";"17115";"GM";"7";"GM - Grup Üyesi";"4";"N - Bireysel";"CUSTOMER_TYPE_MISMATCH"
"32773";"114798";"01-01-7964";"17117";"GM";"7";"GM - Grup Üyesi";"4";"N - Bireysel";"CUSTOMER_TYPE_MISMATCH"
"32775";"114800";"01-01-7998";"17100";"GM";"7";"GM - Grup Üyesi";"4";"N - Bireysel";"CUSTOMER_TYPE_MISMATCH"
"32776";"114801";"01-01-8001";"17113";"GM";"7";"GM - Grup Üyesi";"4";"N - Bireysel";"CUSTOMER_TYPE_MISMATCH"
"32777";"114802";"01-01-7935";"45748";"GM";"7";"GM - Grup Üyesi";"4";"N - Bireysel";"CUSTOMER_TYPE_MISMATCH"
"32778";"114803";"01-01-7927";"17116";"GM";"7";"GM - Grup Üyesi";"4";"N - Bireysel";"CUSTOMER_TYPE_MISMATCH"
"32780";"114815";"01-01-8005";"17114";"GM";"7";"GM - Grup Üyesi";"4";"N - Bireysel";"CUSTOMER_TYPE_MISMATCH"
"32782";"114817";"01-01-8007";"17146";"GM";"7";"GM - Grup Üyesi";"4";"N - Bireysel";"CUSTOMER_TYPE_MISMATCH"
"32783";"114822";"01-01-8069";"17282";"GM";"7";"GM - Grup Üyesi";"4";"N - Bireysel";"CUSTOMER_TYPE_MISMATCH"
"32786";"114825";"01-01-8041";"17281";"GM";"7";"GM - Grup Üyesi";"4";"N - Bireysel";"CUSTOMER_TYPE_MISMATCH"
"32787";"114826";"01-01-8008";"17118";"GM";"7";"GM - Grup Üyesi";"4";"N - Bireysel";"CUSTOMER_TYPE_MISMATCH"
"32788";"114830";"01-01-8330";"17119";"GM";"7";"GM - Grup Üyesi";"4";"N - Bireysel";"CUSTOMER_TYPE_MISMATCH"
"32789";"114831";"01-01-8334";"17147";"GM";"7";"GM - Grup Üyesi";"4";"N - Bireysel";"CUSTOMER_TYPE_MISMATCH"
"32790";"114839";"01-01-8409";"17264";"GM";"7";"GM - Grup Üyesi";"4";"N - Bireysel";"CUSTOMER_TYPE_MISMATCH"
"32792";"114841";"01-01-8392";"45896";"GM";"7";"GM - Grup Üyesi";"4";"N - Bireysel";"CUSTOMER_TYPE_MISMATCH"
"32794";"114905";"01-01-8548";"17164";"GM";"7";"GM - Grup Üyesi";"4";"N - Bireysel";"CUSTOMER_TYPE_MISMATCH"
"32795";"114906";"01-01-8550";"17195";"GM";"7";"GM - Grup Üyesi";"4";"N - Bireysel";"CUSTOMER_TYPE_MISMATCH"
"32799";"114973";"01-01-8625";"17162";"GM";"7";"GM - Grup Üyesi";"4";"N - Bireysel";"CUSTOMER_TYPE_MISMATCH"
"32800";"115021";"01-01-8603";"17266";"GM";"7";"GM - Grup Üyesi";"4";"N - Bireysel";"CUSTOMER_TYPE_MISMATCH"
"32803";"115213";"01-01-8654";"45962";"GM";"7";"GM - Grup Üyesi";"4";"N - Bireysel";"CUSTOMER_TYPE_MISMATCH"
"32811";"115738";"01-02-8781";"18368";"GM";"7";"GM - Grup Üyesi";"4";"N - Bireysel";"CUSTOMER_TYPE_MISMATCH"
"32813";"115780";"01-01-8788";"17210";"GM";"7";"GM - Grup Üyesi";"4";"N - Bireysel";"CUSTOMER_TYPE_MISMATCH"
"32814";"115781";"01-01-8801";"46008";"GM";"7";"GM - Grup Üyesi";"4";"N - Bireysel";"CUSTOMER_TYPE_MISMATCH"
"32815";"115782";"01-01-8866";"17103";"GM";"7";"GM - Grup Üyesi";"4";"N - Bireysel";"CUSTOMER_TYPE_MISMATCH"
"32816";"115783";"01-01-8824";"46023";"GM";"7";"GM - Grup Üyesi";"4";"N - Bireysel";"CUSTOMER_TYPE_MISMATCH"
"32817";"115784";"01-01-8885";"17265";"GM";"7";"GM - Grup Üyesi";"4";"N - Bireysel";"CUSTOMER_TYPE_MISMATCH"
"32818";"115785";"01-01-8927";"46049";"GM";"7";"GM - Grup Üyesi";"4";"N - Bireysel";"CUSTOMER_TYPE_MISMATCH"
"32819";"115851";"01-01-8935";"17248";"GM";"7";"GM - Grup Üyesi";"4";"N - Bireysel";"CUSTOMER_TYPE_MISMATCH"
"32820";"115852";"01-01-8937";"46057";"GM";"7";"GM - Grup Üyesi";"4";"N - Bireysel";"CUSTOMER_TYPE_MISMATCH"
"32821";"115890";"01-01-8941";"46059";"GM";"7";"GM - Grup Üyesi";"4";"N - Bireysel";"CUSTOMER_TYPE_MISMATCH"
"32822";"115891";"01-01-8945";"17104";"GM";"7";"GM - Grup Üyesi";"4";"N - Bireysel";"CUSTOMER_TYPE_MISMATCH"
"32823";"115902";"01-01-8745";"17192";"GM";"7";"GM - Grup Üyesi";"4";"N - Bireysel";"CUSTOMER_TYPE_MISMATCH"
"32824";"115935";"01-01-8687";"17188";"GM";"7";"GM - Grup Üyesi";"4";"N - Bireysel";"CUSTOMER_TYPE_MISMATCH"
"32825";"115936";"01-01-8684";"17154";"GM";"7";"GM - Grup Üyesi";"4";"N - Bireysel";"CUSTOMER_TYPE_MISMATCH"
"32826";"115937";"01-01-8769";"46001";"GM";"7";"GM - Grup Üyesi";"4";"N - Bireysel";"CUSTOMER_TYPE_MISMATCH"
"32827";"115956";"01-01-8993";"46089";"GM";"7";"GM - Grup Üyesi";"4";"N - Bireysel";"CUSTOMER_TYPE_MISMATCH"
"32832";"116041";"01-01-9041";"17194";"GM";"7";"GM - Grup Üyesi";"4";"N - Bireysel";"CUSTOMER_TYPE_MISMATCH"
"32833";"116042";"01-01-9204";"17191";"GM";"7";"GM - Grup Üyesi";"4";"N - Bireysel";"CUSTOMER_TYPE_MISMATCH"
"32838";"116057";"01-01-9298";"46203";"GM";"7";"GM - Grup Üyesi";"4";"N - Bireysel";"CUSTOMER_TYPE_MISMATCH"
"32839";"116111";"01-01-9382";"46235";"GM";"7";"GM - Grup Üyesi";"4";"N - Bireysel";"CUSTOMER_TYPE_MISMATCH"
"32852";"116291";"01-01-1115";"17161";"GM";"7";"GM - Grup Üyesi";"4";"N - Bireysel";"CUSTOMER_TYPE_MISMATCH"
"32853";"116293";"01-01-1127";"42752";"GM";"7";"GM - Grup Üyesi";"4";"N - Bireysel";"CUSTOMER_TYPE_MISMATCH"
"32854";"116294";"01-01-1201";"17288";"GM";"7";"GM - Grup Üyesi";"4";"N - Bireysel";"CUSTOMER_TYPE_MISMATCH"
"32861";"116367";"01-01-1350";"17218";"GM";"7";"GM - Grup Üyesi";"4";"N - Bireysel";"CUSTOMER_TYPE_MISMATCH"
"32869";"37234";"01-01-7599";"17369";"GM";"7";"GM - Grup Üyesi";"4";"N - Bireysel";"CUSTOMER_TYPE_MISMATCH"
"32886";"117161";"01-01-8845";"17101";"GM";"7";"GM - Grup Üyesi";"4";"N - Bireysel";"CUSTOMER_TYPE_MISMATCH"
"32888";"117225";"01-01-2083";"17140";"GM";"7";"GM - Grup Üyesi";"4";"N - Bireysel";"CUSTOMER_TYPE_MISMATCH"
"32889";"117226";"01-01-2121";"17141";"GM";"7";"GM - Grup Üyesi";"4";"N - Bireysel";"CUSTOMER_TYPE_MISMATCH"
"32890";"117377";"01-01-2160";"43337";"GM";"7";"GM - Grup Üyesi";"4";"N - Bireysel";"CUSTOMER_TYPE_MISMATCH"
"32895";"117524";"01-01-2224";"17271";"GM";"7";"GM - Grup Üyesi";"4";"N - Bireysel";"CUSTOMER_TYPE_MISMATCH"
"32896";"117547";"01-01-2296";"17251";"GM";"7";"GM - Grup Üyesi";"4";"N - Bireysel";"CUSTOMER_TYPE_MISMATCH"
"32897";"117576";"01-01-2344";"43450";"GM";"7";"GM - Grup Üyesi";"4";"N - Bireysel";"CUSTOMER_TYPE_MISMATCH"
"32898";"117607";"01-01-2376";"43470";"GM";"7";"GM - Grup Üyesi";"4";"N - Bireysel";"CUSTOMER_TYPE_MISMATCH"
"32901";"117665";"01-01-2366";"18369";"GM";"7";"GM - Grup Üyesi";"4";"N - Bireysel";"CUSTOMER_TYPE_MISMATCH"
"32903";"117690";"01-01-2465";"17270";"GM";"7";"GM - Grup Üyesi";"4";"N - Bireysel";"CUSTOMER_TYPE_MISMATCH"
"32904";"117691";"01-01-2441";"17269";"GM";"7";"GM - Grup Üyesi";"4";"N - Bireysel";"CUSTOMER_TYPE_MISMATCH"
"32906";"117755";"01-01-2704";"15251";"GM";"7";"GM - Grup Üyesi";"4";"N - Bireysel";"CUSTOMER_TYPE_MISMATCH"
"32907";"117756";"01-01-2701";"43662";"GM";"7";"GM - Grup Üyesi";"4";"N - Bireysel";"CUSTOMER_TYPE_MISMATCH"
"32910";"117875";"01-01-2905";"17097";"GM";"7";"GM - Grup Üyesi";"4";"N - Bireysel";"CUSTOMER_TYPE_MISMATCH"
"32911";"117876";"01-01-3126";"43888";"GM";"7";"GM - Grup Üyesi";"4";"N - Bireysel";"CUSTOMER_TYPE_MISMATCH"
"32914";"117933";"01-01-3294";"43979";"GM";"7";"GM - Grup Üyesi";"4";"N - Bireysel";"CUSTOMER_TYPE_MISMATCH"
"32915";"117934";"01-01-3437";"17263";"GM";"7";"GM - Grup Üyesi";"4";"N - Bireysel";"CUSTOMER_TYPE_MISMATCH"
"32916";"117935";"01-01-3466";"44054";"GM";"7";"GM - Grup Üyesi";"4";"N - Bireysel";"CUSTOMER_TYPE_MISMATCH"
"32917";"117938";"01-01-3656";"17297";"GM";"7";"GM - Grup Üyesi";"4";"N - Bireysel";"CUSTOMER_TYPE_MISMATCH"
"32918";"117939";"01-01-3603";"44114";"GM";"7";"GM - Grup Üyesi";"4";"N - Bireysel";"CUSTOMER_TYPE_MISMATCH"
"32919";"117940";"01-01-3721";"44161";"GM";"7";"GM - Grup Üyesi";"4";"N - Bireysel";"CUSTOMER_TYPE_MISMATCH"
"32921";"117942";"01-01-3817";"44192";"GM";"7";"GM - Grup Üyesi";"4";"N - Bireysel";"CUSTOMER_TYPE_MISMATCH"
"32922";"117943";"01-01-3818";"44193";"GM";"7";"GM - Grup Üyesi";"4";"N - Bireysel";"CUSTOMER_TYPE_MISMATCH"
"32925";"117990";"01-01-4506";"44447";"GM";"7";"GM - Grup Üyesi";"4";"N - Bireysel";"CUSTOMER_TYPE_MISMATCH"
"32927";"117992";"01-01-4636";"44507";"GM";"7";"GM - Grup Üyesi";"4";"N - Bireysel";"CUSTOMER_TYPE_MISMATCH"
"32929";"118002";"01-01-4803";"44585";"GM";"7";"GM - Grup Üyesi";"4";"N - Bireysel";"CUSTOMER_TYPE_MISMATCH"
"32930";"118022";"01-01-5008";"44671";"GM";"7";"GM - Grup Üyesi";"4";"N - Bireysel";"CUSTOMER_TYPE_MISMATCH"
"32931";"118023";"01-01-4999";"44666";"GM";"7";"GM - Grup Üyesi";"4";"N - Bireysel";"CUSTOMER_TYPE_MISMATCH"
"32932";"118027";"01-01-5016";"44698";"GM";"7";"GM - Grup Üyesi";"4";"N - Bireysel";"CUSTOMER_TYPE_MISMATCH"
"32933";"118028";"01-01-5044";"44706";"GM";"7";"GM - Grup Üyesi";"4";"N - Bireysel";"CUSTOMER_TYPE_MISMATCH"
"32935";"118045";"01-01-5063";"44722";"GM";"7";"GM - Grup Üyesi";"4";"N - Bireysel";"CUSTOMER_TYPE_MISMATCH"
"32936";"118067";"01-01-5196";"44788";"GM";"7";"GM - Grup Üyesi";"4";"N - Bireysel";"CUSTOMER_TYPE_MISMATCH"
"32937";"118068";"01-01-5195";"17198";"GM";"7";"GM - Grup Üyesi";"4";"N - Bireysel";"CUSTOMER_TYPE_MISMATCH"
"32938";"118069";"01-02-5013";"18367";"GM";"7";"GM - Grup Üyesi";"4";"N - Bireysel";"CUSTOMER_TYPE_MISMATCH"
"32939";"118072";"01-01-5370";"44851";"GM";"7";"GM - Grup Üyesi";"4";"N - Bireysel";"CUSTOMER_TYPE_MISMATCH"
"32940";"118093";"01-01-2381";"18370";"GM";"7";"GM - Grup Üyesi";"4";"N - Bireysel";"CUSTOMER_TYPE_MISMATCH"
"32941";"118124";"01-01-5429";"17211";"GM";"7";"GM - Grup Üyesi";"4";"N - Bireysel";"CUSTOMER_TYPE_MISMATCH"
"32942";"118175";"01-01-5468";"44899";"GM";"7";"GM - Grup Üyesi";"4";"N - Bireysel";"CUSTOMER_TYPE_MISMATCH"
"32943";"118274";"01-01-5574";"44965";"GM";"7";"GM - Grup Üyesi";"4";"N - Bireysel";"CUSTOMER_TYPE_MISMATCH"
"32945";"118473";"01-01-5719";"45046";"GM";"7";"GM - Grup Üyesi";"4";"N - Bireysel";"CUSTOMER_TYPE_MISMATCH"
"32952";"118680";"01-01-5832";"45085";"GM";"7";"GM - Grup Üyesi";"4";"N - Bireysel";"CUSTOMER_TYPE_MISMATCH"
"32954";"118793";"01-01-6323";"45256";"GM";"7";"GM - Grup Üyesi";"4";"N - Bireysel";"CUSTOMER_TYPE_MISMATCH"
"32955";"118799";"01-01-6354";"17227";"GM";"7";"GM - Grup Üyesi";"4";"N - Bireysel";"CUSTOMER_TYPE_MISMATCH"
"32956";"118800";"01-01-6757";"45399";"GM";"7";"GM - Grup Üyesi";"4";"N - Bireysel";"CUSTOMER_TYPE_MISMATCH"
"32957";"118801";"01-01-6874";"45435";"GM";"7";"GM - Grup Üyesi";"4";"N - Bireysel";"CUSTOMER_TYPE_MISMATCH"
"32960";"118943";"01-01-8152";"45822";"GM";"7";"GM - Grup Üyesi";"4";"N - Bireysel";"CUSTOMER_TYPE_MISMATCH"
"32962";"118945";"01-01-8172";"45832";"GM";"7";"GM - Grup Üyesi";"4";"N - Bireysel";"CUSTOMER_TYPE_MISMATCH"
"32970";"119230";"01-01-8739";"17105";"GM";"7";"GM - Grup Üyesi";"4";"N - Bireysel";"CUSTOMER_TYPE_MISMATCH"
"32972";"119262";"01-01-8902";"46042";"GM";"7";"GM - Grup Üyesi";"4";"N - Bireysel";"CUSTOMER_TYPE_MISMATCH"
"32973";"119263";"01-01-8842";"46016";"GM";"7";"GM - Grup Üyesi";"4";"N - Bireysel";"CUSTOMER_TYPE_MISMATCH"
"32975";"119267";"01-01-9066";"17230";"GM";"7";"GM - Grup Üyesi";"4";"N - Bireysel";"CUSTOMER_TYPE_MISMATCH"
"32979";"119315";"01-01-9146";"46140";"GM";"7";"GM - Grup Üyesi";"4";"N - Bireysel";"CUSTOMER_TYPE_MISMATCH"
"32981";"119344";"01-01-9266";"17235";"GM";"7";"GM - Grup Üyesi";"4";"N - Bireysel";"CUSTOMER_TYPE_MISMATCH"
"32982";"119345";"01-01-9361";"46224";"GM";"7";"GM - Grup Üyesi";"4";"N - Bireysel";"CUSTOMER_TYPE_MISMATCH"
"32983";"119347";"01-01-9346";"46219";"GM";"7";"GM - Grup Üyesi";"4";"N - Bireysel";"CUSTOMER_TYPE_MISMATCH"
"32987";"119416";"01-01-9502";"46283";"GM";"7";"GM - Grup Üyesi";"4";"N - Bireysel";"CUSTOMER_TYPE_MISMATCH"
"32988";"119426";"01-01-9513";"11849";"GM";"7";"GM - Grup Üyesi";"4";"N - Bireysel";"CUSTOMER_TYPE_MISMATCH"
"32989";"119427";"01-01-9503";"17234";"GM";"7";"GM - Grup Üyesi";"4";"N - Bireysel";"CUSTOMER_TYPE_MISMATCH"
"32991";"119513";"01-01-9551";"46301";"GM";"7";"GM - Grup Üyesi";"4";"N - Bireysel";"CUSTOMER_TYPE_MISMATCH"
"32992";"119514";"01-01-9547";"46305";"GM";"7";"GM - Grup Üyesi";"4";"N - Bireysel";"CUSTOMER_TYPE_MISMATCH"
"32993";"119549";"01-01-9574";"46311";"GM";"7";"GM - Grup Üyesi";"4";"N - Bireysel";"CUSTOMER_TYPE_MISMATCH"
"32994";"119556";"01-01-9689";"46380";"GM";"7";"GM - Grup Üyesi";"4";"N - Bireysel";"CUSTOMER_TYPE_MISMATCH"
"32996";"119560";"01-01-9730";"46386";"GM";"7";"GM - Grup Üyesi";"4";"N - Bireysel";"CUSTOMER_TYPE_MISMATCH"
"32997";"119561";"01-01-9724";"46382";"GM";"7";"GM - Grup Üyesi";"4";"N - Bireysel";"CUSTOMER_TYPE_MISMATCH"
"33000";"119565";"01-01-9735";"46387";"GM";"7";"GM - Grup Üyesi";"4";"N - Bireysel";"CUSTOMER_TYPE_MISMATCH"
"33003";"119566";"01-01-9784";"46408";"GM";"7";"GM - Grup Üyesi";"4";"N - Bireysel";"CUSTOMER_TYPE_MISMATCH"
"33004";"119567";"01-01-9756";"17231";"GM";"7";"GM - Grup Üyesi";"4";"N - Bireysel";"CUSTOMER_TYPE_MISMATCH"
"33005";"119569";"01-01-9903";"46460";"GM";"7";"GM - Grup Üyesi";"4";"N - Bireysel";"CUSTOMER_TYPE_MISMATCH"
"33006";"119570";"01-01-9919";"17232";"GM";"7";"GM - Grup Üyesi";"4";"N - Bireysel";"CUSTOMER_TYPE_MISMATCH"
"33007";"119571";"01-01-1006";"42656";"GM";"7";"GM - Grup Üyesi";"4";"N - Bireysel";"CUSTOMER_TYPE_MISMATCH"
"33008";"119572";"01-01-1316";"42844";"GM";"7";"GM - Grup Üyesi";"4";"N - Bireysel";"CUSTOMER_TYPE_MISMATCH"
"33009";"119573";"01-01-1356";"42883";"GM";"7";"GM - Grup Üyesi";"4";"N - Bireysel";"CUSTOMER_TYPE_MISMATCH"
"33010";"119618";"01-01-1829";"43163";"GM";"7";"GM - Grup Üyesi";"4";"N - Bireysel";"CUSTOMER_TYPE_MISMATCH"
"33011";"119637";"01-01-1834";"43167";"GM";"7";"GM - Grup Üyesi";"4";"N - Bireysel";"CUSTOMER_TYPE_MISMATCH"
"33014";"119638";"01-01-1835";"43168";"GM";"7";"GM - Grup Üyesi";"4";"N - Bireysel";"CUSTOMER_TYPE_MISMATCH"
"33015";"119639";"01-01-1836";"43169";"GM";"7";"GM - Grup Üyesi";"4";"N - Bireysel";"CUSTOMER_TYPE_MISMATCH"
"33021";"119725";"01-01-2368";"43466";"GM";"7";"GM - Grup Üyesi";"4";"N - Bireysel";"CUSTOMER_TYPE_MISMATCH"
"33022";"119726";"01-01-2179";"17221";"GM";"7";"GM - Grup Üyesi";"4";"N - Bireysel";"CUSTOMER_TYPE_MISMATCH"
"33023";"119727";"01-01-2284";"43413";"GM";"7";"GM - Grup Üyesi";"4";"N - Bireysel";"CUSTOMER_TYPE_MISMATCH"
"33024";"119730";"01-01-2755";"43688";"GM";"7";"GM - Grup Üyesi";"4";"N - Bireysel";"CUSTOMER_TYPE_MISMATCH"
"33025";"119758";"01-01-3074";"43866";"GM";"7";"GM - Grup Üyesi";"4";"N - Bireysel";"CUSTOMER_TYPE_MISMATCH"
"33026";"119759";"01-01-2904";"17224";"GM";"7";"GM - Grup Üyesi";"4";"N - Bireysel";"CUSTOMER_TYPE_MISMATCH"
"33027";"119846";"01-01-3100";"43873";"GM";"7";"GM - Grup Üyesi";"4";"N - Bireysel";"CUSTOMER_TYPE_MISMATCH"
"33028";"119873";"01-01-3365";"44005";"GM";"7";"GM - Grup Üyesi";"4";"N - Bireysel";"CUSTOMER_TYPE_MISMATCH"
"33066";"119953";"01-01-8734";"45991";"GM";"7";"GM - Grup Üyesi";"4";"N - Bireysel";"CUSTOMER_TYPE_MISMATCH"
"33068";"119958";"01-01-9056";"46115";"GM";"7";"GM - Grup Üyesi";"4";"N - Bireysel";"CUSTOMER_TYPE_MISMATCH"
"33079";"120636";"01-01-9998";"18170";"GM";"7";"GM - Grup Üyesi";"4";"N - Bireysel";"CUSTOMER_TYPE_MISMATCH"
"33081";"120628";"01-01-9684";"16277";"GM";"7";"GM - Grup Üyesi";"4";"N - Bireysel";"CUSTOMER_TYPE_MISMATCH"
"33086";"120633";"01-01-3478";"16205";"GM";"7";"GM - Grup Üyesi";"4";"N - Bireysel";"CUSTOMER_TYPE_MISMATCH"
"33088";"120623";"01-01-9620";"17925";"GM";"7";"GM - Grup Üyesi";"4";"N - Bireysel";"CUSTOMER_TYPE_MISMATCH"
"33098";"120621";"01-01-3743";"12206";"GM";"7";"GM - Grup Üyesi";"4";"N - Bireysel";"CUSTOMER_TYPE_MISMATCH"
"33101";"120612";"01-01-3414";"15253";"GM";"7";"GM - Grup Üyesi";"4";"N - Bireysel";"CUSTOMER_TYPE_MISMATCH"
"33105";"120604";"01-01-7501";"12138";"GM";"7";"GM - Grup Üyesi";"4";"N - Bireysel";"CUSTOMER_TYPE_MISMATCH"
"33106";"120605";"01-01-3451";"17804";"GM";"7";"GM - Grup Üyesi";"4";"N - Bireysel";"CUSTOMER_TYPE_MISMATCH"
"33107";"120606";"01-01-9621";"16014";"GM";"7";"GM - Grup Üyesi";"4";"N - Bireysel";"CUSTOMER_TYPE_MISMATCH"
"33108";"120607";"01-01-3525";"17381";"GM";"7";"GM - Grup Üyesi";"4";"N - Bireysel";"CUSTOMER_TYPE_MISMATCH"
"33129";"120797";"01-01-2574";"43575";"GM";"7";"GM - Grup Üyesi";"4";"N - Bireysel";"CUSTOMER_TYPE_MISMATCH"
"33132";"120990";"01-01-0137";"42136";"GM";"7";"GM - Grup Üyesi";"4";"N - Bireysel";"CUSTOMER_TYPE_MISMATCH"
"33133";"121007";"01-01-0138";"42137";"GM";"7";"GM - Grup Üyesi";"4";"N - Bireysel";"CUSTOMER_TYPE_MISMATCH"
"33134";"121010";"01-01-0139";"17308";"GM";"7";"GM - Grup Üyesi";"4";"N - Bireysel";"CUSTOMER_TYPE_MISMATCH"
"33135";"121011";"01-01-0141";"42138";"GM";"7";"GM - Grup Üyesi";"4";"N - Bireysel";"CUSTOMER_TYPE_MISMATCH"
"33141";"121058";"01-01-0142";"17102";"GM";"7";"GM - Grup Üyesi";"4";"N - Bireysel";"CUSTOMER_TYPE_MISMATCH"
"33142";"121059";"01-01-0143";"42139";"GM";"7";"GM - Grup Üyesi";"4";"N - Bireysel";"CUSTOMER_TYPE_MISMATCH"
"33143";"121060";"01-01-0145";"42140";"GM";"7";"GM - Grup Üyesi";"4";"N - Bireysel";"CUSTOMER_TYPE_MISMATCH"
"33144";"121062";"01-01-2134";"18177";"GM";"7";"GM - Grup Üyesi";"4";"N - Bireysel";"CUSTOMER_TYPE_MISMATCH"
"33145";"121077";"01-01-0146";"42141";"GM";"7";"GM - Grup Üyesi";"4";"N - Bireysel";"CUSTOMER_TYPE_MISMATCH"
"33147";"121081";"01-01-0149";"17561";"GM";"7";"GM - Grup Üyesi";"4";"N - Bireysel";"CUSTOMER_TYPE_MISMATCH"
"33149";"121116";"01-01-0150";"42142";"GM";"7";"GM - Grup Üyesi";"4";"N - Bireysel";"CUSTOMER_TYPE_MISMATCH"
"33150";"121136";"01-01-0153";"42143";"GM";"7";"GM - Grup Üyesi";"4";"N - Bireysel";"CUSTOMER_TYPE_MISMATCH"
"33151";"121137";"01-01-0152";"12209";"GM";"7";"GM - Grup Üyesi";"4";"N - Bireysel";"CUSTOMER_TYPE_MISMATCH"
"33152";"121140";"01-01-0154";"42144";"GM";"7";"GM - Grup Üyesi";"4";"N - Bireysel";"CUSTOMER_TYPE_MISMATCH"
"33153";"121141";"01-01-0161";"16295";"GM";"7";"GM - Grup Üyesi";"4";"N - Bireysel";"CUSTOMER_TYPE_MISMATCH"
"33154";"121142";"01-01-0156";"16293";"GM";"7";"GM - Grup Üyesi";"4";"N - Bireysel";"CUSTOMER_TYPE_MISMATCH"
"33155";"121143";"01-01-0163";"16299";"GM";"7";"GM - Grup Üyesi";"4";"N - Bireysel";"CUSTOMER_TYPE_MISMATCH"
"33157";"121145";"01-01-0166";"42148";"GM";"7";"GM - Grup Üyesi";"4";"N - Bireysel";"CUSTOMER_TYPE_MISMATCH"
"33158";"121146";"01-01-0173";"17135";"GM";"7";"GM - Grup Üyesi";"4";"N - Bireysel";"CUSTOMER_TYPE_MISMATCH"
"33159";"121147";"01-01-0175";"42151";"GM";"7";"GM - Grup Üyesi";"4";"N - Bireysel";"CUSTOMER_TYPE_MISMATCH"
"33160";"121168";"01-01-0186";"17136";"GM";"7";"GM - Grup Üyesi";"4";"N - Bireysel";"CUSTOMER_TYPE_MISMATCH"
"33167";"121176";"01-01-0189";"16310";"GM";"7";"GM - Grup Üyesi";"4";"N - Bireysel";"CUSTOMER_TYPE_MISMATCH"
"33168";"121178";"01-01-0191";"42154";"GM";"7";"GM - Grup Üyesi";"4";"N - Bireysel";"CUSTOMER_TYPE_MISMATCH"
"33169";"121215";"01-01-0194";"16315";"GM";"7";"GM - Grup Üyesi";"4";"N - Bireysel";"CUSTOMER_TYPE_MISMATCH"
"33170";"121249";"01-01-0195";"16316";"GM";"7";"GM - Grup Üyesi";"4";"N - Bireysel";"CUSTOMER_TYPE_MISMATCH"
"33171";"121293";"01-01-0199";"16318";"GM";"7";"GM - Grup Üyesi";"4";"N - Bireysel";"CUSTOMER_TYPE_MISMATCH"
"33172";"121294";"01-01-0202";"17307";"GM";"7";"GM - Grup Üyesi";"4";"N - Bireysel";"CUSTOMER_TYPE_MISMATCH"
"33173";"121306";"01-01-0205";"16320";"GM";"7";"GM - Grup Üyesi";"4";"N - Bireysel";"CUSTOMER_TYPE_MISMATCH"
"33174";"121307";"01-01-0207";"42158";"GM";"7";"GM - Grup Üyesi";"4";"N - Bireysel";"CUSTOMER_TYPE_MISMATCH"
"33175";"121308";"01-01-0208";"16322";"GM";"7";"GM - Grup Üyesi";"4";"N - Bireysel";"CUSTOMER_TYPE_MISMATCH"
"33176";"121305";"01-01-0206";"16321";"GM";"7";"GM - Grup Üyesi";"4";"N - Bireysel";"CUSTOMER_TYPE_MISMATCH"
"33177";"121309";"01-01-0209";"42159";"GM";"7";"GM - Grup Üyesi";"4";"N - Bireysel";"CUSTOMER_TYPE_MISMATCH"
"33178";"121316";"01-01-0213";"16325";"GM";"7";"GM - Grup Üyesi";"4";"N - Bireysel";"CUSTOMER_TYPE_MISMATCH"
"33179";"121317";"01-01-0216";"42161";"GM";"7";"GM - Grup Üyesi";"4";"N - Bireysel";"CUSTOMER_TYPE_MISMATCH"
"33180";"121323";"01-01-0217";"17143";"GM";"7";"GM - Grup Üyesi";"4";"N - Bireysel";"CUSTOMER_TYPE_MISMATCH"
"33181";"121325";"01-01-0220";"17208";"GM";"7";"GM - Grup Üyesi";"4";"N - Bireysel";"CUSTOMER_TYPE_MISMATCH"
"33184";"121328";"01-01-0230";"42163";"GM";"7";"GM - Grup Üyesi";"4";"N - Bireysel";"CUSTOMER_TYPE_MISMATCH"
"33186";"121330";"01-01-0237";"17209";"GM";"7";"GM - Grup Üyesi";"4";"N - Bireysel";"CUSTOMER_TYPE_MISMATCH"
"33187";"121376";"01-01-5590";"44975";"GM";"7";"GM - Grup Üyesi";"4";"N - Bireysel";"CUSTOMER_TYPE_MISMATCH"
"33188";"121469";"01-01-1216";"42788";"GM";"7";"GM - Grup Üyesi";"4";"N - Bireysel";"CUSTOMER_TYPE_MISMATCH"
"33189";"121470";"01-01-3287";"43973";"GM";"7";"GM - Grup Üyesi";"4";"N - Bireysel";"CUSTOMER_TYPE_MISMATCH"
"33190";"121471";"01-01-4336";"44374";"GM";"7";"GM - Grup Üyesi";"4";"N - Bireysel";"CUSTOMER_TYPE_MISMATCH"
"33191";"121472";"01-01-8732";"17229";"GM";"7";"GM - Grup Üyesi";"4";"N - Bireysel";"CUSTOMER_TYPE_MISMATCH"
"33192";"121473";"01-01-4893";"44620";"GM";"7";"GM - Grup Üyesi";"4";"N - Bireysel";"CUSTOMER_TYPE_MISMATCH"
"33193";"121474";"01-01-1070";"17184";"GM";"7";"GM - Grup Üyesi";"4";"N - Bireysel";"CUSTOMER_TYPE_MISMATCH"
"33194";"121475";"01-01-3301";"17228";"GM";"7";"GM - Grup Üyesi";"4";"N - Bireysel";"CUSTOMER_TYPE_MISMATCH"
"33195";"121476";"01-01-4918";"44636";"GM";"7";"GM - Grup Üyesi";"4";"N - Bireysel";"CUSTOMER_TYPE_MISMATCH"
"33200";"121607";"01-01-0254";"42168";"GM";"7";"GM - Grup Üyesi";"4";"N - Bireysel";"CUSTOMER_TYPE_MISMATCH"
"33201";"121611";"01-01-0255";"17239";"GM";"7";"GM - Grup Üyesi";"4";"N - Bireysel";"CUSTOMER_TYPE_MISMATCH"
"33202";"121615";"01-01-0260";"17296";"GM";"7";"GM - Grup Üyesi";"4";"N - Bireysel";"CUSTOMER_TYPE_MISMATCH"
"33206";"121697";"01-01-0280";"42173";"GM";"7";"GM - Grup Üyesi";"4";"N - Bireysel";"CUSTOMER_TYPE_MISMATCH"
"33207";"121710";"01-01-0283";"42174";"GM";"7";"GM - Grup Üyesi";"4";"N - Bireysel";"CUSTOMER_TYPE_MISMATCH"
"33208";"121725";"01-01-0325";"42205";"GM";"7";"GM - Grup Üyesi";"4";"N - Bireysel";"CUSTOMER_TYPE_MISMATCH"
"33209";"121727";"01-01-0360";"42212";"GM";"7";"GM - Grup Üyesi";"4";"N - Bireysel";"CUSTOMER_TYPE_MISMATCH"
"33211";"121753";"01-01-0373";"42218";"GM";"7";"GM - Grup Üyesi";"4";"N - Bireysel";"CUSTOMER_TYPE_MISMATCH"
"33212";"121791";"01-01-0403";"42237";"GM";"7";"GM - Grup Üyesi";"4";"N - Bireysel";"CUSTOMER_TYPE_MISMATCH"
"33221";"121912";"01-01-0414";"42245";"GM";"7";"GM - Grup Üyesi";"4";"N - Bireysel";"CUSTOMER_TYPE_MISMATCH"
"33224";"121999";"01-01-0418";"12221";"GM";"7";"GM - Grup Üyesi";"4";"N - Bireysel";"CUSTOMER_TYPE_MISMATCH"
"33229";"122082";"01-01-0451";"42267";"GM";"7";"GM - Grup Üyesi";"4";"N - Bireysel";"CUSTOMER_TYPE_MISMATCH"
"33237";"122568";"01-01-0499";"11809";"GM";"7";"GM - Grup Üyesi";"4";"N - Bireysel";"CUSTOMER_TYPE_MISMATCH"
"33238";"122654";"01-01-0511";"42297";"GM";"7";"GM - Grup Üyesi";"4";"N - Bireysel";"CUSTOMER_TYPE_MISMATCH"
"33243";"122719";"01-01-0538";"42319";"GM";"7";"GM - Grup Üyesi";"4";"N - Bireysel";"CUSTOMER_TYPE_MISMATCH"
"33248";"122789";"01-01-0603";"42361";"GM";"7";"GM - Grup Üyesi";"4";"N - Bireysel";"CUSTOMER_TYPE_MISMATCH"
"33249";"122794";"01-01-0632";"42381";"GM";"7";"GM - Grup Üyesi";"4";"N - Bireysel";"CUSTOMER_TYPE_MISMATCH"
"33251";"122793";"01-01-0622";"12080";"GM";"7";"GM - Grup Üyesi";"4";"N - Bireysel";"CUSTOMER_TYPE_MISMATCH"
"33254";"122963";"01-01-0643";"42393";"GM";"7";"GM - Grup Üyesi";"4";"N - Bireysel";"CUSTOMER_TYPE_MISMATCH"
"33257";"123199";"01-01-0645";"42389";"GM";"7";"GM - Grup Üyesi";"4";"N - Bireysel";"CUSTOMER_TYPE_MISMATCH"
"38507";"126061";"01-01-3312";"43984";"GM";"7";"GM - Grup Üyesi";"4";"N - Bireysel";"CUSTOMER_TYPE_MISMATCH"
"38508";"126073";"01-01-3378";"12099";"GM";"7";"GM - Grup Üyesi";"4";"N - Bireysel";"CUSTOMER_TYPE_MISMATCH"
"39428";"124817";"01-01-0923";"17242";"GM";"7";"GM - Grup Üyesi";"4";"N - Bireysel";"CUSTOMER_TYPE_MISMATCH"
"39429";"125150";"01-01-2005";"43268";"GM";"7";"GM - Grup Üyesi";"4";"N - Bireysel";"CUSTOMER_TYPE_MISMATCH"
"39430";"125151";"01-01-1968";"17267";"GM";"7";"GM - Grup Üyesi";"4";"N - Bireysel";"CUSTOMER_TYPE_MISMATCH"
"39431";"125152";"01-01-2234";"17272";"GM";"7";"GM - Grup Üyesi";"4";"N - Bireysel";"CUSTOMER_TYPE_MISMATCH"
"39432";"125153";"01-01-1554";"17273";"GM";"7";"GM - Grup Üyesi";"4";"N - Bireysel";"CUSTOMER_TYPE_MISMATCH"
"39436";"125661";"01-01-2907";"17240";"GM";"7";"GM - Grup Üyesi";"4";"N - Bireysel";"CUSTOMER_TYPE_MISMATCH"
"39438";"126401";"01-01-4701";"44534";"GM";"7";"GM - Grup Üyesi";"4";"N - Bireysel";"CUSTOMER_TYPE_MISMATCH"
"39439";"126509";"01-01-8565";"17165";"GM";"7";"GM - Grup Üyesi";"4";"N - Bireysel";"CUSTOMER_TYPE_MISMATCH"
"39440";"126559";"01-01-1957";"17286";"GM";"7";"GM - Grup Üyesi";"4";"N - Bireysel";"CUSTOMER_TYPE_MISMATCH"
"39441";"126645";"01-01-1162";"17220";"GM";"7";"GM - Grup Üyesi";"4";"N - Bireysel";"CUSTOMER_TYPE_MISMATCH"
"39443";"126810";"01-01-1004";"17225";"GM";"7";"GM - Grup Üyesi";"4";"N - Bireysel";"CUSTOMER_TYPE_MISMATCH"
"39444";"126880";"01-01-2436";"17268";"GM";"7";"GM - Grup Üyesi";"4";"N - Bireysel";"CUSTOMER_TYPE_MISMATCH"
"39445";"126890";"01-01-7046";"45507";"GM";"7";"GM - Grup Üyesi";"4";"N - Bireysel";"CUSTOMER_TYPE_MISMATCH"
"39447";"127071";"01-01-8774";"17193";"GM";"7";"GM - Grup Üyesi";"4";"N - Bireysel";"CUSTOMER_TYPE_MISMATCH"
"39448";"127102";"01-01-7907";"17283";"GM";"7";"GM - Grup Üyesi";"4";"N - Bireysel";"CUSTOMER_TYPE_MISMATCH"
"39449";"127125";"01-01-7056";"45515";"GM";"7";"GM - Grup Üyesi";"4";"N - Bireysel";"CUSTOMER_TYPE_MISMATCH"
"39451";"127442";"01-01-3454";"17158";"GM";"7";"GM - Grup Üyesi";"4";"N - Bireysel";"CUSTOMER_TYPE_MISMATCH"
"39462";"55868";"01-01-3586";"44104";"GM";"7";"GM - Grup Üyesi";"4";"N - Bireysel";"CUSTOMER_TYPE_MISMATCH"
"39480";"61722";"01-01-4520";"44452";"GM";"7";"GM - Grup Üyesi";"4";"N - Bireysel";"CUSTOMER_TYPE_MISMATCH"
"39491";"51557";"01-01-9670";"46355";"GM";"7";"GM - Grup Üyesi";"4";"N - Bireysel";"CUSTOMER_TYPE_MISMATCH"
"39995";"36421";"01-01-5327";"44832";"GM";"7";"GM - Grup Üyesi";"4";"N - Bireysel";"CUSTOMER_TYPE_MISMATCH"
"39999";"36573";"01-01-5907";"45112";"GM";"7";"GM - Grup Üyesi";"4";"N - Bireysel";"CUSTOMER_TYPE_MISMATCH"
"40019";"37656";"01-01-8656";"45964";"GM";"7";"GM - Grup Üyesi";"4";"N - Bireysel";"CUSTOMER_TYPE_MISMATCH"
"40034";"37684";"01-01-8719";"45984";"GM";"7";"GM - Grup Üyesi";"4";"N - Bireysel";"CUSTOMER_TYPE_MISMATCH"
"40049";"37703";"01-01-8750";"45995";"GM";"7";"GM - Grup Üyesi";"4";"N - Bireysel";"CUSTOMER_TYPE_MISMATCH"
"40088";"38102";"01-01-9914";"46452";"GM";"7";"GM - Grup Üyesi";"4";"N - Bireysel";"CUSTOMER_TYPE_MISMATCH"
"40089";"38104";"01-01-9916";"46454";"GM";"7";"GM - Grup Üyesi";"4";"N - Bireysel";"CUSTOMER_TYPE_MISMATCH"
"40103";"86183";"01-02-1427";"46608";"GM";"7";"GM - Grup Üyesi";"4";"N - Bireysel";"CUSTOMER_TYPE_MISMATCH"
"40110";"37390";"01-01-7986";"45770";"GM";"7";"GM - Grup Üyesi";"4";"N - Bireysel";"CUSTOMER_TYPE_MISMATCH"
"40128";"66942";"01-01-3555";"44099";"GM";"7";"GM - Grup Üyesi";"4";"N - Bireysel";"CUSTOMER_TYPE_MISMATCH"
"40158";"75850";"01-01-7236";"45581";"GM";"7";"GM - Grup Üyesi";"4";"N - Bireysel";"CUSTOMER_TYPE_MISMATCH"
"40193";"37950";"01-01-9560";"46306";"GM";"7";"GM - Grup Üyesi";"4";"N - Bireysel";"CUSTOMER_TYPE_MISMATCH"
"40197";"34974";"01-01-0424";"42250";"GM";"7";"GM - Grup Üyesi";"4";"N - Bireysel";"CUSTOMER_TYPE_MISMATCH"
"40202";"35568";"01-01-3211";"43926";"GM";"7";"GM - Grup Üyesi";"4";"N - Bireysel";"CUSTOMER_TYPE_MISMATCH"
"40209";"37300";"01-01-7747";"45694";"GM";"7";"GM - Grup Üyesi";"4";"N - Bireysel";"CUSTOMER_TYPE_MISMATCH"
"40237";"37029";"01-01-7115";"45531";"GM";"7";"GM - Grup Üyesi";"4";"N - Bireysel";"CUSTOMER_TYPE_MISMATCH"
"40256";"37050";"01-01-7161";"45545";"GM";"7";"GM - Grup Üyesi";"4";"N - Bireysel";"CUSTOMER_TYPE_MISMATCH"
"40257";"37051";"01-01-7163";"45546";"GM";"7";"GM - Grup Üyesi";"4";"N - Bireysel";"CUSTOMER_TYPE_MISMATCH"
"40262";"37059";"01-01-7174";"45548";"GM";"7";"GM - Grup Üyesi";"4";"N - Bireysel";"CUSTOMER_TYPE_MISMATCH"
"40268";"37065";"01-01-7187";"45556";"GM";"7";"GM - Grup Üyesi";"4";"N - Bireysel";"CUSTOMER_TYPE_MISMATCH"
"40276";"36999";"01-01-7048";"45509";"GM";"7";"GM - Grup Üyesi";"4";"N - Bireysel";"CUSTOMER_TYPE_MISMATCH"
"40338";"37387";"01-01-7978";"45765";"GM";"7";"GM - Grup Üyesi";"4";"N - Bireysel";"CUSTOMER_TYPE_MISMATCH"
"40369";"34953";"01-01-0314";"42185";"GM";"7";"GM - Grup Üyesi";"4";"N - Bireysel";"CUSTOMER_TYPE_MISMATCH"
"40425";"82314";"01-01-2226";"43375";"GM";"7";"GM - Grup Üyesi";"4";"N - Bireysel";"CUSTOMER_TYPE_MISMATCH"
"40426";"82314";"01-01-2226";"43375";"GM";"7";"GM - Grup Üyesi";"4";"N - Bireysel";"CUSTOMER_TYPE_MISMATCH"
"40436";"38076";"01-01-9863";"51055";"GM";"7";"GM - Grup Üyesi";"4";"N - Bireysel";"CUSTOMER_TYPE_MISMATCH"
"40471";"56616";"01-01-3674";"44140";"GM";"7";"GM - Grup Üyesi";"4";"N - Bireysel";"CUSTOMER_TYPE_MISMATCH"
"40472";"38047";"01-01-9805";"46418";"GM";"7";"GM - Grup Üyesi";"4";"N - Bireysel";"CUSTOMER_TYPE_MISMATCH"
"40507";"105590";"01-01-3075";"18154";"GM";"7";"GM - Grup Üyesi";"4";"N - Bireysel";"CUSTOMER_TYPE_MISMATCH"
"40508";"105622";"01-01-3082";"18155";"GM";"7";"GM - Grup Üyesi";"4";"N - Bireysel";"CUSTOMER_TYPE_MISMATCH"
"40510";"119361";"01-01-9501";"18159";"GM";"7";"GM - Grup Üyesi";"4";"N - Bireysel";"CUSTOMER_TYPE_MISMATCH"
"40514";"62788";"01-01-4827";"44596";"GM";"7";"GM - Grup Üyesi";"4";"N - Bireysel";"CUSTOMER_TYPE_MISMATCH"
"40531";"37922";"01-01-9457";"46259";"GM";"7";"GM - Grup Üyesi";"4";"N - Bireysel";"CUSTOMER_TYPE_MISMATCH"
"40545";"37109";"01-01-7310";"45601";"GM";"7";"GM - Grup Üyesi";"4";"N - Bireysel";"CUSTOMER_TYPE_MISMATCH"
"40554";"35053";"01-01-1082";"42699";"GM";"7";"GM - Grup Üyesi";"4";"N - Bireysel";"CUSTOMER_TYPE_MISMATCH"
"40574";"97544";"01-01-1012";"42659";"GM";"7";"GM - Grup Üyesi";"4";"N - Bireysel";"CUSTOMER_TYPE_MISMATCH"
"40597";"80132";"01-01-7951";"45755";"GM";"7";"GM - Grup Üyesi";"4";"N - Bireysel";"CUSTOMER_TYPE_MISMATCH"
"40598";"80139";"01-01-7959";"45760";"GM";"7";"GM - Grup Üyesi";"4";"N - Bireysel";"CUSTOMER_TYPE_MISMATCH"
"40601";"35863";"01-01-4010";"44263";"GM";"7";"GM - Grup Üyesi";"4";"N - Bireysel";"CUSTOMER_TYPE_MISMATCH"
"40606";"35097";"01-01-1416";"42922";"GM";"7";"GM - Grup Üyesi";"4";"N - Bireysel";"CUSTOMER_TYPE_MISMATCH"
"40619";"36776";"01-01-6377";"45271";"GM";"7";"GM - Grup Üyesi";"4";"N - Bireysel";"CUSTOMER_TYPE_MISMATCH"
"40620";"38048";"01-01-9807";"46419";"GM";"7";"GM - Grup Üyesi";"4";"N - Bireysel";"CUSTOMER_TYPE_MISMATCH"
"40621";"38061";"01-01-9834";"46430";"GM";"7";"GM - Grup Üyesi";"4";"N - Bireysel";"CUSTOMER_TYPE_MISMATCH"
"40671";"37077";"01-01-7234";"45580";"GM";"7";"GM - Grup Üyesi";"4";"N - Bireysel";"CUSTOMER_TYPE_MISMATCH"
"40696";"37780";"01-01-8959";"46061";"GM";"7";"GM - Grup Üyesi";"4";"N - Bireysel";"CUSTOMER_TYPE_MISMATCH"
"40701";"37957";"01-01-9571";"46310";"GM";"7";"GM - Grup Üyesi";"4";"N - Bireysel";"CUSTOMER_TYPE_MISMATCH"
"40711";"37807";"01-01-9067";"46106";"GM";"7";"GM - Grup Üyesi";"4";"N - Bireysel";"CUSTOMER_TYPE_MISMATCH"
"40845";"75980";"01-01-7348";"12157";"GM";"7";"GM - Grup Üyesi";"4";"N - Bireysel";"CUSTOMER_TYPE_MISMATCH"
"40860";"106374";"01-01-3413";"44030";"GM";"7";"GM - Grup Üyesi";"4";"N - Bireysel";"CUSTOMER_TYPE_MISMATCH"
"40977";"70757";"01-01-6545";"45337";"GM";"7";"GM - Grup Üyesi";"4";"N - Bireysel";"CUSTOMER_TYPE_MISMATCH"
"40978";"70758";"01-01-5288";"44822";"GM";"7";"GM - Grup Üyesi";"4";"N - Bireysel";"CUSTOMER_TYPE_MISMATCH"
"41020";"70800";"01-01-5075";"44728";"GM";"7";"GM - Grup Üyesi";"4";"N - Bireysel";"CUSTOMER_TYPE_MISMATCH"
"41125";"88553";"01-01-9316";"46210";"GM";"7";"GM - Grup Üyesi";"4";"N - Bireysel";"CUSTOMER_TYPE_MISMATCH"
"41237";"97544";"01-01-1012";"42659";"GM";"7";"GM - Grup Üyesi";"4";"N - Bireysel";"CUSTOMER_TYPE_MISMATCH"
"41252";"35097";"01-01-1416";"42922";"GM";"7";"GM - Grup Üyesi";"4";"N - Bireysel";"CUSTOMER_TYPE_MISMATCH"
"41261";"61722";"01-01-4520";"44452";"GM";"7";"GM - Grup Üyesi";"4";"N - Bireysel";"CUSTOMER_TYPE_MISMATCH"
"41269";"51557";"01-01-9670";"46355";"GM";"7";"GM - Grup Üyesi";"4";"N - Bireysel";"CUSTOMER_TYPE_MISMATCH"
"41296";"37780";"01-01-8959";"46061";"GM";"7";"GM - Grup Üyesi";"4";"N - Bireysel";"CUSTOMER_TYPE_MISMATCH"
"41299";"37957";"01-01-9571";"46310";"GM";"7";"GM - Grup Üyesi";"4";"N - Bireysel";"CUSTOMER_TYPE_MISMATCH"
"41335";"37922";"01-01-9457";"46259";"GM";"7";"GM - Grup Üyesi";"4";"N - Bireysel";"CUSTOMER_TYPE_MISMATCH"
"41342";"37109";"01-01-7310";"45601";"GM";"7";"GM - Grup Üyesi";"4";"N - Bireysel";"CUSTOMER_TYPE_MISMATCH"
"41355";"38102";"01-01-9914";"46452";"GM";"7";"GM - Grup Üyesi";"4";"N - Bireysel";"CUSTOMER_TYPE_MISMATCH"
"41356";"38104";"01-01-9916";"46454";"GM";"7";"GM - Grup Üyesi";"4";"N - Bireysel";"CUSTOMER_TYPE_MISMATCH"
"41378";"86183";"01-02-1427";"46608";"GM";"7";"GM - Grup Üyesi";"4";"N - Bireysel";"CUSTOMER_TYPE_MISMATCH"
"41391";"37390";"01-01-7986";"45770";"GM";"7";"GM - Grup Üyesi";"4";"N - Bireysel";"CUSTOMER_TYPE_MISMATCH"
"41434";"36776";"01-01-6377";"45271";"GM";"7";"GM - Grup Üyesi";"4";"N - Bireysel";"CUSTOMER_TYPE_MISMATCH"
"41436";"38048";"01-01-9807";"46419";"GM";"7";"GM - Grup Üyesi";"4";"N - Bireysel";"CUSTOMER_TYPE_MISMATCH"
"41437";"38061";"01-01-9834";"46430";"GM";"7";"GM - Grup Üyesi";"4";"N - Bireysel";"CUSTOMER_TYPE_MISMATCH"
"41938";"34974";"01-01-0424";"42250";"GM";"7";"GM - Grup Üyesi";"4";"N - Bireysel";"CUSTOMER_TYPE_MISMATCH"
"41943";"35568";"01-01-3211";"43926";"GM";"7";"GM - Grup Üyesi";"4";"N - Bireysel";"CUSTOMER_TYPE_MISMATCH"
"41946";"37950";"01-01-9560";"46306";"GM";"7";"GM - Grup Üyesi";"4";"N - Bireysel";"CUSTOMER_TYPE_MISMATCH"
"41971";"37300";"01-01-7747";"45694";"GM";"7";"GM - Grup Üyesi";"4";"N - Bireysel";"CUSTOMER_TYPE_MISMATCH"
"41976";"37065";"01-01-7187";"45556";"GM";"7";"GM - Grup Üyesi";"4";"N - Bireysel";"CUSTOMER_TYPE_MISMATCH"
"41982";"37059";"01-01-7174";"45548";"GM";"7";"GM - Grup Üyesi";"4";"N - Bireysel";"CUSTOMER_TYPE_MISMATCH"
"41988";"37050";"01-01-7161";"45545";"GM";"7";"GM - Grup Üyesi";"4";"N - Bireysel";"CUSTOMER_TYPE_MISMATCH"
"41989";"37051";"01-01-7163";"45546";"GM";"7";"GM - Grup Üyesi";"4";"N - Bireysel";"CUSTOMER_TYPE_MISMATCH"
"42005";"37029";"01-01-7115";"45531";"GM";"7";"GM - Grup Üyesi";"4";"N - Bireysel";"CUSTOMER_TYPE_MISMATCH"
"42021";"36999";"01-01-7048";"45509";"GM";"7";"GM - Grup Üyesi";"4";"N - Bireysel";"CUSTOMER_TYPE_MISMATCH"
"42046";"75850";"01-01-7236";"45581";"GM";"7";"GM - Grup Üyesi";"4";"N - Bireysel";"CUSTOMER_TYPE_MISMATCH"
"42069";"38047";"01-01-9805";"46418";"GM";"7";"GM - Grup Üyesi";"4";"N - Bireysel";"CUSTOMER_TYPE_MISMATCH"
"42070";"56616";"01-01-3674";"44140";"GM";"7";"GM - Grup Üyesi";"4";"N - Bireysel";"CUSTOMER_TYPE_MISMATCH"
"42085";"55868";"01-01-3586";"44104";"GM";"7";"GM - Grup Üyesi";"4";"N - Bireysel";"CUSTOMER_TYPE_MISMATCH"
"42132";"37703";"01-01-8750";"45995";"GM";"7";"GM - Grup Üyesi";"4";"N - Bireysel";"CUSTOMER_TYPE_MISMATCH"
"42153";"37684";"01-01-8719";"45984";"GM";"7";"GM - Grup Üyesi";"4";"N - Bireysel";"CUSTOMER_TYPE_MISMATCH"
"42162";"37656";"01-01-8656";"45964";"GM";"7";"GM - Grup Üyesi";"4";"N - Bireysel";"CUSTOMER_TYPE_MISMATCH"
"42173";"36573";"01-01-5907";"45112";"GM";"7";"GM - Grup Üyesi";"4";"N - Bireysel";"CUSTOMER_TYPE_MISMATCH"
"42181";"36421";"01-01-5327";"44832";"GM";"7";"GM - Grup Üyesi";"4";"N - Bireysel";"CUSTOMER_TYPE_MISMATCH"
"42193";"35863";"01-01-4010";"44263";"GM";"7";"GM - Grup Üyesi";"4";"N - Bireysel";"CUSTOMER_TYPE_MISMATCH"
"42197";"80132";"01-01-7951";"45755";"GM";"7";"GM - Grup Üyesi";"4";"N - Bireysel";"CUSTOMER_TYPE_MISMATCH"
"42198";"80139";"01-01-7959";"45760";"GM";"7";"GM - Grup Üyesi";"4";"N - Bireysel";"CUSTOMER_TYPE_MISMATCH"
"42219";"37077";"01-01-7234";"45580";"GM";"7";"GM - Grup Üyesi";"4";"N - Bireysel";"CUSTOMER_TYPE_MISMATCH"
"42242";"37807";"01-01-9067";"46106";"GM";"7";"GM - Grup Üyesi";"4";"N - Bireysel";"CUSTOMER_TYPE_MISMATCH"
"42292";"34953";"01-01-0314";"42185";"GM";"7";"GM - Grup Üyesi";"4";"N - Bireysel";"CUSTOMER_TYPE_MISMATCH"
"42309";"37387";"01-01-7978";"45765";"GM";"7";"GM - Grup Üyesi";"4";"N - Bireysel";"CUSTOMER_TYPE_MISMATCH"
"42317";"37339";"01-01-7830";"12053";"GM";"7";"GM - Grup Üyesi";"4";"N - Bireysel";"CUSTOMER_TYPE_MISMATCH"
"42386";"35053";"01-01-1082";"42699";"GM";"7";"GM - Grup Üyesi";"4";"N - Bireysel";"CUSTOMER_TYPE_MISMATCH"
"42431";"66942";"01-01-3555";"44099";"GM";"7";"GM - Grup Üyesi";"4";"N - Bireysel";"CUSTOMER_TYPE_MISMATCH"
"42444";"82314";"01-01-2226";"43375";"GM";"7";"GM - Grup Üyesi";"4";"N - Bireysel";"CUSTOMER_TYPE_MISMATCH"
"42448";"82314";"01-01-2226";"43375";"GM";"7";"GM - Grup Üyesi";"4";"N - Bireysel";"CUSTOMER_TYPE_MISMATCH"
"42478";"38076";"01-01-9863";"51055";"GM";"7";"GM - Grup Üyesi";"4";"N - Bireysel";"CUSTOMER_TYPE_MISMATCH"
"42512";"62788";"01-01-4827";"44596";"GM";"7";"GM - Grup Üyesi";"4";"N - Bireysel";"CUSTOMER_TYPE_MISMATCH"
"42537";"109391";"01-01-2959";"12094";"GM";"7";"GM - Grup Üyesi";"4";"N - Bireysel";"CUSTOMER_TYPE_MISMATCH"
"42539";"109393";"01-01-2585";"12083";"GM";"7";"GM - Grup Üyesi";"4";"N - Bireysel";"CUSTOMER_TYPE_MISMATCH"
"42540";"109394";"01-01-3671";"12095";"GM";"7";"GM - Grup Üyesi";"4";"N - Bireysel";"CUSTOMER_TYPE_MISMATCH"
"42541";"109395";"01-01-3006";"43834";"GM";"7";"GM - Grup Üyesi";"4";"N - Bireysel";"CUSTOMER_TYPE_MISMATCH"
"42542";"109396";"01-01-2796";"12098";"GM";"7";"GM - Grup Üyesi";"4";"N - Bireysel";"CUSTOMER_TYPE_MISMATCH"
"42543";"109415";"01-01-2477";"12082";"GM";"7";"GM - Grup Üyesi";"4";"N - Bireysel";"CUSTOMER_TYPE_MISMATCH"
"42545";"111840";"01-01-6670";"12100";"GM";"7";"GM - Grup Üyesi";"4";"N - Bireysel";"CUSTOMER_TYPE_MISMATCH"
"42546";"114212";"01-01-5587";"12104";"GM";"7";"GM - Grup Üyesi";"4";"N - Bireysel";"CUSTOMER_TYPE_MISMATCH"
"42549";"109409";"01-01-2101";"12081";"GM";"7";"GM - Grup Üyesi";"4";"N - Bireysel";"CUSTOMER_TYPE_MISMATCH"
"42550";"109410";"01-01-2298";"12122";"GM";"7";"GM - Grup Üyesi";"4";"N - Bireysel";"CUSTOMER_TYPE_MISMATCH"
"42551";"109411";"01-01-4063";"12112";"GM";"7";"GM - Grup Üyesi";"4";"N - Bireysel";"CUSTOMER_TYPE_MISMATCH"
"42552";"109412";"01-01-2725";"12084";"GM";"7";"GM - Grup Üyesi";"4";"N - Bireysel";"CUSTOMER_TYPE_MISMATCH"
"42554";"109414";"01-01-2705";"12103";"GM";"7";"GM - Grup Üyesi";"4";"N - Bireysel";"CUSTOMER_TYPE_MISMATCH"
"42556";"109404";"01-01-2024";"12096";"GM";"7";"GM - Grup Üyesi";"4";"N - Bireysel";"CUSTOMER_TYPE_MISMATCH"
"42557";"109405";"01-01-2547";"12101";"GM";"7";"GM - Grup Üyesi";"4";"N - Bireysel";"CUSTOMER_TYPE_MISMATCH"
"42559";"109407";"01-01-2885";"43760";"GM";"7";"GM - Grup Üyesi";"4";"N - Bireysel";"CUSTOMER_TYPE_MISMATCH"
"42560";"109408";"01-01-2981";"12126";"GM";"7";"GM - Grup Üyesi";"4";"N - Bireysel";"CUSTOMER_TYPE_MISMATCH"
"42561";"109397";"01-01-2706";"12107";"GM";"7";"GM - Grup Üyesi";"4";"N - Bireysel";"CUSTOMER_TYPE_MISMATCH"
"42562";"109398";"01-01-2217";"43368";"GM";"7";"GM - Grup Üyesi";"4";"N - Bireysel";"CUSTOMER_TYPE_MISMATCH"
"42563";"109399";"01-01-2719";"12089";"GM";"7";"GM - Grup Üyesi";"4";"N - Bireysel";"CUSTOMER_TYPE_MISMATCH"
"42564";"109400";"01-01-2932";"12085";"GM";"7";"GM - Grup Üyesi";"4";"N - Bireysel";"CUSTOMER_TYPE_MISMATCH"
"42565";"109401";"01-01-3128";"43889";"GM";"7";"GM - Grup Üyesi";"4";"N - Bireysel";"CUSTOMER_TYPE_MISMATCH"
"42566";"109402";"01-01-2721";"12125";"GM";"7";"GM - Grup Üyesi";"4";"N - Bireysel";"CUSTOMER_TYPE_MISMATCH"
"42642";"88553";"01-01-9316";"46210";"GM";"7";"GM - Grup Üyesi";"4";"N - Bireysel";"CUSTOMER_TYPE_MISMATCH"
"42727";"106374";"01-01-3413";"44030";"GM";"7";"GM - Grup Üyesi";"4";"N - Bireysel";"CUSTOMER_TYPE_MISMATCH"
"42756";"75980";"01-01-7348";"12157";"GM";"7";"GM - Grup Üyesi";"4";"N - Bireysel";"CUSTOMER_TYPE_MISMATCH"
"42937";"70800";"01-01-5075";"44728";"GM";"7";"GM - Grup Üyesi";"4";"N - Bireysel";"CUSTOMER_TYPE_MISMATCH"
"42979";"70758";"01-01-5288";"44822";"GM";"7";"GM - Grup Üyesi";"4";"N - Bireysel";"CUSTOMER_TYPE_MISMATCH"
"43009";"128107";"01-01-5012";"17163";"GM";"7";"GM - Grup Üyesi";"4";"N - Bireysel";"CUSTOMER_TYPE_MISMATCH"
"43010";"128235";"01-01-0467";"17137";"GM";"7";"GM - Grup Üyesi";"4";"N - Bireysel";"CUSTOMER_TYPE_MISMATCH"
"43018";"128495";"01-02-1621";"12046";"GM";"7";"GM - Grup Üyesi";"4";"N - Bireysel";"CUSTOMER_TYPE_MISMATCH"
"43019";"128495";"01-02-1621";"12046";"GM";"7";"GM - Grup Üyesi";"4";"N - Bireysel";"CUSTOMER_TYPE_MISMATCH"
"43031";"128673";"01-01-0453";"12088";"GM";"7";"GM - Grup Üyesi";"4";"N - Bireysel";"CUSTOMER_TYPE_MISMATCH"
"43043";"130459";"01-01-2976";"12121";"GM";"7";"GM - Grup Üyesi";"4";"N - Bireysel";"CUSTOMER_TYPE_MISMATCH"
"43044";"130498";"01-01-5480";"44914";"GM";"7";"GM - Grup Üyesi";"4";"N - Bireysel";"CUSTOMER_TYPE_MISMATCH"
"43048";"130710";"01-01-5783";"17238";"GM";"7";"GM - Grup Üyesi";"4";"N - Bireysel";"CUSTOMER_TYPE_MISMATCH"
"43075";"131339";"01-01-2732";"12109";"GM";"7";"GM - Grup Üyesi";"4";"N - Bireysel";"CUSTOMER_TYPE_MISMATCH"
"43079";"131436";"01-01-0653";"11799";"GM";"7";"GM - Grup Üyesi";"4";"N - Bireysel";"CUSTOMER_TYPE_MISMATCH"
"43080";"123790";"01-01-0802";"11800";"GM";"7";"GM - Grup Üyesi";"4";"N - Bireysel";"CUSTOMER_TYPE_MISMATCH"
"43086";"131675";"01-01-6169";"11835";"GM";"7";"GM - Grup Üyesi";"4";"N - Bireysel";"CUSTOMER_TYPE_MISMATCH"
"43087";"131684";"01-01-6171";"17278";"GM";"7";"GM - Grup Üyesi";"4";"N - Bireysel";"CUSTOMER_TYPE_MISMATCH"
"44090";"131991";"01-01-6580";"45338";"GM";"7";"GM - Grup Üyesi";"4";"N - Bireysel";"CUSTOMER_TYPE_MISMATCH"
"44104";"132474";"01-01-6505";"12092";"GM";"7";"GM - Grup Üyesi";"4";"N - Bireysel";"CUSTOMER_TYPE_MISMATCH"
"44105";"132538";"01-01-6773";"15441";"GM";"7";"GM - Grup Üyesi";"4";"N - Bireysel";"CUSTOMER_TYPE_MISMATCH"
"44106";"132565";"01-01-6819";"45418";"GM";"7";"GM - Grup Üyesi";"4";"N - Bireysel";"CUSTOMER_TYPE_MISMATCH"
"44109";"132702";"01-01-7203";"17159";"GM";"7";"GM - Grup Üyesi";"4";"N - Bireysel";"CUSTOMER_TYPE_MISMATCH"
"44187";"133646";"01-01-001289";"41058";"GM";"7";"GM - Grup Üyesi";"4";"N - Bireysel";"CUSTOMER_TYPE_MISMATCH"
"44200";"133650";"01-01-001301";"41062";"GM";"7";"GM - Grup Üyesi";"4";"N - Bireysel";"CUSTOMER_TYPE_MISMATCH"
"44273";"133543";"01-01-001377";"41069";"GM";"7";"GM - Grup Üyesi";"4";"N - Bireysel";"CUSTOMER_TYPE_MISMATCH"
"44286";"133578";"01-01-001349";"41065";"GM";"7";"GM - Grup Üyesi";"4";"N - Bireysel";"CUSTOMER_TYPE_MISMATCH"
"44287";"133579";"01-01-001352";"41068";"GM";"7";"GM - Grup Üyesi";"4";"N - Bireysel";"CUSTOMER_TYPE_MISMATCH"
"44288";"133580";"01-01-001350";"41066";"GM";"7";"GM - Grup Üyesi";"4";"N - Bireysel";"CUSTOMER_TYPE_MISMATCH"
"44289";"133581";"01-01-001351";"41067";"GM";"7";"GM - Grup Üyesi";"4";"N - Bireysel";"CUSTOMER_TYPE_MISMATCH"
"44295";"133653";"01-01-001343";"41064";"GM";"7";"GM - Grup Üyesi";"4";"N - Bireysel";"CUSTOMER_TYPE_MISMATCH"
"44299";"134999";"01-01-7258";"12113";"GM";"7";"GM - Grup Üyesi";"4";"N - Bireysel";"CUSTOMER_TYPE_MISMATCH"
"44304";"135495";"01-01-7264";"15197";"GM";"7";"GM - Grup Üyesi";"6";"BNK01 - BANKA";"CUSTOMER_TYPE_MISMATCH"
"44307";"135983";"01-01-7255";"15242";"GM";"7";"GM - Grup Üyesi";"4";"N - Bireysel";"CUSTOMER_TYPE_MISMATCH"
"44308";"135989";"01-01-0123";"41955";"GM";"7";"GM - Grup Üyesi";"4";"N - Bireysel";"CUSTOMER_TYPE_MISMATCH"
"44311";"135982";"01-01-7267";"12119";"GM";"7";"GM - Grup Üyesi";"4";"N - Bireysel";"CUSTOMER_TYPE_MISMATCH"
"44312";"135986";"01-01-7091";"12135";"GM";"7";"GM - Grup Üyesi";"4";"N - Bireysel";"CUSTOMER_TYPE_MISMATCH"
"44314";"136294";"01-01-7288";"12079";"GM";"7";"GM - Grup Üyesi";"4";"N - Bireysel";"CUSTOMER_TYPE_MISMATCH"
"44320";"136686";"01-01-7334";"45608";"GM";"7";"GM - Grup Üyesi";"4";"N - Bireysel";"CUSTOMER_TYPE_MISMATCH"
"44321";"136722";"01-01-7336";"45610";"GM";"7";"GM - Grup Üyesi";"4";"N - Bireysel";"CUSTOMER_TYPE_MISMATCH"
"44345";"138070";"01-01-7946";"45752";"GM";"7";"GM - Grup Üyesi";"4";"N - Bireysel";"CUSTOMER_TYPE_MISMATCH"
"44356";"138271";"01-01-7983";"45768";"GM";"7";"GM - Grup Üyesi";"4";"N - Bireysel";"CUSTOMER_TYPE_MISMATCH"
"44374";"139090";"01-01-8815";"46018";"GM";"7";"GM - Grup Üyesi";"4";"N - Bireysel";"CUSTOMER_TYPE_MISMATCH"
"44375";"139157";"01-01-0792";"42493";"GM";"7";"GM - Grup Üyesi";"4";"N - Bireysel";"CUSTOMER_TYPE_MISMATCH"
"44382";"139479";"01-01-5252";"44810";"GM";"7";"GM - Grup Üyesi";"4";"N - Bireysel";"CUSTOMER_TYPE_MISMATCH"
"44385";"139670";"01-02-1681";"17279";"GM";"7";"GM - Grup Üyesi";"4";"N - Bireysel";"CUSTOMER_TYPE_MISMATCH"
"44386";"139671";"01-02-1682";"17280";"GM";"7";"GM - Grup Üyesi";"4";"N - Bireysel";"CUSTOMER_TYPE_MISMATCH"
"44392";"139977";"01-01-7308";"17259";"GM";"7";"GM - Grup Üyesi";"4";"N - Bireysel";"CUSTOMER_TYPE_MISMATCH"
"44394";"140340";"01-01-7309";"45600";"GM";"7";"GM - Grup Üyesi";"4";"N - Bireysel";"CUSTOMER_TYPE_MISMATCH"
"44399";"140729";"01-01-7312";"12093";"GM";"7";"GM - Grup Üyesi";"4";"N - Bireysel";"CUSTOMER_TYPE_MISMATCH"
"44408";"140965";"01-01-9129";"15243";"GM";"7";"GM - Grup Üyesi";"4";"N - Bireysel";"CUSTOMER_TYPE_MISMATCH"
"44418";"141441";"01-01-9517";"11822";"GM";"7";"GM - Grup Üyesi";"4";"N - Bireysel";"CUSTOMER_TYPE_MISMATCH"
"44421";"141594";"01-01-9540";"46295";"GM";"7";"GM - Grup Üyesi";"4";"N - Bireysel";"CUSTOMER_TYPE_MISMATCH"
"44422";"141594";"01-01-9540";"46295";"GM";"7";"GM - Grup Üyesi";"4";"N - Bireysel";"CUSTOMER_TYPE_MISMATCH"
"44443";"142183";"01-01-9720";"46381";"GM";"7";"GM - Grup Üyesi";"4";"N - Bireysel";"CUSTOMER_TYPE_MISMATCH"
"44449";"142842";"01-01-1028";"11838";"GM";"7";"GM - Grup Üyesi";"4";"N - Bireysel";"CUSTOMER_TYPE_MISMATCH"
"44450";"142622";"01-01-9779";"46405";"GM";"7";"GM - Grup Üyesi";"4";"N - Bireysel";"CUSTOMER_TYPE_MISMATCH"
"44454";"144175";"01-01-1099";"42707";"GM";"7";"GM - Grup Üyesi";"4";"N - Bireysel";"CUSTOMER_TYPE_MISMATCH"
"44458";"144542";"01-01-1326";"12232";"GM";"7";"GM - Grup Üyesi";"4";"N - Bireysel";"CUSTOMER_TYPE_MISMATCH"
"44463";"109392";"01-01-4990";"12086";"GM";"7";"GM - Grup Üyesi";"4";"N - Bireysel";"CUSTOMER_TYPE_MISMATCH"
"44464";"145036";"01-01-1420";"42918";"GM";"7";"GM - Grup Üyesi";"4";"N - Bireysel";"CUSTOMER_TYPE_MISMATCH"
"44466";"145203";"01-01-1803";"17181";"GM";"7";"GM - Grup Üyesi";"4";"N - Bireysel";"CUSTOMER_TYPE_MISMATCH"
"44482";"35178";"01-01-1861";"43197";"GM";"7";"GM - Grup Üyesi";"4";"N - Bireysel";"CUSTOMER_TYPE_MISMATCH"
"44487";"149427";"01-01-2270";"17275";"GM";"7";"GM - Grup Üyesi";"4";"N - Bireysel";"CUSTOMER_TYPE_MISMATCH"
"44498";"154494";"01-01-2761";"43692";"GM";"7";"GM - Grup Üyesi";"4";"N - Bireysel";"CUSTOMER_TYPE_MISMATCH"
"44513";"157867";"01-01-3063";"43864";"GM";"7";"GM - Grup Üyesi";"4";"N - Bireysel";"CUSTOMER_TYPE_MISMATCH"
"44548";"35695";"01-01-3563";"44093";"GM";"7";"GM - Grup Üyesi";"4";"N - Bireysel";"CUSTOMER_TYPE_MISMATCH"
"44574";"166588";"01-01-2766";"43694";"GM";"7";"GM - Grup Üyesi";"4";"N - Bireysel";"CUSTOMER_TYPE_MISMATCH"
"44575";"166612";"01-01-1903";"43218";"GM";"7";"GM - Grup Üyesi";"4";"N - Bireysel";"CUSTOMER_TYPE_MISMATCH"
"44578";"166591";"01-01-011830";"41843";"GM";"7";"GM - Grup Üyesi";"4";"N - Bireysel";"CUSTOMER_TYPE_MISMATCH"
"44579";"166600";"01-01-011832";"41845";"GM";"7";"GM - Grup Üyesi";"4";"N - Bireysel";"CUSTOMER_TYPE_MISMATCH"
"44580";"166607";"01-01-011829";"41842";"GM";"7";"GM - Grup Üyesi";"6";"BNK01 - BANKA";"CUSTOMER_TYPE_MISMATCH"
"44581";"166613";"01-01-011831";"41844";"GM";"7";"GM - Grup Üyesi";"4";"N - Bireysel";"CUSTOMER_TYPE_MISMATCH"
"44597";"168085";"01-01-4515";"44462";"GM";"7";"GM - Grup Üyesi";"4";"N - Bireysel";"CUSTOMER_TYPE_MISMATCH"
"44603";"168564";"01-01-011874";"15210";"GM";"7";"GM - Grup Üyesi";"4";"N - Bireysel";"CUSTOMER_TYPE_MISMATCH"
"44604";"168564";"01-01-011874";"15210";"GM";"7";"GM - Grup Üyesi";"4";"N - Bireysel";"CUSTOMER_TYPE_MISMATCH"
"44608";"168793";"01-01-4916";"44635";"GM";"7";"GM - Grup Üyesi";"4";"N - Bireysel";"CUSTOMER_TYPE_MISMATCH"
"44609";"168797";"01-01-4922";"17372";"GM";"7";"GM - Grup Üyesi";"4";"N - Bireysel";"CUSTOMER_TYPE_MISMATCH"
"44615";"168955";"01-01-4947";"12220";"GM";"7";"GM - Grup Üyesi";"4";"N - Bireysel";"CUSTOMER_TYPE_MISMATCH"
"44616";"168957";"01-01-4952";"44649";"GM";"7";"GM - Grup Üyesi";"4";"N - Bireysel";"CUSTOMER_TYPE_MISMATCH"
"44617";"168959";"01-01-4982";"17253";"GM";"7";"GM - Grup Üyesi";"4";"N - Bireysel";"CUSTOMER_TYPE_MISMATCH"
"44621";"169287";"01-01-5421";"44905";"GM";"7";"GM - Grup Üyesi";"4";"N - Bireysel";"CUSTOMER_TYPE_MISMATCH"
"44623";"169340";"01-01-5507";"44925";"GM";"7";"GM - Grup Üyesi";"4";"N - Bireysel";"CUSTOMER_TYPE_MISMATCH"
"44631";"169924";"01-01-5938";"45126";"GM";"7";"GM - Grup Üyesi";"4";"N - Bireysel";"CUSTOMER_TYPE_MISMATCH"
"44632";"169937";"01-01-6006";"45147";"GM";"7";"GM - Grup Üyesi";"4";"N - Bireysel";"CUSTOMER_TYPE_MISMATCH"
"44633";"169981";"01-01-6035";"18144";"GM";"7";"GM - Grup Üyesi";"4";"N - Bireysel";"CUSTOMER_TYPE_MISMATCH"
"44638";"170054";"01-01-6134";"45196";"GM";"7";"GM - Grup Üyesi";"4";"N - Bireysel";"CUSTOMER_TYPE_MISMATCH"
"44640";"131194";"01-01-6124";"45192";"GM";"7";"GM - Grup Üyesi";"4";"N - Bireysel";"CUSTOMER_TYPE_MISMATCH"
"44642";"170249";"01-01-6180";"45217";"GM";"7";"GM - Grup Üyesi";"4";"N - Bireysel";"CUSTOMER_TYPE_MISMATCH"
"44643";"170537";"01-02-1720";"46744";"GM";"7";"GM - Grup Üyesi";"4";"N - Bireysel";"CUSTOMER_TYPE_MISMATCH"
"44644";"170754";"01-01-6287";"45248";"GM";"7";"GM - Grup Üyesi";"4";"N - Bireysel";"CUSTOMER_TYPE_MISMATCH"
"44645";"170758";"01-01-011892";"41867";"GM";"7";"GM - Grup Üyesi";"4";"N - Bireysel";"CUSTOMER_TYPE_MISMATCH"
"44646";"170759";"01-01-6305";"11840";"GM";"7";"GM - Grup Üyesi";"4";"N - Bireysel";"CUSTOMER_TYPE_MISMATCH"
"44651";"170929";"01-01-6380";"17277";"GM";"7";"GM - Grup Üyesi";"4";"N - Bireysel";"CUSTOMER_TYPE_MISMATCH"
"44653";"171237";"01-01-6507";"45307";"GM";"7";"GM - Grup Üyesi";"4";"N - Bireysel";"CUSTOMER_TYPE_MISMATCH"
"44654";"171314";"01-01-6672";"45382";"GM";"7";"GM - Grup Üyesi";"4";"N - Bireysel";"CUSTOMER_TYPE_MISMATCH"
"44661";"171711";"01-01-6697";"15545";"GM";"7";"GM - Grup Üyesi";"4";"N - Bireysel";"CUSTOMER_TYPE_MISMATCH"
"44664";"171897";"01-01-6714";"45395";"GM";"7";"GM - Grup Üyesi";"4";"N - Bireysel";"CUSTOMER_TYPE_MISMATCH"
"44665";"171899";"01-01-6818";"18019";"GM";"7";"GM - Grup Üyesi";"4";"N - Bireysel";"CUSTOMER_TYPE_MISMATCH"
"44668";"172138";"01-01-7292";"15270";"GM";"7";"GM - Grup Üyesi";"4";"N - Bireysel";"CUSTOMER_TYPE_MISMATCH"
"44670";"172159";"01-01-7371";"17410";"GM";"7";"GM - Grup Üyesi";"4";"N - Bireysel";"CUSTOMER_TYPE_MISMATCH"
"44672";"172250";"01-01-7406";"18188";"GM";"7";"GM - Grup Üyesi";"4";"N - Bireysel";"CUSTOMER_TYPE_MISMATCH"
"44673";"172256";"01-01-7420";"17652";"GM";"7";"GM - Grup Üyesi";"4";"N - Bireysel";"CUSTOMER_TYPE_MISMATCH"
"44679";"37396";"01-01-8006";"15272";"GM";"7";"GM - Grup Üyesi";"4";"N - Bireysel";"CUSTOMER_TYPE_MISMATCH"
"44699";"173463";"01-01-8693";"45979";"GM";"7";"GM - Grup Üyesi";"4";"N - Bireysel";"CUSTOMER_TYPE_MISMATCH"
"44700";"173479";"01-01-8708";"45982";"GM";"7";"GM - Grup Üyesi";"4";"N - Bireysel";"CUSTOMER_TYPE_MISMATCH"
"44711";"174141";"01-01-8984";"46069";"GM";"7";"GM - Grup Üyesi";"4";"N - Bireysel";"CUSTOMER_TYPE_MISMATCH"
"44720";"175838";"01-01-9090";"46120";"GM";"7";"GM - Grup Üyesi";"4";"N - Bireysel";"CUSTOMER_TYPE_MISMATCH"
"44721";"176022";"01-01-9455";"46257";"GM";"7";"GM - Grup Üyesi";"4";"N - Bireysel";"CUSTOMER_TYPE_MISMATCH"
"44722";"176023";"01-01-9456";"46258";"GM";"7";"GM - Grup Üyesi";"4";"N - Bireysel";"CUSTOMER_TYPE_MISMATCH"
"44724";"176025";"01-01-011924";"14437";"GM";"7";"GM - Grup Üyesi";"6";"BNK01 - BANKA";"CUSTOMER_TYPE_MISMATCH"
"44725";"176027";"01-01-9672";"46356";"GM";"7";"GM - Grup Üyesi";"4";"N - Bireysel";"CUSTOMER_TYPE_MISMATCH"
"44728";"176220";"01-01-9520";"46285";"GM";"7";"GM - Grup Üyesi";"4";"N - Bireysel";"CUSTOMER_TYPE_MISMATCH"
"44729";"176312";"01-01-9749";"46393";"GM";"7";"GM - Grup Üyesi";"4";"N - Bireysel";"CUSTOMER_TYPE_MISMATCH"
"44756";"186030";"01-01-0131";"17153";"GM";"7";"GM - Grup Üyesi";"4";"N - Bireysel";"CUSTOMER_TYPE_MISMATCH"
"44757";"186062";"01-01-0132";"42029";"GM";"7";"GM - Grup Üyesi";"4";"N - Bireysel";"CUSTOMER_TYPE_MISMATCH"
"44758";"186063";"01-01-0211";"42160";"GM";"7";"GM - Grup Üyesi";"4";"N - Bireysel";"CUSTOMER_TYPE_MISMATCH"
"44759";"186064";"01-01-0133";"42050";"GM";"7";"GM - Grup Üyesi";"4";"N - Bireysel";"CUSTOMER_TYPE_MISMATCH"
"44779";"187110";"01-01-0382";"42225";"GM";"7";"GM - Grup Üyesi";"4";"N - Bireysel";"CUSTOMER_TYPE_MISMATCH"
"44807";"188073";"01-01-0642";"42392";"GM";"7";"GM - Grup Üyesi";"4";"N - Bireysel";"CUSTOMER_TYPE_MISMATCH"
"44808";"188075";"01-01-0697";"42424";"GM";"7";"GM - Grup Üyesi";"4";"N - Bireysel";"CUSTOMER_TYPE_MISMATCH"
"44900";"35221";"01-01-2009";"18187";"GM";"7";"GM - Grup Üyesi";"4";"N - Bireysel";"CUSTOMER_TYPE_MISMATCH"
"44938";"193784";"01-01-3564";"44094";"GM";"7";"GM - Grup Üyesi";"4";"N - Bireysel";"CUSTOMER_TYPE_MISMATCH"
"44939";"193852";"01-01-3633";"44123";"GM";"7";"GM - Grup Üyesi";"4";"N - Bireysel";"CUSTOMER_TYPE_MISMATCH"
"44940";"193872";"01-01-3686";"44147";"GM";"7";"GM - Grup Üyesi";"4";"N - Bireysel";"CUSTOMER_TYPE_MISMATCH"
"44974";"194885";"01-01-6111";"45189";"GM";"7";"GM - Grup Üyesi";"4";"N - Bireysel";"CUSTOMER_TYPE_MISMATCH"
"44977";"194999";"01-02-1763";"15569";"GM";"7";"GM - Grup Üyesi";"4";"N - Bireysel";"CUSTOMER_TYPE_MISMATCH"
"44987";"196092";"01-01-6865";"45442";"GM";"7";"GM - Grup Üyesi";"4";"N - Bireysel";"CUSTOMER_TYPE_MISMATCH"
"44992";"80989";"01-01-4060";"12038";"GM";"7";"GM - Grup Üyesi";"4";"N - Bireysel";"CUSTOMER_TYPE_MISMATCH"
"45000";"196561";"01-01-2965";"43813";"GM";"7";"GM - Grup Üyesi";"4";"N - Bireysel";"CUSTOMER_TYPE_MISMATCH"
"45001";"196574";"01-01-7616";"17167";"GM";"7";"GM - Grup Üyesi";"4";"N - Bireysel";"CUSTOMER_TYPE_MISMATCH"
"45011";"197366";"01-01-8079";"45809";"GM";"7";"GM - Grup Üyesi";"4";"N - Bireysel";"CUSTOMER_TYPE_MISMATCH"
"45059";"199615";"01-01-8675";"45974";"GM";"7";"GM - Grup Üyesi";"4";"N - Bireysel";"CUSTOMER_TYPE_MISMATCH"
"45167";"88554";"01-02-9167";"17204";"GM";"7";"GM - Grup Üyesi";"4";"N - Bireysel";"CUSTOMER_TYPE_MISMATCH"
"45191";"208619";"01-01-9240";"18344";"GM";"7";"GM - Grup Üyesi";"4";"N - Bireysel";"CUSTOMER_TYPE_MISMATCH"
"45192";"37472";"01-01-8202";"45838";"GM";"7";"GM - Grup Üyesi";"4";"N - Bireysel";"CUSTOMER_TYPE_MISMATCH"
"45193";"57408";"01-01-3796";"18174";"GM";"7";"GM - Grup Üyesi";"4";"N - Bireysel";"CUSTOMER_TYPE_MISMATCH"
"45194";"57408";"01-01-3796";"18174";"GM";"7";"GM - Grup Üyesi";"4";"N - Bireysel";"CUSTOMER_TYPE_MISMATCH"
"45797";"209899";"01-01-9248";"18350";"GM";"7";"GM - Grup Üyesi";"4";"N - Bireysel";"CUSTOMER_TYPE_MISMATCH"
"45798";"210112";"01-01-9236";"18345";"GM";"7";"GM - Grup Üyesi";"4";"N - Bireysel";"CUSTOMER_TYPE_MISMATCH"
"45806";"211114";"01-01-9314";"46209";"GM";"7";"GM - Grup Üyesi";"4";"N - Bireysel";"CUSTOMER_TYPE_MISMATCH"
"45807";"211276";"01-01-9271";"46193";"GM";"7";"GM - Grup Üyesi";"4";"N - Bireysel";"CUSTOMER_TYPE_MISMATCH"
"45813";"144542";"01-01-1326";"12232";"GM";"7";"GM - Grup Üyesi";"4";"N - Bireysel";"CUSTOMER_TYPE_MISMATCH"
"45828";"212977";"01-01-0458";"42270";"GM";"7";"GM - Grup Üyesi";"4";"N - Bireysel";"CUSTOMER_TYPE_MISMATCH"
"45831";"213121";"01-01-0468";"42272";"GM";"7";"GM - Grup Üyesi";"4";"N - Bireysel";"CUSTOMER_TYPE_MISMATCH"
"45834";"213135";"01-01-0670";"42405";"GM";"7";"GM - Grup Üyesi";"4";"N - Bireysel";"CUSTOMER_TYPE_MISMATCH"
"45839";"213286";"01-01-1190";"42772";"GM";"7";"GM - Grup Üyesi";"4";"N - Bireysel";"CUSTOMER_TYPE_MISMATCH"
"45842";"213344";"01-01-9462";"12200";"GM";"7";"GM - Grup Üyesi";"4";"N - Bireysel";"CUSTOMER_TYPE_MISMATCH"
"45843";"213357";"01-01-9331";"11837";"GM";"7";"GM - Grup Üyesi";"4";"N - Bireysel";"CUSTOMER_TYPE_MISMATCH"
"45844";"213380";"01-01-9422";"46245";"GM";"7";"GM - Grup Üyesi";"4";"N - Bireysel";"CUSTOMER_TYPE_MISMATCH"
"45845";"213135";"01-01-0670";"42405";"GM";"7";"GM - Grup Üyesi";"4";"N - Bireysel";"CUSTOMER_TYPE_MISMATCH"
"45852";"213357";"01-01-9331";"11837";"GM";"7";"GM - Grup Üyesi";"4";"N - Bireysel";"CUSTOMER_TYPE_MISMATCH"
"45855";"214283";"01-01-012188";"41935";"GM";"7";"GM - Grup Üyesi";"4";"N - Bireysel";"CUSTOMER_TYPE_MISMATCH"
"45856";"214284";"01-01-012187";"41934";"GM";"7";"GM - Grup Üyesi";"6";"BNK01 - BANKA";"CUSTOMER_TYPE_MISMATCH"
"45857";"214285";"01-01-012190";"41937";"GM";"7";"GM - Grup Üyesi";"4";"N - Bireysel";"CUSTOMER_TYPE_MISMATCH"
"45858";"214286";"01-01-012189";"41936";"GM";"7";"GM - Grup Üyesi";"4";"N - Bireysel";"CUSTOMER_TYPE_MISMATCH"
"45859";"142842";"01-01-1028";"11838";"GM";"7";"GM - Grup Üyesi";"4";"N - Bireysel";"CUSTOMER_TYPE_MISMATCH"
"45867";"215254";"01-01-4665";"44518";"GM";"7";"GM - Grup Üyesi";"4";"N - Bireysel";"CUSTOMER_TYPE_MISMATCH"
"46031";"215643";"01-01-012200";"41939";"GM";"7";"GM - Grup Üyesi";"4";"N - Bireysel";"CUSTOMER_TYPE_MISMATCH"
"46032";"215644";"01-01-012201";"41940";"GM";"7";"GM - Grup Üyesi";"4";"N - Bireysel";"CUSTOMER_TYPE_MISMATCH"
"46033";"215645";"01-01-012199";"41938";"GM";"7";"GM - Grup Üyesi";"4";"N - Bireysel";"CUSTOMER_TYPE_MISMATCH"
"46034";"215686";"01-01-012202";"41941";"GM";"7";"GM - Grup Üyesi";"4";"N - Bireysel";"CUSTOMER_TYPE_MISMATCH"
"46036";"215994";"01-01-3928";"17371";"GM";"7";"GM - Grup Üyesi";"4";"N - Bireysel";"CUSTOMER_TYPE_MISMATCH"
"46073";"217808";"01-01-9647";"18150";"GM";"7";"GM - Grup Üyesi";"4";"N - Bireysel";"CUSTOMER_TYPE_MISMATCH"
"46081";"35467";"01-01-2956";"43809";"GM";"7";"GM - Grup Üyesi";"4";"N - Bireysel";"CUSTOMER_TYPE_MISMATCH"
"46103";"220019";"01-01-9651";"18151";"GM";"7";"GM - Grup Üyesi";"4";"N - Bireysel";"CUSTOMER_TYPE_MISMATCH"
"46106";"220383";"01-01-501368";"12004";"GM";"7";"GM - Grup Üyesi";"4";"N - Bireysel";"CUSTOMER_TYPE_MISMATCH"
"46107";"220384";"01-01-501370";"12006";"GM";"7";"GM - Grup Üyesi";"4";"N - Bireysel";"CUSTOMER_TYPE_MISMATCH"
"46108";"220385";"01-01-501371";"12007";"GM";"7";"GM - Grup Üyesi";"4";"N - Bireysel";"CUSTOMER_TYPE_MISMATCH"
"46109";"220386";"01-01-501369";"12005";"GM";"7";"GM - Grup Üyesi";"4";"N - Bireysel";"CUSTOMER_TYPE_MISMATCH"
"46110";"220403";"01-01-501257";"11983";"GM";"7";"GM - Grup Üyesi";"4";"N - Bireysel";"CUSTOMER_TYPE_MISMATCH"
"46111";"220404";"01-01-501251";"12012";"GM";"7";"GM - Grup Üyesi";"4";"N - Bireysel";"CUSTOMER_TYPE_MISMATCH"
"46112";"220405";"01-01-501253";"12014";"GM";"7";"GM - Grup Üyesi";"4";"N - Bireysel";"CUSTOMER_TYPE_MISMATCH"
"46113";"220406";"01-01-501252";"12013";"GM";"7";"GM - Grup Üyesi";"4";"N - Bireysel";"CUSTOMER_TYPE_MISMATCH"
"46114";"220407";"01-01-501255";"12016";"GM";"7";"GM - Grup Üyesi";"4";"N - Bireysel";"CUSTOMER_TYPE_MISMATCH"
"46115";"220408";"01-01-501254";"12015";"GM";"7";"GM - Grup Üyesi";"4";"N - Bireysel";"CUSTOMER_TYPE_MISMATCH"
"46116";"220409";"01-01-501256";"11982";"GM";"7";"GM - Grup Üyesi";"4";"N - Bireysel";"CUSTOMER_TYPE_MISMATCH"
"46117";"220415";"01-01-501259";"11893";"GM";"7";"GM - Grup Üyesi";"4";"N - Bireysel";"CUSTOMER_TYPE_MISMATCH"
"46118";"220416";"01-01-501258";"11892";"GM";"7";"GM - Grup Üyesi";"4";"N - Bireysel";"CUSTOMER_TYPE_MISMATCH"
"46119";"220439";"01-01-501270";"11922";"GM";"7";"GM - Grup Üyesi";"4";"N - Bireysel";"CUSTOMER_TYPE_MISMATCH"
"46120";"220440";"01-01-501260";"44673";"GM";"7";"GM - Grup Üyesi";"4";"N - Bireysel";"CUSTOMER_TYPE_MISMATCH"
"46121";"220441";"01-01-501264";"11993";"GM";"7";"GM - Grup Üyesi";"4";"N - Bireysel";"CUSTOMER_TYPE_MISMATCH"
"46122";"220442";"01-01-501265";"11994";"GM";"7";"GM - Grup Üyesi";"4";"N - Bireysel";"CUSTOMER_TYPE_MISMATCH"
"46123";"220443";"01-01-501261";"44674";"GM";"7";"GM - Grup Üyesi";"4";"N - Bireysel";"CUSTOMER_TYPE_MISMATCH"
"46124";"220444";"01-01-501267";"11919";"GM";"7";"GM - Grup Üyesi";"4";"N - Bireysel";"CUSTOMER_TYPE_MISMATCH"
"46125";"220445";"01-01-501266";"11995";"GM";"7";"GM - Grup Üyesi";"4";"N - Bireysel";"CUSTOMER_TYPE_MISMATCH"
"46126";"220446";"01-01-501263";"44676";"GM";"7";"GM - Grup Üyesi";"4";"N - Bireysel";"CUSTOMER_TYPE_MISMATCH"
"46127";"220447";"01-01-501269";"11921";"GM";"7";"GM - Grup Üyesi";"4";"N - Bireysel";"CUSTOMER_TYPE_MISMATCH"
"46128";"220448";"01-01-501268";"11920";"GM";"7";"GM - Grup Üyesi";"4";"N - Bireysel";"CUSTOMER_TYPE_MISMATCH"
"46129";"220449";"01-01-501262";"44675";"GM";"7";"GM - Grup Üyesi";"4";"N - Bireysel";"CUSTOMER_TYPE_MISMATCH"
"46130";"220525";"01-01-501271";"11946";"GM";"7";"GM - Grup Üyesi";"4";"N - Bireysel";"CUSTOMER_TYPE_MISMATCH"
"46131";"220526";"01-01-501272";"11947";"GM";"7";"GM - Grup Üyesi";"4";"N - Bireysel";"CUSTOMER_TYPE_MISMATCH"
"46132";"220527";"01-01-501273";"11948";"GM";"7";"GM - Grup Üyesi";"4";"N - Bireysel";"CUSTOMER_TYPE_MISMATCH"
"46133";"220536";"01-01-501278";"11911";"GM";"7";"GM - Grup Üyesi";"4";"N - Bireysel";"CUSTOMER_TYPE_MISMATCH"
"46134";"220537";"01-01-501279";"11912";"GM";"7";"GM - Grup Üyesi";"4";"N - Bireysel";"CUSTOMER_TYPE_MISMATCH"
"46135";"220538";"01-01-501281";"11974";"GM";"7";"GM - Grup Üyesi";"4";"N - Bireysel";"CUSTOMER_TYPE_MISMATCH"
"46136";"220539";"01-01-501274";"11907";"GM";"7";"GM - Grup Üyesi";"4";"N - Bireysel";"CUSTOMER_TYPE_MISMATCH"
"46137";"220540";"01-01-501276";"11909";"GM";"7";"GM - Grup Üyesi";"4";"N - Bireysel";"CUSTOMER_TYPE_MISMATCH"
"46138";"220541";"01-01-501280";"11913";"GM";"7";"GM - Grup Üyesi";"4";"N - Bireysel";"CUSTOMER_TYPE_MISMATCH"
"46139";"220542";"01-01-501277";"11910";"GM";"7";"GM - Grup Üyesi";"4";"N - Bireysel";"CUSTOMER_TYPE_MISMATCH"
"46140";"220543";"01-01-501275";"11908";"GM";"7";"GM - Grup Üyesi";"4";"N - Bireysel";"CUSTOMER_TYPE_MISMATCH"
"46141";"220544";"01-01-501282";"11975";"GM";"7";"GM - Grup Üyesi";"4";"N - Bireysel";"CUSTOMER_TYPE_MISMATCH"
"46142";"220551";"01-01-501285";"12001";"GM";"7";"GM - Grup Üyesi";"4";"N - Bireysel";"CUSTOMER_TYPE_MISMATCH"
"46143";"220552";"01-01-501286";"12002";"GM";"7";"GM - Grup Üyesi";"4";"N - Bireysel";"CUSTOMER_TYPE_MISMATCH"
"46144";"220553";"01-01-501284";"12000";"GM";"7";"GM - Grup Üyesi";"4";"N - Bireysel";"CUSTOMER_TYPE_MISMATCH"
"46145";"220554";"01-01-501283";"11999";"GM";"7";"GM - Grup Üyesi";"4";"N - Bireysel";"CUSTOMER_TYPE_MISMATCH"
"46150";"220635";"01-01-1402";"42912";"GM";"7";"GM - Grup Üyesi";"4";"N - Bireysel";"CUSTOMER_TYPE_MISMATCH"
"46153";"220649";"01-01-501287";"11980";"GM";"7";"GM - Grup Üyesi";"4";"N - Bireysel";"CUSTOMER_TYPE_MISMATCH"
"46154";"220650";"01-01-501293";"11978";"GM";"7";"GM - Grup Üyesi";"4";"N - Bireysel";"CUSTOMER_TYPE_MISMATCH"
"46155";"220651";"01-01-501294";"11979";"GM";"7";"GM - Grup Üyesi";"4";"N - Bireysel";"CUSTOMER_TYPE_MISMATCH"
"46156";"220652";"01-01-501288";"11981";"GM";"7";"GM - Grup Üyesi";"4";"N - Bireysel";"CUSTOMER_TYPE_MISMATCH"
"46157";"220680";"01-01-501290";"44679";"GM";"7";"GM - Grup Üyesi";"4";"N - Bireysel";"CUSTOMER_TYPE_MISMATCH"
"46158";"220681";"01-01-501292";"44681";"GM";"7";"GM - Grup Üyesi";"4";"N - Bireysel";"CUSTOMER_TYPE_MISMATCH"
"46159";"220682";"01-01-501289";"11918";"GM";"7";"GM - Grup Üyesi";"4";"N - Bireysel";"CUSTOMER_TYPE_MISMATCH"
"46160";"220683";"01-01-501291";"44680";"GM";"7";"GM - Grup Üyesi";"4";"N - Bireysel";"CUSTOMER_TYPE_MISMATCH"
"46161";"220723";"01-01-9515";"15235";"GM";"7";"GM - Grup Üyesi";"4";"N - Bireysel";"CUSTOMER_TYPE_MISMATCH"
"46162";"220725";"01-01-501302";"11968";"GM";"7";"GM - Grup Üyesi";"4";"N - Bireysel";"CUSTOMER_TYPE_MISMATCH"
"46163";"220726";"01-01-501311";"12032";"GM";"7";"GM - Grup Üyesi";"4";"N - Bireysel";"CUSTOMER_TYPE_MISMATCH"
"46164";"220727";"01-01-501304";"11970";"GM";"7";"GM - Grup Üyesi";"4";"N - Bireysel";"CUSTOMER_TYPE_MISMATCH"
"46165";"220728";"01-01-501301";"11952";"GM";"7";"GM - Grup Üyesi";"4";"N - Bireysel";"CUSTOMER_TYPE_MISMATCH"
"46166";"220729";"01-01-501308";"12029";"GM";"7";"GM - Grup Üyesi";"4";"N - Bireysel";"CUSTOMER_TYPE_MISMATCH"
"46167";"220730";"01-01-501306";"11972";"GM";"7";"GM - Grup Üyesi";"4";"N - Bireysel";"CUSTOMER_TYPE_MISMATCH"
"46168";"220737";"01-01-501300";"11951";"GM";"7";"GM - Grup Üyesi";"4";"N - Bireysel";"CUSTOMER_TYPE_MISMATCH"
"46169";"220738";"01-01-501310";"12031";"GM";"7";"GM - Grup Üyesi";"4";"N - Bireysel";"CUSTOMER_TYPE_MISMATCH"
"46170";"220739";"01-01-501299";"11950";"GM";"7";"GM - Grup Üyesi";"4";"N - Bireysel";"CUSTOMER_TYPE_MISMATCH"
"46171";"220740";"01-01-501303";"11969";"GM";"7";"GM - Grup Üyesi";"4";"N - Bireysel";"CUSTOMER_TYPE_MISMATCH"
"46172";"220741";"01-01-501305";"11971";"GM";"7";"GM - Grup Üyesi";"4";"N - Bireysel";"CUSTOMER_TYPE_MISMATCH"
"46173";"220731";"01-01-501295";"11992";"GM";"7";"GM - Grup Üyesi";"4";"N - Bireysel";"CUSTOMER_TYPE_MISMATCH"
"46174";"220732";"01-01-501298";"11949";"GM";"7";"GM - Grup Üyesi";"4";"N - Bireysel";"CUSTOMER_TYPE_MISMATCH"
"46175";"220733";"01-01-501309";"12030";"GM";"7";"GM - Grup Üyesi";"4";"N - Bireysel";"CUSTOMER_TYPE_MISMATCH"
"46177";"220735";"01-01-501297";"44678";"GM";"7";"GM - Grup Üyesi";"4";"N - Bireysel";"CUSTOMER_TYPE_MISMATCH"
"46178";"220736";"01-01-501296";"44677";"GM";"7";"GM - Grup Üyesi";"4";"N - Bireysel";"CUSTOMER_TYPE_MISMATCH"
"46179";"220743";"01-01-501314";"12019";"GM";"7";"GM - Grup Üyesi";"4";"N - Bireysel";"CUSTOMER_TYPE_MISMATCH"
"46180";"220744";"01-01-501312";"12017";"GM";"7";"GM - Grup Üyesi";"4";"N - Bireysel";"CUSTOMER_TYPE_MISMATCH"
"46181";"220745";"01-01-501313";"12018";"GM";"7";"GM - Grup Üyesi";"4";"N - Bireysel";"CUSTOMER_TYPE_MISMATCH"
"46183";"220753";"01-01-501315";"44682";"GM";"7";"GM - Grup Üyesi";"4";"N - Bireysel";"CUSTOMER_TYPE_MISMATCH"
"46184";"220754";"01-01-501318";"11923";"GM";"7";"GM - Grup Üyesi";"4";"N - Bireysel";"CUSTOMER_TYPE_MISMATCH"
"46185";"220755";"01-01-501317";"44684";"GM";"7";"GM - Grup Üyesi";"4";"N - Bireysel";"CUSTOMER_TYPE_MISMATCH"
"46186";"220756";"01-01-501319";"11924";"GM";"7";"GM - Grup Üyesi";"4";"N - Bireysel";"CUSTOMER_TYPE_MISMATCH"
"46187";"220757";"01-01-501316";"44683";"GM";"7";"GM - Grup Üyesi";"4";"N - Bireysel";"CUSTOMER_TYPE_MISMATCH"
"46188";"220853";"01-01-501334";"11915";"GM";"7";"GM - Grup Üyesi";"4";"N - Bireysel";"CUSTOMER_TYPE_MISMATCH"
"46189";"220854";"01-01-501340";"11936";"GM";"7";"GM - Grup Üyesi";"4";"N - Bireysel";"CUSTOMER_TYPE_MISMATCH"
"46190";"220855";"01-01-501336";"11917";"GM";"7";"GM - Grup Üyesi";"4";"N - Bireysel";"CUSTOMER_TYPE_MISMATCH"
"46191";"220856";"01-01-501329";"11929";"GM";"7";"GM - Grup Üyesi";"4";"N - Bireysel";"CUSTOMER_TYPE_MISMATCH"
"46192";"220857";"01-01-501327";"11976";"GM";"7";"GM - Grup Üyesi";"4";"N - Bireysel";"CUSTOMER_TYPE_MISMATCH"
"46193";"220858";"01-01-501328";"11977";"GM";"7";"GM - Grup Üyesi";"4";"N - Bireysel";"CUSTOMER_TYPE_MISMATCH"
"46194";"220865";"01-01-501338";"11934";"GM";"7";"GM - Grup Üyesi";"4";"N - Bireysel";"CUSTOMER_TYPE_MISMATCH"
"46195";"220866";"01-01-501335";"11916";"GM";"7";"GM - Grup Üyesi";"4";"N - Bireysel";"CUSTOMER_TYPE_MISMATCH"
"46196";"220859";"01-01-501332";"11932";"GM";"7";"GM - Grup Üyesi";"4";"N - Bireysel";"CUSTOMER_TYPE_MISMATCH"
"46197";"220860";"01-01-501339";"11935";"GM";"7";"GM - Grup Üyesi";"4";"N - Bireysel";"CUSTOMER_TYPE_MISMATCH"
"46198";"220861";"01-01-501337";"11933";"GM";"7";"GM - Grup Üyesi";"4";"N - Bireysel";"CUSTOMER_TYPE_MISMATCH"
"46199";"220862";"01-01-501330";"11930";"GM";"7";"GM - Grup Üyesi";"4";"N - Bireysel";"CUSTOMER_TYPE_MISMATCH"
"46200";"220863";"01-01-501331";"11931";"GM";"7";"GM - Grup Üyesi";"4";"N - Bireysel";"CUSTOMER_TYPE_MISMATCH"
"46201";"220864";"01-01-501333";"11914";"GM";"7";"GM - Grup Üyesi";"4";"N - Bireysel";"CUSTOMER_TYPE_MISMATCH"
"46202";"220881";"01-01-501349";"11961";"GM";"7";"GM - Grup Üyesi";"4";"N - Bireysel";"CUSTOMER_TYPE_MISMATCH"
"46203";"220882";"01-01-501343";"11966";"GM";"7";"GM - Grup Üyesi";"4";"N - Bireysel";"CUSTOMER_TYPE_MISMATCH"
"46204";"220883";"01-01-501347";"11959";"GM";"7";"GM - Grup Üyesi";"4";"N - Bireysel";"CUSTOMER_TYPE_MISMATCH"
"46205";"220884";"01-01-501345";"11905";"GM";"7";"GM - Grup Üyesi";"4";"N - Bireysel";"CUSTOMER_TYPE_MISMATCH"
"46206";"220885";"01-01-501346";"11906";"GM";"7";"GM - Grup Üyesi";"4";"N - Bireysel";"CUSTOMER_TYPE_MISMATCH"
"46207";"220886";"01-01-501348";"11960";"GM";"7";"GM - Grup Üyesi";"4";"N - Bireysel";"CUSTOMER_TYPE_MISMATCH"
"46208";"220887";"01-01-501344";"11967";"GM";"7";"GM - Grup Üyesi";"4";"N - Bireysel";"CUSTOMER_TYPE_MISMATCH"
"46209";"220900";"01-01-501361";"11902";"GM";"7";"GM - Grup Üyesi";"4";"N - Bireysel";"CUSTOMER_TYPE_MISMATCH"
"46210";"220901";"01-01-501350";"11953";"GM";"7";"GM - Grup Üyesi";"4";"N - Bireysel";"CUSTOMER_TYPE_MISMATCH"
"46211";"220902";"01-01-501351";"11954";"GM";"7";"GM - Grup Üyesi";"4";"N - Bireysel";"CUSTOMER_TYPE_MISMATCH"
"46212";"220916";"01-01-501365";"11956";"GM";"7";"GM - Grup Üyesi";"4";"N - Bireysel";"CUSTOMER_TYPE_MISMATCH"
"46213";"220917";"01-01-501367";"11958";"GM";"7";"GM - Grup Üyesi";"4";"N - Bireysel";"CUSTOMER_TYPE_MISMATCH"
"46214";"220918";"01-01-501362";"11903";"GM";"7";"GM - Grup Üyesi";"4";"N - Bireysel";"CUSTOMER_TYPE_MISMATCH"
"46215";"220919";"01-01-501364";"11955";"GM";"7";"GM - Grup Üyesi";"4";"N - Bireysel";"CUSTOMER_TYPE_MISMATCH"
"46216";"220920";"01-01-501363";"11904";"GM";"7";"GM - Grup Üyesi";"4";"N - Bireysel";"CUSTOMER_TYPE_MISMATCH"
"46217";"220921";"01-01-501366";"11957";"GM";"7";"GM - Grup Üyesi";"4";"N - Bireysel";"CUSTOMER_TYPE_MISMATCH"
"46218";"220965";"01-01-501377";"11964";"GM";"7";"GM - Grup Üyesi";"4";"N - Bireysel";"CUSTOMER_TYPE_MISMATCH"
"46219";"220966";"01-01-501381";"11898";"GM";"7";"GM - Grup Üyesi";"4";"N - Bireysel";"CUSTOMER_TYPE_MISMATCH"
"46220";"220967";"01-01-501383";"11900";"GM";"7";"GM - Grup Üyesi";"4";"N - Bireysel";"CUSTOMER_TYPE_MISMATCH"
"46221";"220968";"01-01-501380";"11897";"GM";"7";"GM - Grup Üyesi";"4";"N - Bireysel";"CUSTOMER_TYPE_MISMATCH"
"46222";"220969";"01-01-501376";"11963";"GM";"7";"GM - Grup Üyesi";"4";"N - Bireysel";"CUSTOMER_TYPE_MISMATCH"
"46223";"220970";"01-01-501379";"11896";"GM";"7";"GM - Grup Üyesi";"4";"N - Bireysel";"CUSTOMER_TYPE_MISMATCH"
"46224";"220971";"01-01-501378";"11965";"GM";"7";"GM - Grup Üyesi";"4";"N - Bireysel";"CUSTOMER_TYPE_MISMATCH"
"46225";"220972";"01-01-501382";"11899";"GM";"7";"GM - Grup Üyesi";"4";"N - Bireysel";"CUSTOMER_TYPE_MISMATCH"
"46226";"220973";"01-01-501375";"11962";"GM";"7";"GM - Grup Üyesi";"4";"N - Bireysel";"CUSTOMER_TYPE_MISMATCH"
"46227";"220983";"01-01-501388";"11996";"GM";"7";"GM - Grup Üyesi";"4";"N - Bireysel";"CUSTOMER_TYPE_MISMATCH"
"46228";"220984";"01-01-501385";"11991";"GM";"7";"GM - Grup Üyesi";"4";"N - Bireysel";"CUSTOMER_TYPE_MISMATCH"
"46229";"220985";"01-01-501390";"11998";"GM";"7";"GM - Grup Üyesi";"4";"N - Bireysel";"CUSTOMER_TYPE_MISMATCH"
"46230";"220986";"01-01-501384";"11990";"GM";"7";"GM - Grup Üyesi";"4";"N - Bireysel";"CUSTOMER_TYPE_MISMATCH"
"46231";"220987";"01-01-501386";"44692";"GM";"7";"GM - Grup Üyesi";"4";"N - Bireysel";"CUSTOMER_TYPE_MISMATCH"
"46232";"220988";"01-01-501387";"44693";"GM";"7";"GM - Grup Üyesi";"4";"N - Bireysel";"CUSTOMER_TYPE_MISMATCH"
"46233";"220989";"01-01-501389";"11997";"GM";"7";"GM - Grup Üyesi";"4";"N - Bireysel";"CUSTOMER_TYPE_MISMATCH"
"46234";"220990";"01-01-501392";"11989";"GM";"7";"GM - Grup Üyesi";"4";"N - Bireysel";"CUSTOMER_TYPE_MISMATCH"
"46235";"220991";"01-01-501391";"11988";"GM";"7";"GM - Grup Üyesi";"4";"N - Bireysel";"CUSTOMER_TYPE_MISMATCH"
"46236";"221006";"01-01-501400";"11986";"GM";"7";"GM - Grup Üyesi";"4";"N - Bireysel";"CUSTOMER_TYPE_MISMATCH"
"46237";"221007";"01-01-501397";"11927";"GM";"7";"GM - Grup Üyesi";"4";"N - Bireysel";"CUSTOMER_TYPE_MISMATCH"
"46238";"221008";"01-01-501374";"12035";"GM";"7";"GM - Grup Üyesi";"4";"N - Bireysel";"CUSTOMER_TYPE_MISMATCH"
"46239";"221009";"01-01-501395";"12022";"GM";"7";"GM - Grup Üyesi";"4";"N - Bireysel";"CUSTOMER_TYPE_MISMATCH"
"46240";"221010";"01-01-501401";"11987";"GM";"7";"GM - Grup Üyesi";"4";"N - Bireysel";"CUSTOMER_TYPE_MISMATCH"
"46241";"221011";"01-01-501399";"11985";"GM";"7";"GM - Grup Üyesi";"4";"N - Bireysel";"CUSTOMER_TYPE_MISMATCH"
"46242";"221012";"01-01-501373";"12034";"GM";"7";"GM - Grup Üyesi";"4";"N - Bireysel";"CUSTOMER_TYPE_MISMATCH"
"46243";"221013";"01-01-501393";"12020";"GM";"7";"GM - Grup Üyesi";"4";"N - Bireysel";"CUSTOMER_TYPE_MISMATCH"
"46244";"221014";"01-01-501398";"11928";"GM";"7";"GM - Grup Üyesi";"4";"N - Bireysel";"CUSTOMER_TYPE_MISMATCH"
"46245";"221015";"01-01-501372";"12033";"GM";"7";"GM - Grup Üyesi";"4";"N - Bireysel";"CUSTOMER_TYPE_MISMATCH"
"46246";"221016";"01-01-501396";"12023";"GM";"7";"GM - Grup Üyesi";"4";"N - Bireysel";"CUSTOMER_TYPE_MISMATCH"
"46247";"221017";"01-01-501394";"12021";"GM";"7";"GM - Grup Üyesi";"4";"N - Bireysel";"CUSTOMER_TYPE_MISMATCH"
"46248";"221089";"01-01-501341";"44690";"GM";"7";"GM - Grup Üyesi";"4";"N - Bireysel";"CUSTOMER_TYPE_MISMATCH"
"46249";"221090";"01-01-501342";"44691";"GM";"7";"GM - Grup Üyesi";"4";"N - Bireysel";"CUSTOMER_TYPE_MISMATCH"
"46252";"221121";"01-01-1822";"18143";"GM";"7";"GM - Grup Üyesi";"4";"N - Bireysel";"CUSTOMER_TYPE_MISMATCH"
"46276";"221363";"01-01-501323";"44686";"GM";"7";"GM - Grup Üyesi";"4";"N - Bireysel";"CUSTOMER_TYPE_MISMATCH"
"46277";"221364";"01-01-501322";"44685";"GM";"7";"GM - Grup Üyesi";"4";"N - Bireysel";"CUSTOMER_TYPE_MISMATCH"
"46278";"221365";"01-01-501325";"44688";"GM";"7";"GM - Grup Üyesi";"4";"N - Bireysel";"CUSTOMER_TYPE_MISMATCH"
"46279";"221366";"01-01-501326";"44689";"GM";"7";"GM - Grup Üyesi";"4";"N - Bireysel";"CUSTOMER_TYPE_MISMATCH"
"46280";"221367";"01-01-501324";"44687";"GM";"7";"GM - Grup Üyesi";"4";"N - Bireysel";"CUSTOMER_TYPE_MISMATCH"
"46281";"221368";"01-01-501321";"11901";"GM";"7";"GM - Grup Üyesi";"4";"N - Bireysel";"CUSTOMER_TYPE_MISMATCH"
"46283";"221435";"01-01-501354";"12010";"GM";"7";"GM - Grup Üyesi";"4";"N - Bireysel";"CUSTOMER_TYPE_MISMATCH"
"46284";"221436";"01-01-501353";"12009";"GM";"7";"GM - Grup Üyesi";"4";"N - Bireysel";"CUSTOMER_TYPE_MISMATCH"
"46285";"221437";"01-01-501355";"12011";"GM";"7";"GM - Grup Üyesi";"4";"N - Bireysel";"CUSTOMER_TYPE_MISMATCH"
"46286";"221438";"01-01-501352";"12008";"GM";"7";"GM - Grup Üyesi";"4";"N - Bireysel";"CUSTOMER_TYPE_MISMATCH"
"46289";"221609";"01-01-501320";"11925";"GM";"7";"GM - Grup Üyesi";"4";"N - Bireysel";"CUSTOMER_TYPE_MISMATCH"
"46290";"221622";"01-01-2319";"43437";"GM";"7";"GM - Grup Üyesi";"4";"N - Bireysel";"CUSTOMER_TYPE_MISMATCH"
"46292";"221660";"01-01-2367";"43465";"GM";"7";"GM - Grup Üyesi";"4";"N - Bireysel";"CUSTOMER_TYPE_MISMATCH"
"46293";"221655";"01-01-501360";"11941";"GM";"7";"GM - Grup Üyesi";"4";"N - Bireysel";"CUSTOMER_TYPE_MISMATCH"
"46294";"221656";"01-01-501358";"11939";"GM";"7";"GM - Grup Üyesi";"4";"N - Bireysel";"CUSTOMER_TYPE_MISMATCH"
"46295";"221657";"01-01-501356";"11937";"GM";"7";"GM - Grup Üyesi";"4";"N - Bireysel";"CUSTOMER_TYPE_MISMATCH"
"46296";"221658";"01-01-501359";"11940";"GM";"7";"GM - Grup Üyesi";"4";"N - Bireysel";"CUSTOMER_TYPE_MISMATCH"
"46297";"221659";"01-01-501357";"11938";"GM";"7";"GM - Grup Üyesi";"4";"N - Bireysel";"CUSTOMER_TYPE_MISMATCH"
"46313";"222240";"01-01-2692";"15257";"GM";"7";"GM - Grup Üyesi";"4";"N - Bireysel";"CUSTOMER_TYPE_MISMATCH"
"46315";"222687";"01-01-7388";"45624";"GM";"7";"GM - Grup Üyesi";"4";"N - Bireysel";"CUSTOMER_TYPE_MISMATCH"
"46320";"222780";"01-01-3051";"43857";"GM";"7";"GM - Grup Üyesi";"4";"N - Bireysel";"CUSTOMER_TYPE_MISMATCH"
"46321";"223021";"01-01-2088";"43305";"GM";"7";"GM - Grup Üyesi";"4";"N - Bireysel";"CUSTOMER_TYPE_MISMATCH"
"46327";"223760";"01-01-3529";"17249";"GM";"7";"GM - Grup Üyesi";"4";"N - Bireysel";"CUSTOMER_TYPE_MISMATCH"
"46330";"224120";"01-01-3602";"12205";"GM";"7";"GM - Grup Üyesi";"4";"N - Bireysel";"CUSTOMER_TYPE_MISMATCH"
"46332";"224180";"01-01-3056";"12230";"GM";"7";"GM - Grup Üyesi";"4";"N - Bireysel";"CUSTOMER_TYPE_MISMATCH"
"46343";"224349";"01-01-3616";"44116";"GM";"7";"GM - Grup Üyesi";"4";"N - Bireysel";"CUSTOMER_TYPE_MISMATCH"
"46348";"224529";"01-01-3672";"44138";"GM";"7";"GM - Grup Üyesi";"4";"N - Bireysel";"CUSTOMER_TYPE_MISMATCH"
"46358";"224665";"01-01-3755";"44171";"GM";"7";"GM - Grup Üyesi";"4";"N - Bireysel";"CUSTOMER_TYPE_MISMATCH"
"46369";"225073";"01-01-3899";"44218";"GM";"7";"GM - Grup Üyesi";"4";"N - Bireysel";"CUSTOMER_TYPE_MISMATCH"
"46375";"225550";"01-01-4251";"44347";"GM";"7";"GM - Grup Üyesi";"4";"N - Bireysel";"CUSTOMER_TYPE_MISMATCH"
"46376";"225712";"01-01-4503";"44446";"GM";"7";"GM - Grup Üyesi";"4";"N - Bireysel";"CUSTOMER_TYPE_MISMATCH"
"46378";"225755";"01-01-4732";"18156";"GM";"7";"GM - Grup Üyesi";"4";"N - Bireysel";"CUSTOMER_TYPE_MISMATCH"
"46410";"225784";"01-01-4859";"44609";"GM";"7";"GM - Grup Üyesi";"4";"N - Bireysel";"CUSTOMER_TYPE_MISMATCH"
"46413";"225820";"01-01-3696";"12087";"GM";"7";"GM - Grup Üyesi";"4";"N - Bireysel";"CUSTOMER_TYPE_MISMATCH"
"46434";"226008";"01-01-3684";"44145";"GM";"7";"GM - Grup Üyesi";"4";"N - Bireysel";"CUSTOMER_TYPE_MISMATCH"
"46461";"227804";"01-01-5193";"44787";"GM";"7";"GM - Grup Üyesi";"4";"N - Bireysel";"CUSTOMER_TYPE_MISMATCH"
"46470";"228038";"01-01-5230";"17171";"GM";"7";"GM - Grup Üyesi";"4";"N - Bireysel";"CUSTOMER_TYPE_MISMATCH"
"46476";"228294";"01-01-5264";"17160";"GM";"7";"GM - Grup Üyesi";"4";"N - Bireysel";"CUSTOMER_TYPE_MISMATCH"
"46484";"228556";"01-01-5272";"12117";"GM";"7";"GM - Grup Üyesi";"4";"N - Bireysel";"CUSTOMER_TYPE_MISMATCH"
"46488";"228722";"01-01-5290";"15266";"GM";"7";"GM - Grup Üyesi";"4";"N - Bireysel";"CUSTOMER_TYPE_MISMATCH"
"46489";"228857";"01-01-3855";"15563";"GM";"7";"GM - Grup Üyesi";"4";"N - Bireysel";"CUSTOMER_TYPE_MISMATCH"
"46491";"228887";"01-01-5301";"44824";"GM";"7";"GM - Grup Üyesi";"4";"N - Bireysel";"CUSTOMER_TYPE_MISMATCH"
"46492";"229001";"01-01-9152";"46144";"GM";"7";"GM - Grup Üyesi";"4";"N - Bireysel";"CUSTOMER_TYPE_MISMATCH"
"46493";"229097";"01-01-9183";"46155";"GM";"7";"GM - Grup Üyesi";"4";"N - Bireysel";"CUSTOMER_TYPE_MISMATCH"
"46497";"37048";"01-01-7153";"17357";"GM";"7";"GM - Grup Üyesi";"4";"N - Bireysel";"CUSTOMER_TYPE_MISMATCH"
"46508";"229527";"01-01-5313";"44827";"GM";"7";"GM - Grup Üyesi";"4";"N - Bireysel";"CUSTOMER_TYPE_MISMATCH"
"46514";"88554";"01-02-9167";"17204";"GM";"7";"GM - Grup Üyesi";"4";"N - Bireysel";"CUSTOMER_TYPE_MISMATCH"
"46515";"229097";"01-01-9183";"46155";"GM";"7";"GM - Grup Üyesi";"4";"N - Bireysel";"CUSTOMER_TYPE_MISMATCH"
"46516";"96778";"01-01-9476";"11845";"GM";"7";"GM - Grup Üyesi";"4";"N - Bireysel";"CUSTOMER_TYPE_MISMATCH"
"46536";"232824";"01-01-9217";"15290";"GM";"7";"GM - Grup Üyesi";"4";"N - Bireysel";"CUSTOMER_TYPE_MISMATCH"
"46537";"232825";"01-01-9213";"46169";"GM";"7";"GM - Grup Üyesi";"4";"N - Bireysel";"CUSTOMER_TYPE_MISMATCH"
"46538";"232826";"01-01-9212";"46168";"GM";"7";"GM - Grup Üyesi";"4";"N - Bireysel";"CUSTOMER_TYPE_MISMATCH"
"46539";"232832";"01-01-9127";"17411";"GM";"7";"GM - Grup Üyesi";"4";"N - Bireysel";"CUSTOMER_TYPE_MISMATCH"
"46540";"232827";"01-01-9198";"46163";"GM";"7";"GM - Grup Üyesi";"4";"N - Bireysel";"CUSTOMER_TYPE_MISMATCH"
"46541";"232828";"01-01-9306";"46207";"GM";"7";"GM - Grup Üyesi";"4";"N - Bireysel";"CUSTOMER_TYPE_MISMATCH"
"46542";"232829";"01-01-9189";"46158";"GM";"7";"GM - Grup Üyesi";"4";"N - Bireysel";"CUSTOMER_TYPE_MISMATCH"
"46543";"232830";"01-01-9263";"46188";"GM";"7";"GM - Grup Üyesi";"4";"N - Bireysel";"CUSTOMER_TYPE_MISMATCH"
"46544";"232831";"01-01-9233";"46178";"GM";"7";"GM - Grup Üyesi";"4";"N - Bireysel";"CUSTOMER_TYPE_MISMATCH"
"46558";"233043";"01-01-5325";"44830";"GM";"7";"GM - Grup Üyesi";"4";"N - Bireysel";"CUSTOMER_TYPE_MISMATCH"
"46559";"233162";"01-01-5333";"17145";"GM";"7";"GM - Grup Üyesi";"4";"N - Bireysel";"CUSTOMER_TYPE_MISMATCH"
"46566";"233727";"01-01-5336";"44835";"GM";"7";"GM - Grup Üyesi";"4";"N - Bireysel";"CUSTOMER_TYPE_MISMATCH"
"46573";"233737";"01-01-5337";"15268";"GM";"7";"GM - Grup Üyesi";"4";"N - Bireysel";"CUSTOMER_TYPE_MISMATCH"
"46576";"233780";"01-01-5343";"44844";"GM";"7";"GM - Grup Üyesi";"4";"N - Bireysel";"CUSTOMER_TYPE_MISMATCH"
"46607";"234798";"01-01-5489";"44921";"GM";"7";"GM - Grup Üyesi";"4";"N - Bireysel";"CUSTOMER_TYPE_MISMATCH"
"46618";"235174";"01-01-5488";"44920";"GM";"7";"GM - Grup Üyesi";"4";"N - Bireysel";"CUSTOMER_TYPE_MISMATCH"
"46621";"235285";"01-01-5502";"12216";"GM";"7";"GM - Grup Üyesi";"4";"N - Bireysel";"CUSTOMER_TYPE_MISMATCH"
"46624";"235437";"01-01-5513";"44926";"GM";"7";"GM - Grup Üyesi";"4";"N - Bireysel";"CUSTOMER_TYPE_MISMATCH"
"46634";"235775";"01-01-5518";"12219";"GM";"7";"GM - Grup Üyesi";"4";"N - Bireysel";"CUSTOMER_TYPE_MISMATCH"
"46651";"36455";"01-01-5454";"17393";"GM";"7";"GM - Grup Üyesi";"4";"N - Bireysel";"CUSTOMER_TYPE_MISMATCH"
"47654";"236898";"01-01-5614";"12102";"GM";"7";"GM - Grup Üyesi";"4";"N - Bireysel";"CUSTOMER_TYPE_MISMATCH"
"47662";"237360";"01-01-5606";"17363";"GM";"7";"GM - Grup Üyesi";"4";"N - Bireysel";"CUSTOMER_TYPE_MISMATCH"
"47670";"237577";"01-01-5619";"18316";"GM";"7";"GM - Grup Üyesi";"4";"N - Bireysel";"CUSTOMER_TYPE_MISMATCH"
"47684";"135302";"01-01-7260";"45589";"GM";"7";"GM - Grup Üyesi";"4";"N - Bireysel";"CUSTOMER_TYPE_MISMATCH"
"47694";"238289";"01-05-5666";"12233";"GM";"7";"GM - Grup Üyesi";"4";"N - Bireysel";"CUSTOMER_TYPE_MISMATCH"
"47697";"238289";"01-05-5666";"12233";"GM";"7";"GM - Grup Üyesi";"4";"N - Bireysel";"CUSTOMER_TYPE_MISMATCH"
"47729";"239521";"01-01-5679";"17293";"GM";"7";"GM - Grup Üyesi";"4";"N - Bireysel";"CUSTOMER_TYPE_MISMATCH"
"47733";"239686";"01-01-5681";"45037";"GM";"7";"GM - Grup Üyesi";"4";"N - Bireysel";"CUSTOMER_TYPE_MISMATCH"
"47735";"239790";"01-01-5687";"45025";"GM";"7";"GM - Grup Üyesi";"4";"N - Bireysel";"CUSTOMER_TYPE_MISMATCH"
"47750";"240089";"01-01-5714";"12090";"GM";"7";"GM - Grup Üyesi";"4";"N - Bireysel";"CUSTOMER_TYPE_MISMATCH"
"47766";"57490";"01-01-2288";"12225";"GM";"7";"GM - Grup Üyesi";"4";"N - Bireysel";"CUSTOMER_TYPE_MISMATCH"
"47774";"241097";"01-01-2332";"12124";"GM";"7";"GM - Grup Üyesi";"4";"N - Bireysel";"CUSTOMER_TYPE_MISMATCH"
"47777";"241507";"01-01-2342";"15237";"GM";"7";"GM - Grup Üyesi";"4";"N - Bireysel";"CUSTOMER_TYPE_MISMATCH"
"47780";"241686";"01-02-1841";"46791";"GM";"7";"GM - Grup Üyesi";"4";"N - Bireysel";"CUSTOMER_TYPE_MISMATCH"
"47781";"241688";"01-01-2359";"43459";"GM";"7";"GM - Grup Üyesi";"4";"N - Bireysel";"CUSTOMER_TYPE_MISMATCH"
"47784";"241814";"01-01-2363";"43463";"GM";"7";"GM - Grup Üyesi";"4";"N - Bireysel";"CUSTOMER_TYPE_MISMATCH"
"47795";"242235";"01-01-2362";"15260";"GM";"7";"GM - Grup Üyesi";"4";"N - Bireysel";"CUSTOMER_TYPE_MISMATCH"
"47816";"242784";"01-01-9142";"18339";"GM";"7";"GM - Grup Üyesi";"4";"N - Bireysel";"CUSTOMER_TYPE_MISMATCH"
"47820";"242671";"01-01-011070";"41560";"GM";"7";"GM - Grup Üyesi";"4";"N - Bireysel";"CUSTOMER_TYPE_MISMATCH"
"47821";"243663";"01-01-501402";"12003";"GM";"7";"GM - Grup Üyesi";"4";"N - Bireysel";"CUSTOMER_TYPE_MISMATCH"
"47822";"243665";"01-01-501405";"11926";"GM";"7";"GM - Grup Üyesi";"4";"N - Bireysel";"CUSTOMER_TYPE_MISMATCH"
"47823";"243666";"01-01-501404";"11895";"GM";"7";"GM - Grup Üyesi";"4";"N - Bireysel";"CUSTOMER_TYPE_MISMATCH"
"47824";"243667";"01-01-501403";"11945";"GM";"7";"GM - Grup Üyesi";"4";"N - Bireysel";"CUSTOMER_TYPE_MISMATCH"
"47825";"243707";"01-05-3104";"12240";"GM";"7";"GM - Grup Üyesi";"4";"N - Bireysel";"CUSTOMER_TYPE_MISMATCH"
"47826";"243707";"01-05-3104";"12240";"GM";"7";"GM - Grup Üyesi";"4";"N - Bireysel";"CUSTOMER_TYPE_MISMATCH"
"47829";"243848";"01-01-2434";"43498";"GM";"7";"GM - Grup Üyesi";"4";"N - Bireysel";"CUSTOMER_TYPE_MISMATCH"
"47853";"36482";"01-05-3061";"11872";"GM";"7";"GM - Grup Üyesi";"4";"N - Bireysel";"CUSTOMER_TYPE_MISMATCH"
"47854";"36482";"01-05-3061";"11872";"GM";"7";"GM - Grup Üyesi";"4";"N - Bireysel";"CUSTOMER_TYPE_MISMATCH"
"47857";"250179";"01-01-2469";"15262";"GM";"7";"GM - Grup Üyesi";"4";"N - Bireysel";"CUSTOMER_TYPE_MISMATCH"
"47862";"250664";"01-02-1843";"15228";"GM";"7";"GM - Grup Üyesi";"4";"N - Bireysel";"CUSTOMER_TYPE_MISMATCH"
"47863";"250664";"01-02-1843";"15228";"GM";"7";"GM - Grup Üyesi";"4";"N - Bireysel";"CUSTOMER_TYPE_MISMATCH"
"47866";"251180";"01-01-2508";"43538";"GM";"7";"GM - Grup Üyesi";"4";"N - Bireysel";"CUSTOMER_TYPE_MISMATCH"
"47876";"251273";"01-02-1846";"46793";"GM";"7";"GM - Grup Üyesi";"4";"N - Bireysel";"CUSTOMER_TYPE_MISMATCH"
"47882";"251273";"01-02-1846";"46793";"GM";"7";"GM - Grup Üyesi";"4";"N - Bireysel";"CUSTOMER_TYPE_MISMATCH"
"47887";"251629";"01-02-1847";"46794";"GM";"7";"GM - Grup Üyesi";"4";"N - Bireysel";"CUSTOMER_TYPE_MISMATCH"
"47900";"252027";"01-02-1848";"17202";"GM";"7";"GM - Grup Üyesi";"4";"N - Bireysel";"CUSTOMER_TYPE_MISMATCH"
"47907";"252027";"01-02-1848";"17202";"GM";"7";"GM - Grup Üyesi";"4";"N - Bireysel";"CUSTOMER_TYPE_MISMATCH"
"47912";"253050";"01-01-2788";"43707";"GM";"7";"GM - Grup Üyesi";"4";"N - Bireysel";"CUSTOMER_TYPE_MISMATCH"
"47930";"253792";"01-02-1849";"46795";"GM";"7";"GM - Grup Üyesi";"4";"N - Bireysel";"CUSTOMER_TYPE_MISMATCH"
"47933";"253950";"01-02-1850";"46796";"GM";"7";"GM - Grup Üyesi";"4";"N - Bireysel";"CUSTOMER_TYPE_MISMATCH"
"47957";"253950";"01-02-1850";"46796";"GM";"7";"GM - Grup Üyesi";"4";"N - Bireysel";"CUSTOMER_TYPE_MISMATCH"
"47974";"255100";"01-01-3392";"44022";"GM";"7";"GM - Grup Üyesi";"4";"N - Bireysel";"CUSTOMER_TYPE_MISMATCH"
"47975";"255106";"01-02-1851";"15229";"GM";"7";"GM - Grup Üyesi";"4";"N - Bireysel";"CUSTOMER_TYPE_MISMATCH"
"47980";"255148";"01-05-3141";"50759";"GM";"7";"GM - Grup Üyesi";"4";"N - Bireysel";"CUSTOMER_TYPE_MISMATCH"
"47981";"255106";"01-02-1851";"15229";"GM";"7";"GM - Grup Üyesi";"4";"N - Bireysel";"CUSTOMER_TYPE_MISMATCH"
"47982";"255314";"01-02-1852";"15230";"GM";"7";"GM - Grup Üyesi";"4";"N - Bireysel";"CUSTOMER_TYPE_MISMATCH"
"47983";"255333";"01-02-1854";"15227";"GM";"7";"GM - Grup Üyesi";"4";"N - Bireysel";"CUSTOMER_TYPE_MISMATCH"
"47984";"255314";"01-02-1852";"15230";"GM";"7";"GM - Grup Üyesi";"4";"N - Bireysel";"CUSTOMER_TYPE_MISMATCH"
"47985";"255347";"01-01-3396";"44021";"GM";"7";"GM - Grup Üyesi";"4";"N - Bireysel";"CUSTOMER_TYPE_MISMATCH"
"47986";"255333";"01-02-1854";"15227";"GM";"7";"GM - Grup Üyesi";"4";"N - Bireysel";"CUSTOMER_TYPE_MISMATCH"
"47988";"255418";"01-02-1855";"15293";"GM";"7";"GM - Grup Üyesi";"4";"N - Bireysel";"CUSTOMER_TYPE_MISMATCH"
"47992";"255552";"01-02-1856";"15222";"GM";"7";"GM - Grup Üyesi";"4";"N - Bireysel";"CUSTOMER_TYPE_MISMATCH"
"47998";"255682";"01-02-1857";"15219";"GM";"7";"GM - Grup Üyesi";"4";"N - Bireysel";"CUSTOMER_TYPE_MISMATCH"
"47999";"255684";"01-02-1858";"15220";"GM";"7";"GM - Grup Üyesi";"4";"N - Bireysel";"CUSTOMER_TYPE_MISMATCH"
"48000";"255729";"01-02-1859";"46797";"GM";"7";"GM - Grup Üyesi";"4";"N - Bireysel";"CUSTOMER_TYPE_MISMATCH"
"48001";"255684";"01-02-1858";"15220";"GM";"7";"GM - Grup Üyesi";"4";"N - Bireysel";"CUSTOMER_TYPE_MISMATCH"
"48016";"256149";"01-02-1860";"15221";"GM";"7";"GM - Grup Üyesi";"4";"N - Bireysel";"CUSTOMER_TYPE_MISMATCH"
"48019";"256149";"01-02-1860";"15221";"GM";"7";"GM - Grup Üyesi";"4";"N - Bireysel";"CUSTOMER_TYPE_MISMATCH"
"48020";"255682";"01-02-1857";"15219";"GM";"7";"GM - Grup Üyesi";"4";"N - Bireysel";"CUSTOMER_TYPE_MISMATCH"
"48029";"256583";"01-02-1861";"46798";"GM";"7";"GM - Grup Üyesi";"4";"N - Bireysel";"CUSTOMER_TYPE_MISMATCH"
"48030";"256583";"01-02-1861";"46798";"GM";"7";"GM - Grup Üyesi";"4";"N - Bireysel";"CUSTOMER_TYPE_MISMATCH"
"48033";"256810";"01-02-1862";"46799";"GM";"7";"GM - Grup Üyesi";"4";"N - Bireysel";"CUSTOMER_TYPE_MISMATCH"
"48034";"256810";"01-02-1862";"46799";"GM";"7";"GM - Grup Üyesi";"4";"N - Bireysel";"CUSTOMER_TYPE_MISMATCH"
"48038";"257175";"01-02-1863";"15225";"GM";"7";"GM - Grup Üyesi";"4";"N - Bireysel";"CUSTOMER_TYPE_MISMATCH"
"48039";"257286";"01-02-1864";"15224";"GM";"7";"GM - Grup Üyesi";"4";"N - Bireysel";"CUSTOMER_TYPE_MISMATCH"
"48042";"257286";"01-02-1864";"15224";"GM";"7";"GM - Grup Üyesi";"4";"N - Bireysel";"CUSTOMER_TYPE_MISMATCH"
"48043";"257175";"01-02-1863";"15225";"GM";"7";"GM - Grup Üyesi";"4";"N - Bireysel";"CUSTOMER_TYPE_MISMATCH"
"48044";"257547";"01-02-1865";"15226";"GM";"7";"GM - Grup Üyesi";"4";"N - Bireysel";"CUSTOMER_TYPE_MISMATCH"
"48045";"257547";"01-02-1865";"15226";"GM";"7";"GM - Grup Üyesi";"4";"N - Bireysel";"CUSTOMER_TYPE_MISMATCH"
"48061";"35546";"01-01-3151";"13725";"GM";"7";"GM - Grup Üyesi";"6";"BNK01 - BANKA";"CUSTOMER_TYPE_MISMATCH"
"48075";"258610";"01-02-1866";"46800";"GM";"7";"GM - Grup Üyesi";"4";"N - Bireysel";"CUSTOMER_TYPE_MISMATCH"
"48076";"258611";"01-01-3805";"15570";"GM";"7";"GM - Grup Üyesi";"4";"N - Bireysel";"CUSTOMER_TYPE_MISMATCH"
"48077";"258610";"01-02-1866";"46800";"GM";"7";"GM - Grup Üyesi";"4";"N - Bireysel";"CUSTOMER_TYPE_MISMATCH"
"48078";"258969";"01-01-3517";"12204";"GM";"7";"GM - Grup Üyesi";"4";"N - Bireysel";"CUSTOMER_TYPE_MISMATCH"
"48087";"259585";"01-02-1867";"15548";"GM";"7";"GM - Grup Üyesi";"4";"N - Bireysel";"CUSTOMER_TYPE_MISMATCH"
"48097";"259851";"01-02-1868";"46801";"GM";"7";"GM - Grup Üyesi";"4";"N - Bireysel";"CUSTOMER_TYPE_MISMATCH"
"48100";"259929";"01-02-1869";"15223";"GM";"7";"GM - Grup Üyesi";"4";"N - Bireysel";"CUSTOMER_TYPE_MISMATCH"
"48101";"259929";"01-02-1869";"15223";"GM";"7";"GM - Grup Üyesi";"4";"N - Bireysel";"CUSTOMER_TYPE_MISMATCH"
"48105";"260929";"01-02-1870";"17203";"GM";"7";"GM - Grup Üyesi";"4";"N - Bireysel";"CUSTOMER_TYPE_MISMATCH"
"48106";"260929";"01-02-1870";"17203";"GM";"7";"GM - Grup Üyesi";"4";"N - Bireysel";"CUSTOMER_TYPE_MISMATCH"
"48115";"261329";"01-02-1871";"46802";"GM";"7";"GM - Grup Üyesi";"4";"N - Bireysel";"CUSTOMER_TYPE_MISMATCH"
"48116";"261329";"01-02-1871";"46802";"GM";"7";"GM - Grup Üyesi";"4";"N - Bireysel";"CUSTOMER_TYPE_MISMATCH"
"48132";"261935";"01-05-3179";"17304";"GM";"7";"GM - Grup Üyesi";"4";"N - Bireysel";"CUSTOMER_TYPE_MISMATCH"
"48134";"262130";"01-05-3183";"17157";"GM";"7";"GM - Grup Üyesi";"4";"N - Bireysel";"CUSTOMER_TYPE_MISMATCH"
"48135";"262169";"01-01-3591";"44107";"GM";"7";"GM - Grup Üyesi";"4";"N - Bireysel";"CUSTOMER_TYPE_MISMATCH"
"48140";"262743";"01-01-3654";"15252";"GM";"7";"GM - Grup Üyesi";"4";"N - Bireysel";"CUSTOMER_TYPE_MISMATCH"
"48141";"262831";"01-01-3665";"12049";"GM";"7";"GM - Grup Üyesi";"4";"N - Bireysel";"CUSTOMER_TYPE_MISMATCH"
"48149";"262831";"01-01-3665";"12049";"GM";"7";"GM - Grup Üyesi";"4";"N - Bireysel";"CUSTOMER_TYPE_MISMATCH"
"48166";"264110";"01-05-3205";"17298";"GM";"7";"GM - Grup Üyesi";"4";"N - Bireysel";"CUSTOMER_TYPE_MISMATCH"
"48170";"264418";"01-05-3210";"17299";"GM";"7";"GM - Grup Üyesi";"4";"N - Bireysel";"CUSTOMER_TYPE_MISMATCH"
"48179";"35081";"01-01-1293";"11865";"GM";"7";"GM - Grup Üyesi";"4";"N - Bireysel";"CUSTOMER_TYPE_MISMATCH"
"48180";"35081";"01-01-1293";"11865";"GM";"7";"GM - Grup Üyesi";"4";"N - Bireysel";"CUSTOMER_TYPE_MISMATCH"
"48181";"265248";"01-01-4964";"15240";"GM";"7";"GM - Grup Üyesi";"4";"N - Bireysel";"CUSTOMER_TYPE_MISMATCH"
"48182";"35074";"01-01-1264";"11864";"GM";"7";"GM - Grup Üyesi";"4";"N - Bireysel";"CUSTOMER_TYPE_MISMATCH"
"48183";"35074";"01-01-1264";"11864";"GM";"7";"GM - Grup Üyesi";"4";"N - Bireysel";"CUSTOMER_TYPE_MISMATCH"
"48190";"266077";"01-05-3193";"17150";"GM";"7";"GM - Grup Üyesi";"4";"N - Bireysel";"CUSTOMER_TYPE_MISMATCH"
"48191";"266087";"01-05-3188";"50786";"GM";"7";"GM - Grup Üyesi";"4";"N - Bireysel";"CUSTOMER_TYPE_MISMATCH"
"48192";"266088";"01-05-3186";"50782";"GM";"7";"GM - Grup Üyesi";"4";"N - Bireysel";"CUSTOMER_TYPE_MISMATCH"
"48193";"266089";"01-05-3191";"50784";"GM";"7";"GM - Grup Üyesi";"4";"N - Bireysel";"CUSTOMER_TYPE_MISMATCH"
"48194";"266090";"01-05-3192";"50785";"GM";"7";"GM - Grup Üyesi";"4";"N - Bireysel";"CUSTOMER_TYPE_MISMATCH"
"48195";"266091";"01-05-3190";"50783";"GM";"7";"GM - Grup Üyesi";"4";"N - Bireysel";"CUSTOMER_TYPE_MISMATCH"
"48196";"266092";"01-05-3187";"17148";"GM";"7";"GM - Grup Üyesi";"4";"N - Bireysel";"CUSTOMER_TYPE_MISMATCH"
"48197";"266093";"01-05-3185";"50781";"GM";"7";"GM - Grup Üyesi";"4";"N - Bireysel";"CUSTOMER_TYPE_MISMATCH"
"48198";"266094";"01-05-3194";"17151";"GM";"7";"GM - Grup Üyesi";"4";"N - Bireysel";"CUSTOMER_TYPE_MISMATCH"
"48199";"266095";"01-05-3189";"17149";"GM";"7";"GM - Grup Üyesi";"4";"N - Bireysel";"CUSTOMER_TYPE_MISMATCH"
"48202";"266248";"01-01-9111";"15281";"GM";"7";"GM - Grup Üyesi";"4";"N - Bireysel";"CUSTOMER_TYPE_MISMATCH"
"48211";"266824";"01-01-9124";"18162";"GM";"7";"GM - Grup Üyesi";"4";"N - Bireysel";"CUSTOMER_TYPE_MISMATCH"
"48215";"267779";"01-05-3181";"17305";"GM";"7";"GM - Grup Üyesi";"4";"N - Bireysel";"CUSTOMER_TYPE_MISMATCH"
"48216";"267822";"01-01-9606";"12057";"GM";"7";"GM - Grup Üyesi";"4";"N - Bireysel";"CUSTOMER_TYPE_MISMATCH"
"48220";"267822";"01-01-9606";"12057";"GM";"7";"GM - Grup Üyesi";"4";"N - Bireysel";"CUSTOMER_TYPE_MISMATCH"
"48221";"267884";"01-01-9613";"12058";"GM";"7";"GM - Grup Üyesi";"4";"N - Bireysel";"CUSTOMER_TYPE_MISMATCH"
"48231";"35184";"01-01-1872";"11855";"GM";"7";"GM - Grup Üyesi";"4";"N - Bireysel";"CUSTOMER_TYPE_MISMATCH"
"48232";"35184";"01-01-1872";"11855";"GM";"7";"GM - Grup Üyesi";"4";"N - Bireysel";"CUSTOMER_TYPE_MISMATCH"
"48238";"269362";"01-01-9995";"46484";"GM";"7";"GM - Grup Üyesi";"4";"N - Bireysel";"CUSTOMER_TYPE_MISMATCH"
"48242";"269825";"01-01-9662";"12110";"GM";"7";"GM - Grup Üyesi";"4";"N - Bireysel";"CUSTOMER_TYPE_MISMATCH"
"48247";"270743";"01-01-9989";"11842";"GM";"7";"GM - Grup Üyesi";"4";"N - Bireysel";"CUSTOMER_TYPE_MISMATCH"
"48252";"271081";"01-01-9359";"15291";"GM";"7";"GM - Grup Üyesi";"4";"N - Bireysel";"CUSTOMER_TYPE_MISMATCH"
"48263";"271912";"01-01-7314";"12213";"GM";"7";"GM - Grup Üyesi";"4";"N - Bireysel";"CUSTOMER_TYPE_MISMATCH"
"48264";"272154";"01-05-3224";"17300";"GM";"7";"GM - Grup Üyesi";"4";"N - Bireysel";"CUSTOMER_TYPE_MISMATCH"
"48277";"272647";"01-01-6524";"18145";"GM";"7";"GM - Grup Üyesi";"4";"N - Bireysel";"CUSTOMER_TYPE_MISMATCH"
"48278";"272657";"01-05-6579";"17205";"GM";"7";"GM - Grup Üyesi";"4";"N - Bireysel";"CUSTOMER_TYPE_MISMATCH"
"48286";"273298";"01-01-6541";"45323";"GM";"7";"GM - Grup Üyesi";"4";"N - Bireysel";"CUSTOMER_TYPE_MISMATCH"
"48299";"269214";"01-05-3220";"50795";"GM";"7";"GM - Grup Üyesi";"4";"N - Bireysel";"CUSTOMER_TYPE_MISMATCH"
"48306";"273979";"01-01-6571";"15265";"GM";"7";"GM - Grup Üyesi";"4";"N - Bireysel";"CUSTOMER_TYPE_MISMATCH"
"48311";"274379";"01-01-6572";"18317";"GM";"7";"GM - Grup Üyesi";"4";"N - Bireysel";"CUSTOMER_TYPE_MISMATCH"
"48321";"274638";"01-02-5308";"18157";"GM";"7";"GM - Grup Üyesi";"4";"N - Bireysel";"CUSTOMER_TYPE_MISMATCH"
"48323";"274834";"01-05-9112";"50868";"GM";"7";"GM - Grup Üyesi";"4";"N - Bireysel";"CUSTOMER_TYPE_MISMATCH"
"48326";"275057";"01-05-7960";"17284";"GM";"7";"GM - Grup Üyesi";"4";"N - Bireysel";"CUSTOMER_TYPE_MISMATCH"
"48332";"275090";"01-01-6627";"45365";"GM";"7";"GM - Grup Üyesi";"4";"N - Bireysel";"CUSTOMER_TYPE_MISMATCH"
"48334";"275204";"01-01-6629";"18171";"GM";"7";"GM - Grup Üyesi";"4";"N - Bireysel";"CUSTOMER_TYPE_MISMATCH"
"48341";"276220";"01-02-7319";"18158";"GM";"7";"GM - Grup Üyesi";"4";"N - Bireysel";"CUSTOMER_TYPE_MISMATCH"
"48352";"276823";"01-06-6541";"50932";"GM";"7";"GM - Grup Üyesi";"4";"N - Bireysel";"CUSTOMER_TYPE_MISMATCH"
"48353";"276842";"01-05-6708";"15294";"GM";"7";"GM - Grup Üyesi";"4";"N - Bireysel";"CUSTOMER_TYPE_MISMATCH"
"48354";"277210";"01-01-6711";"15547";"GM";"7";"GM - Grup Üyesi";"4";"N - Bireysel";"CUSTOMER_TYPE_MISMATCH"
"48364";"277959";"01-05-6728";"17120";"GM";"7";"GM - Grup Üyesi";"4";"N - Bireysel";"CUSTOMER_TYPE_MISMATCH"
"48367";"278737";"01-05-1582";"17125";"GM";"7";"GM - Grup Üyesi";"4";"N - Bireysel";"CUSTOMER_TYPE_MISMATCH"
"48379";"279348";"01-05-6741";"50829";"GM";"7";"GM - Grup Üyesi";"4";"N - Bireysel";"CUSTOMER_TYPE_MISMATCH"
"48389";"280677";"01-05-3247";"12241";"GM";"7";"GM - Grup Üyesi";"4";"N - Bireysel";"CUSTOMER_TYPE_MISMATCH"
"48391";"280746";"01-05-3251";"17301";"GM";"7";"GM - Grup Üyesi";"4";"N - Bireysel";"CUSTOMER_TYPE_MISMATCH"
"48401";"281058";"01-01-6788";"18172";"GM";"7";"GM - Grup Üyesi";"4";"N - Bireysel";"CUSTOMER_TYPE_MISMATCH"
"48405";"281468";"01-05-3258";"17302";"GM";"7";"GM - Grup Üyesi";"4";"N - Bireysel";"CUSTOMER_TYPE_MISMATCH"
"48411";"281671";"01-01-6680";"45385";"GM";"7";"GM - Grup Üyesi";"4";"N - Bireysel";"CUSTOMER_TYPE_MISMATCH"
"48414";"281796";"01-05-3737";"17121";"GM";"7";"GM - Grup Üyesi";"4";"N - Bireysel";"CUSTOMER_TYPE_MISMATCH"
"48428";"282633";"01-01-6990";"12199";"GM";"7";"GM - Grup Üyesi";"4";"N - Bireysel";"CUSTOMER_TYPE_MISMATCH"
"48432";"282645";"01-05-6806";"15248";"GM";"7";"GM - Grup Üyesi";"4";"N - Bireysel";"CUSTOMER_TYPE_MISMATCH"
"48433";"282646";"01-05-6852";"17106";"GM";"7";"GM - Grup Üyesi";"4";"N - Bireysel";"CUSTOMER_TYPE_MISMATCH"
"48441";"283039";"01-02-3396";"18161";"GM";"7";"GM - Grup Üyesi";"4";"N - Bireysel";"CUSTOMER_TYPE_MISMATCH"
"48461";"285366";"01-01-6810";"12236";"GM";"7";"GM - Grup Üyesi";"4";"N - Bireysel";"CUSTOMER_TYPE_MISMATCH"
"48514";"288032";"01-01-6885";"17413";"GM";"7";"GM - Grup Üyesi";"4";"N - Bireysel";"CUSTOMER_TYPE_MISMATCH"
"48517";"288031";"01-05-6827";"11873";"GM";"7";"GM - Grup Üyesi";"4";"N - Bireysel";"CUSTOMER_TYPE_MISMATCH"
"48525";"288503";"01-05-0519";"12203";"GM";"7";"GM - Grup Üyesi";"4";"N - Bireysel";"CUSTOMER_TYPE_MISMATCH"
"48539";"289152";"01-01-7143";"17414";"GM";"7";"GM - Grup Üyesi";"4";"N - Bireysel";"CUSTOMER_TYPE_MISMATCH"
"48546";"289427";"01-05-6751";"12210";"GM";"7";"GM - Grup Üyesi";"4";"N - Bireysel";"CUSTOMER_TYPE_MISMATCH"
"48547";"289458";"01-02-7033";"17396";"GM";"7";"GM - Grup Üyesi";"4";"N - Bireysel";"CUSTOMER_TYPE_MISMATCH"
"48551";"289598";"01-05-7179";"12218";"GM";"7";"GM - Grup Üyesi";"4";"N - Bireysel";"CUSTOMER_TYPE_MISMATCH"
"48565";"290335";"01-05-7283";"15287";"GM";"7";"GM - Grup Üyesi";"4";"N - Bireysel";"CUSTOMER_TYPE_MISMATCH"
"48573";"290582";"01-01-501406";"11984";"GM";"7";"GM - Grup Üyesi";"4";"N - Bireysel";"CUSTOMER_TYPE_MISMATCH"
"48606";"291514";"01-05-6762";"15288";"G";"5";"G - Grup/Kurumsal";"4";"N - Bireysel";"CUSTOMER_TYPE_MISMATCH"
"48609";"291820";"01-01-6915";"12229";"GM";"7";"GM - Grup Üyesi";"4";"N - Bireysel";"CUSTOMER_TYPE_MISMATCH"
"48617";"292684";"01-05-3399";"12239";"GM";"7";"GM - Grup Üyesi";"4";"N - Bireysel";"CUSTOMER_TYPE_MISMATCH"
"48620";"292992";"01-05-6770";"15250";"GM";"7";"GM - Grup Üyesi";"4";"N - Bireysel";"CUSTOMER_TYPE_MISMATCH"
"48621";"292993";"01-05-5660";"17206";"GM";"7";"GM - Grup Üyesi";"4";"N - Bireysel";"CUSTOMER_TYPE_MISMATCH"
"48633";"293395";"01-01-7423";"18173";"GM";"7";"GM - Grup Üyesi";"4";"N - Bireysel";"CUSTOMER_TYPE_MISMATCH"
"48640";"293439";"01-02-6835";"17397";"GM";"7";"GM - Grup Üyesi";"4";"N - Bireysel";"CUSTOMER_TYPE_MISMATCH"
"48641";"293593";"01-02-7034";"17362";"GM";"7";"GM - Grup Üyesi";"4";"N - Bireysel";"CUSTOMER_TYPE_MISMATCH"
"48669";"295335";"01-01-7114";"11853";"GM";"7";"GM - Grup Üyesi";"4";"N - Bireysel";"CUSTOMER_TYPE_MISMATCH"
"48672";"295666";"01-01-5310";"12196";"GM";"7";"GM - Grup Üyesi";"4";"N - Bireysel";"CUSTOMER_TYPE_MISMATCH"
"48677";"296769";"01-01-7434";"17415";"GM";"7";"GM - Grup Üyesi";"4";"N - Bireysel";"CUSTOMER_TYPE_MISMATCH"
"48679";"296999";"01-01-7441";"17155";"GM";"7";"GM - Grup Üyesi";"4";"N - Bireysel";"CUSTOMER_TYPE_MISMATCH"
"48687";"297294";"01-05-7447";"12211";"GM";"7";"GM - Grup Üyesi";"4";"N - Bireysel";"CUSTOMER_TYPE_MISMATCH"
"48722";"36787";"01-01-6408";"12214";"GM";"7";"GM - Grup Üyesi";"4";"N - Bireysel";"CUSTOMER_TYPE_MISMATCH"
"48737";"301309";"01-06-0001";"18343";"GM";"7";"GM - Grup Üyesi";"4";"N - Bireysel";"CUSTOMER_TYPE_MISMATCH"
"48763";"302671";"01-06-0002";"12130";"GM";"7";"GM - Grup Üyesi";"4";"N - Bireysel";"CUSTOMER_TYPE_MISMATCH"
"48764";"302593";"01-06-7469";"12168";"GM";"7";"GM - Grup Üyesi";"4";"N - Bireysel";"CUSTOMER_TYPE_MISMATCH"
"48765";"302592";"01-06-7470";"12143";"GM";"7";"GM - Grup Üyesi";"4";"N - Bireysel";"CUSTOMER_TYPE_MISMATCH"
"48781";"304196";"01-06-7519";"12164";"GM";"7";"GM - Grup Üyesi";"4";"N - Bireysel";"CUSTOMER_TYPE_MISMATCH"
"48783";"304198";"01-06-6806";"12172";"GM";"7";"GM - Grup Üyesi";"4";"N - Bireysel";"CUSTOMER_TYPE_MISMATCH"
"48785";"304200";"01-06-7097";"12161";"GM";"7";"GM - Grup Üyesi";"4";"N - Bireysel";"CUSTOMER_TYPE_MISMATCH"
"48787";"304202";"01-06-0006";"12170";"GM";"7";"GM - Grup Üyesi";"4";"N - Bireysel";"CUSTOMER_TYPE_MISMATCH"
"48789";"304204";"01-01-7108";"12176";"GM";"7";"GM - Grup Üyesi";"4";"N - Bireysel";"CUSTOMER_TYPE_MISMATCH"
"48791";"304206";"01-01-7204";"12166";"GM";"7";"GM - Grup Üyesi";"4";"N - Bireysel";"CUSTOMER_TYPE_MISMATCH"
"48793";"304208";"01-06-7084";"12142";"GM";"7";"GM - Grup Üyesi";"4";"N - Bireysel";"CUSTOMER_TYPE_MISMATCH"
"48799";"304214";"01-06-7161";"12163";"GM";"7";"GM - Grup Üyesi";"4";"N - Bireysel";"CUSTOMER_TYPE_MISMATCH"
"48801";"304216";"01-01-7502";"12133";"GM";"7";"GM - Grup Üyesi";"4";"N - Bireysel";"CUSTOMER_TYPE_MISMATCH"
"48803";"304218";"01-01-7090";"12149";"GM";"7";"GM - Grup Üyesi";"4";"N - Bireysel";"CUSTOMER_TYPE_MISMATCH"
"48805";"304220";"01-06-7518";"12173";"GM";"7";"GM - Grup Üyesi";"4";"N - Bireysel";"CUSTOMER_TYPE_MISMATCH"
"48807";"304222";"01-01-7121";"12137";"GM";"7";"GM - Grup Üyesi";"4";"N - Bireysel";"CUSTOMER_TYPE_MISMATCH"
"48809";"304224";"01-01-7507";"12159";"GM";"7";"GM - Grup Üyesi";"4";"N - Bireysel";"CUSTOMER_TYPE_MISMATCH"
"48811";"304226";"01-06-0004";"12150";"GM";"7";"GM - Grup Üyesi";"4";"N - Bireysel";"CUSTOMER_TYPE_MISMATCH"
"48815";"304230";"01-01-7097";"12136";"GM";"7";"GM - Grup Üyesi";"4";"N - Bireysel";"CUSTOMER_TYPE_MISMATCH"
"48817";"304232";"01-01-7512";"12128";"GM";"7";"GM - Grup Üyesi";"4";"N - Bireysel";"CUSTOMER_TYPE_MISMATCH"
"48819";"304234";"01-06-7110";"12162";"GM";"7";"GM - Grup Üyesi";"4";"N - Bireysel";"CUSTOMER_TYPE_MISMATCH"
"48821";"304236";"01-01-7322";"12165";"GM";"7";"GM - Grup Üyesi";"4";"N - Bireysel";"CUSTOMER_TYPE_MISMATCH"
"48823";"304238";"01-01-7369";"12155";"GM";"7";"GM - Grup Üyesi";"4";"N - Bireysel";"CUSTOMER_TYPE_MISMATCH"
"48825";"304240";"01-01-7488";"12141";"GM";"7";"GM - Grup Üyesi";"4";"N - Bireysel";"CUSTOMER_TYPE_MISMATCH"
"48827";"304242";"01-06-0005";"12171";"GM";"7";"GM - Grup Üyesi";"4";"N - Bireysel";"CUSTOMER_TYPE_MISMATCH"
"48829";"304244";"01-01-7188";"12179";"GM";"7";"GM - Grup Üyesi";"4";"N - Bireysel";"CUSTOMER_TYPE_MISMATCH"
"48831";"304246";"01-01-7471";"12148";"GM";"7";"GM - Grup Üyesi";"4";"N - Bireysel";"CUSTOMER_TYPE_MISMATCH"
"48833";"304248";"01-06-0007";"12145";"GM";"7";"GM - Grup Üyesi";"4";"N - Bireysel";"CUSTOMER_TYPE_MISMATCH"
"48835";"304250";"01-01-7503";"12134";"GM";"7";"GM - Grup Üyesi";"4";"N - Bireysel";"CUSTOMER_TYPE_MISMATCH"
"48837";"304252";"01-01-7509";"12158";"GM";"7";"GM - Grup Üyesi";"4";"N - Bireysel";"CUSTOMER_TYPE_MISMATCH"
"48839";"304254";"01-01-7481";"12178";"GM";"7";"GM - Grup Üyesi";"4";"N - Bireysel";"CUSTOMER_TYPE_MISMATCH"
"48841";"304256";"01-06-0003";"12175";"GM";"7";"GM - Grup Üyesi";"4";"N - Bireysel";"CUSTOMER_TYPE_MISMATCH"
"48850";"304634";"01-06-0008";"12146";"GM";"7";"GM - Grup Üyesi";"4";"N - Bireysel";"CUSTOMER_TYPE_MISMATCH"
"48852";"302592";"01-06-7470";"12143";"GM";"7";"GM - Grup Üyesi";"4";"N - Bireysel";"CUSTOMER_TYPE_MISMATCH"
"48853";"302671";"01-06-0002";"12130";"GM";"7";"GM - Grup Üyesi";"4";"N - Bireysel";"CUSTOMER_TYPE_MISMATCH"
"48854";"305079";"01-05-6817";"17294";"GM";"7";"GM - Grup Üyesi";"4";"N - Bireysel";"CUSTOMER_TYPE_MISMATCH"
"48856";"305130";"01-01-7144";"17091";"GM";"7";"GM - Grup Üyesi";"4";"N - Bireysel";"CUSTOMER_TYPE_MISMATCH"
"48858";"305161";"01-01-7500";"12129";"GM";"7";"GM - Grup Üyesi";"4";"N - Bireysel";"CUSTOMER_TYPE_MISMATCH"
"48860";"305208";"01-01-7493";"12160";"GM";"7";"GM - Grup Üyesi";"4";"N - Bireysel";"CUSTOMER_TYPE_MISMATCH"
"48861";"305209";"01-06-1111";"12177";"GM";"7";"GM - Grup Üyesi";"4";"N - Bireysel";"CUSTOMER_TYPE_MISMATCH"
"48864";"305388";"01-01-7125";"12147";"GM";"7";"GM - Grup Üyesi";"4";"N - Bireysel";"CUSTOMER_TYPE_MISMATCH"
"48865";"305389";"01-01-7130";"12152";"GM";"7";"GM - Grup Üyesi";"4";"N - Bireysel";"CUSTOMER_TYPE_MISMATCH"
"48866";"305390";"01-01-7307";"12144";"GM";"7";"GM - Grup Üyesi";"4";"N - Bireysel";"CUSTOMER_TYPE_MISMATCH"
"48867";"305391";"01-01-7126";"12174";"GM";"7";"GM - Grup Üyesi";"4";"N - Bireysel";"CUSTOMER_TYPE_MISMATCH"
"48868";"305392";"01-01-7302";"12140";"GM";"7";"GM - Grup Üyesi";"4";"N - Bireysel";"CUSTOMER_TYPE_MISMATCH"
"48869";"305393";"01-01-7304";"12139";"GM";"7";"GM - Grup Üyesi";"4";"N - Bireysel";"CUSTOMER_TYPE_MISMATCH"
"48888";"306130";"01-01-501410";"12028";"GM";"7";"GM - Grup Üyesi";"4";"N - Bireysel";"CUSTOMER_TYPE_MISMATCH"
"48889";"306131";"01-01-501407";"12025";"GM";"7";"GM - Grup Üyesi";"4";"N - Bireysel";"CUSTOMER_TYPE_MISMATCH"
"48890";"306132";"01-01-501408";"12026";"GM";"7";"GM - Grup Üyesi";"4";"N - Bireysel";"CUSTOMER_TYPE_MISMATCH"
"48891";"306133";"01-01-501409";"12027";"GM";"7";"GM - Grup Üyesi";"4";"N - Bireysel";"CUSTOMER_TYPE_MISMATCH"
"48894";"306707";"01-05-7006";"12222";"GM";"7";"GM - Grup Üyesi";"4";"N - Bireysel";"CUSTOMER_TYPE_MISMATCH"
"48896";"306808";"01-06-7280";"12151";"GM";"7";"GM - Grup Üyesi";"4";"N - Bireysel";"CUSTOMER_TYPE_MISMATCH"
"48903";"306955";"01-01-7083";"17262";"GM";"7";"GM - Grup Üyesi";"4";"N - Bireysel";"CUSTOMER_TYPE_MISMATCH"
"48904";"306958";"01-01-501411";"11942";"GM";"7";"GM - Grup Üyesi";"4";"N - Bireysel";"CUSTOMER_TYPE_MISMATCH"
"48905";"306959";"01-01-501412";"11944";"GM";"7";"GM - Grup Üyesi";"4";"N - Bireysel";"CUSTOMER_TYPE_MISMATCH"
"48906";"306960";"01-01-501413";"11943";"GM";"7";"GM - Grup Üyesi";"4";"N - Bireysel";"CUSTOMER_TYPE_MISMATCH"
"48912";"307422";"01-01-6967";"12237";"GM";"7";"GM - Grup Üyesi";"4";"N - Bireysel";"CUSTOMER_TYPE_MISMATCH"
"48915";"307806";"01-05-6823";"12208";"GM";"7";"GM - Grup Üyesi";"4";"N - Bireysel";"CUSTOMER_TYPE_MISMATCH"
"48916";"307806";"01-05-6823";"12208";"GM";"7";"GM - Grup Üyesi";"4";"N - Bireysel";"CUSTOMER_TYPE_MISMATCH"
"48938";"309494";"01-06-0012";"12131";"GM";"7";"GM - Grup Üyesi";"4";"N - Bireysel";"CUSTOMER_TYPE_MISMATCH"
"48949";"310606";"01-01-0151";"18319";"GM";"7";"GM - Grup Üyesi";"4";"N - Bireysel";"CUSTOMER_TYPE_MISMATCH"
"48952";"310831";"01-02-0155";"15284";"GM";"7";"GM - Grup Üyesi";"4";"N - Bireysel";"CUSTOMER_TYPE_MISMATCH"
"48956";"311537";"01-01-7352";"12154";"GM";"7";"GM - Grup Üyesi";"4";"N - Bireysel";"CUSTOMER_TYPE_MISMATCH"
"48959";"309494";"01-06-0012";"12131";"GM";"7";"GM - Grup Üyesi";"4";"N - Bireysel";"CUSTOMER_TYPE_MISMATCH"
"48961";"312090";"01-01-501414";"11894";"GM";"7";"GM - Grup Üyesi";"4";"N - Bireysel";"CUSTOMER_TYPE_MISMATCH"
"48976";"313046";"01-05-9722";"17123";"GM";"7";"GM - Grup Üyesi";"4";"N - Bireysel";"CUSTOMER_TYPE_MISMATCH"
"48977";"313049";"01-05-6828";"17122";"GM";"7";"GM - Grup Üyesi";"4";"N - Bireysel";"CUSTOMER_TYPE_MISMATCH"
"48981";"313154";"01-01-0223";"17089";"GM";"7";"GM - Grup Üyesi";"4";"N - Bireysel";"CUSTOMER_TYPE_MISMATCH"
"48989";"313596";"01-06-0020";"12132";"GM";"7";"GM - Grup Üyesi";"4";"N - Bireysel";"CUSTOMER_TYPE_MISMATCH"
"48992";"313745";"01-06-7506";"12167";"GM";"7";"GM - Grup Üyesi";"4";"N - Bireysel";"CUSTOMER_TYPE_MISMATCH"
"48993";"313153";"01-06-0019";"18312";"GM";"7";"GM - Grup Üyesi";"4";"N - Bireysel";"CUSTOMER_TYPE_MISMATCH"
"48994";"313153";"01-06-0019";"18312";"GM";"7";"GM - Grup Üyesi";"4";"N - Bireysel";"CUSTOMER_TYPE_MISMATCH"
"48995";"313714";"01-06-0042";"18314";"GM";"7";"GM - Grup Üyesi";"4";"N - Bireysel";"CUSTOMER_TYPE_MISMATCH"
"49000";"315104";"01-01-7498";"12156";"GM";"7";"GM - Grup Üyesi";"4";"N - Bireysel";"CUSTOMER_TYPE_MISMATCH"
"49002";"316003";"01-02-7018";"17236";"GM";"7";"GM - Grup Üyesi";"4";"N - Bireysel";"CUSTOMER_TYPE_MISMATCH"
"49003";"316062";"01-05-6150";"17130";"GM";"7";"GM - Grup Üyesi";"4";"N - Bireysel";"CUSTOMER_TYPE_MISMATCH"
"49009";"314651";"01-01-8113";"18313";"GM";"7";"GM - Grup Üyesi";"4";"N - Bireysel";"CUSTOMER_TYPE_MISMATCH"
"49014";"317102";"01-02-7039";"17406";"GM";"7";"GM - Grup Üyesi";"4";"N - Bireysel";"CUSTOMER_TYPE_MISMATCH"
"49019";"317010";"01-06-122222";"18310";"GM";"7";"GM - Grup Üyesi";"4";"N - Bireysel";"CUSTOMER_TYPE_MISMATCH"
"49035";"318090";"01-06-0089";"11860";"GM";"7";"GM - Grup Üyesi";"4";"N - Bireysel";"CUSTOMER_TYPE_MISMATCH"
"49036";"318090";"01-06-0089";"11860";"GM";"7";"GM - Grup Üyesi";"4";"N - Bireysel";"CUSTOMER_TYPE_MISMATCH"
"49054";"318889";"01-05-7572";"11874";"GM";"7";"GM - Grup Üyesi";"4";"N - Bireysel";"CUSTOMER_TYPE_MISMATCH"
"49056";"318904";"01-06-998850";"15524";"GM";"7";"GM - Grup Üyesi";"4";"N - Bireysel";"CUSTOMER_TYPE_MISMATCH"
"49063";"319214";"01-05-6838";"11875";"GM";"7";"GM - Grup Üyesi";"4";"N - Bireysel";"CUSTOMER_TYPE_MISMATCH"
"49064";"141441";"01-01-9517";"11822";"GM";"7";"GM - Grup Üyesi";"4";"N - Bireysel";"CUSTOMER_TYPE_MISMATCH"
"49069";"319581";"01-01-0834";"11826";"GM";"7";"GM - Grup Üyesi";"4";"N - Bireysel";"CUSTOMER_TYPE_MISMATCH"
"49071";"319634";"01-01-7602";"11819";"GM";"7";"GM - Grup Üyesi";"4";"N - Bireysel";"CUSTOMER_TYPE_MISMATCH"
"49072";"319655";"01-01-7617";"11818";"GM";"7";"GM - Grup Üyesi";"4";"N - Bireysel";"CUSTOMER_TYPE_MISMATCH"
"49073";"319675";"01-01-7625";"11812";"GM";"7";"GM - Grup Üyesi";"4";"N - Bireysel";"CUSTOMER_TYPE_MISMATCH"
"49077";"122024";"01-01-0444";"11817";"GM";"7";"GM - Grup Üyesi";"4";"N - Bireysel";"CUSTOMER_TYPE_MISMATCH"
"49078";"216509";"01-01-7777";"11803";"GM";"7";"GM - Grup Üyesi";"4";"N - Bireysel";"CUSTOMER_TYPE_MISMATCH"
"49083";"320257";"01-01-0436";"11815";"GM";"7";"GM - Grup Üyesi";"4";"N - Bireysel";"CUSTOMER_TYPE_MISMATCH"
"49084";"320282";"01-01-0437";"11816";"GM";"7";"GM - Grup Üyesi";"4";"N - Bireysel";"CUSTOMER_TYPE_MISMATCH"
"49085";"320316";"01-01-0498";"11804";"GM";"7";"GM - Grup Üyesi";"4";"N - Bireysel";"CUSTOMER_TYPE_MISMATCH"
"49086";"320336";"01-06-0121";"11808";"GM";"7";"GM - Grup Üyesi";"4";"N - Bireysel";"CUSTOMER_TYPE_MISMATCH"
"49090";"320474";"01-06-0122";"11823";"GM";"7";"GM - Grup Üyesi";"4";"N - Bireysel";"CUSTOMER_TYPE_MISMATCH"
"49092";"320502";"01-01-7604";"11805";"GM";"7";"GM - Grup Üyesi";"4";"N - Bireysel";"CUSTOMER_TYPE_MISMATCH"
"49095";"78928";"01-01-7857";"11807";"GM";"7";"GM - Grup Üyesi";"4";"N - Bireysel";"CUSTOMER_TYPE_MISMATCH"
"49096";"321280";"01-05-6841";"50851";"GM";"7";"GM - Grup Üyesi";"4";"N - Bireysel";"CUSTOMER_TYPE_MISMATCH"
"49097";"321309";"01-06-0123";"11825";"GM";"7";"GM - Grup Üyesi";"4";"N - Bireysel";"CUSTOMER_TYPE_MISMATCH"
"49101";"321734";"01-01-7749";"45696";"GM";"7";"GM - Grup Üyesi";"4";"N - Bireysel";"CUSTOMER_TYPE_MISMATCH"
"49107";"321823";"01-01-7752";"15561";"GM";"7";"GM - Grup Üyesi";"4";"N - Bireysel";"CUSTOMER_TYPE_MISMATCH"
"49124";"322971";"01-02-7694";"46859";"GM";"7";"GM - Grup Üyesi";"4";"N - Bireysel";"CUSTOMER_TYPE_MISMATCH"
"49145";"323625";"01-05-6848";"50853";"GM";"7";"GM - Grup Üyesi";"4";"N - Bireysel";"CUSTOMER_TYPE_MISMATCH"
"49146";"323626";"01-06-0126";"50888";"GM";"7";"GM - Grup Üyesi";"4";"N - Bireysel";"CUSTOMER_TYPE_MISMATCH"
"49153";"323957";"01-05-0170";"46877";"GM";"7";"GM - Grup Üyesi";"4";"N - Bireysel";"CUSTOMER_TYPE_MISMATCH"
"49154";"323992";"01-06-0311";"50914";"GM";"7";"GM - Grup Üyesi";"4";"N - Bireysel";"CUSTOMER_TYPE_MISMATCH"
"49155";"323993";"01-05-0171";"46878";"GM";"7";"GM - Grup Üyesi";"4";"N - Bireysel";"CUSTOMER_TYPE_MISMATCH"
"49159";"324136";"01-06-0312";"50915";"GM";"7";"GM - Grup Üyesi";"4";"N - Bireysel";"CUSTOMER_TYPE_MISMATCH"
"49160";"324164";"01-06-0313";"50916";"GM";"7";"GM - Grup Üyesi";"4";"N - Bireysel";"CUSTOMER_TYPE_MISMATCH"
"49171";"324988";"01-01-0693";"42421";"GM";"7";"GM - Grup Üyesi";"4";"N - Bireysel";"CUSTOMER_TYPE_MISMATCH"
"49172";"325001";"01-02-7042";"46853";"GM";"7";"GM - Grup Üyesi";"4";"N - Bireysel";"CUSTOMER_TYPE_MISMATCH"
"49173";"325009";"01-06-0127";"50889";"GM";"7";"GM - Grup Üyesi";"4";"N - Bireysel";"CUSTOMER_TYPE_MISMATCH"
"49179";"325794";"01-02-7371";"46858";"GM";"7";"GM - Grup Üyesi";"4";"N - Bireysel";"CUSTOMER_TYPE_MISMATCH"
"49182";"325847";"01-06-0130";"50892";"GM";"7";"GM - Grup Üyesi";"4";"N - Bireysel";"CUSTOMER_TYPE_MISMATCH"
"49184";"326336";"01-06-0565";"50927";"GM";"7";"GM - Grup Üyesi";"4";"N - Bireysel";"CUSTOMER_TYPE_MISMATCH"
"49185";"326884";"01-02-7842";"46860";"GM";"7";"GM - Grup Üyesi";"4";"N - Bireysel";"CUSTOMER_TYPE_MISMATCH"
"49188";"327204";"01-05-6859";"50840";"GM";"7";"GM - Grup Üyesi";"4";"N - Bireysel";"CUSTOMER_TYPE_MISMATCH"
"49194";"327678";"01-05-6861";"50842";"GM";"7";"GM - Grup Üyesi";"4";"N - Bireysel";"CUSTOMER_TYPE_MISMATCH"
"49195";"327709";"01-05-1362";"46885";"GM";"7";"GM - Grup Üyesi";"4";"N - Bireysel";"CUSTOMER_TYPE_MISMATCH"
"49196";"327793";"01-01-1124";"42750";"GM";"7";"GM - Grup Üyesi";"4";"N - Bireysel";"CUSTOMER_TYPE_MISMATCH"
"49197";"327859";"01-05-8045";"50863";"GM";"7";"GM - Grup Üyesi";"4";"N - Bireysel";"CUSTOMER_TYPE_MISMATCH"
"49212";"328265";"01-06-0186";"50904";"GM";"7";"GM - Grup Üyesi";"4";"N - Bireysel";"CUSTOMER_TYPE_MISMATCH"
"49215";"328675";"01-05-8561";"50864";"GM";"7";"GM - Grup Üyesi";"4";"N - Bireysel";"CUSTOMER_TYPE_MISMATCH"
"49218";"328817";"01-05-8073";"50861";"GM";"7";"GM - Grup Üyesi";"4";"N - Bireysel";"CUSTOMER_TYPE_MISMATCH"
"49219";"329068";"01-05-8093";"50862";"GM";"7";"GM - Grup Üyesi";"4";"N - Bireysel";"CUSTOMER_TYPE_MISMATCH"
"49225";"329503";"01-06-0134";"50895";"GM";"7";"GM - Grup Üyesi";"4";"N - Bireysel";"CUSTOMER_TYPE_MISMATCH"
"49226";"329642";"01-06-0903";"50928";"GM";"7";"GM - Grup Üyesi";"4";"N - Bireysel";"CUSTOMER_TYPE_MISMATCH"
"49227";"329643";"01-06-4852";"50931";"GM";"7";"GM - Grup Üyesi";"4";"N - Bireysel";"CUSTOMER_TYPE_MISMATCH"
"49232";"330039";"01-01-501415";"44694";"GM";"7";"GM - Grup Üyesi";"4";"N - Bireysel";"CUSTOMER_TYPE_MISMATCH"
"49238";"330309";"01-01-501416";"44695";"GM";"7";"GM - Grup Üyesi";"4";"N - Bireysel";"CUSTOMER_TYPE_MISMATCH"
"49239";"330311";"01-01-501417";"44696";"GM";"7";"GM - Grup Üyesi";"4";"N - Bireysel";"CUSTOMER_TYPE_MISMATCH"
"49240";"330312";"01-01-501418";"44697";"GM";"7";"GM - Grup Üyesi";"4";"N - Bireysel";"CUSTOMER_TYPE_MISMATCH"
"49244";"330849";"01-01-9911";"46451";"GM";"7";"GM - Grup Üyesi";"4";"N - Bireysel";"CUSTOMER_TYPE_MISMATCH"
"49245";"330858";"01-01-7952";"45756";"GM";"7";"GM - Grup Üyesi";"4";"N - Bireysel";"CUSTOMER_TYPE_MISMATCH"
"49248";"331000";"01-05-6867";"50848";"GM";"7";"GM - Grup Üyesi";"4";"N - Bireysel";"CUSTOMER_TYPE_MISMATCH"
"49249";"331055";"01-05-6868";"50849";"GM";"7";"GM - Grup Üyesi";"4";"N - Bireysel";"CUSTOMER_TYPE_MISMATCH"
"49250";"331175";"01-06-1212";"50925";"GM";"7";"GM - Grup Üyesi";"4";"N - Bireysel";"CUSTOMER_TYPE_MISMATCH"
"49252";"331351";"01-06-7959";"50933";"GM";"7";"GM - Grup Üyesi";"4";"N - Bireysel";"CUSTOMER_TYPE_MISMATCH"
"49253";"331357";"01-06-1213";"50926";"GM";"7";"GM - Grup Üyesi";"4";"N - Bireysel";"CUSTOMER_TYPE_MISMATCH"
"49255";"331461";"01-06-0022";"50885";"GM";"7";"GM - Grup Üyesi";"4";"N - Bireysel";"CUSTOMER_TYPE_MISMATCH"
"49256";"331530";"01-02-7195";"46855";"GM";"7";"GM - Grup Üyesi";"4";"N - Bireysel";"CUSTOMER_TYPE_MISMATCH"
"49260";"331778";"01-05-7797";"50858";"GM";"7";"GM - Grup Üyesi";"4";"N - Bireysel";"CUSTOMER_TYPE_MISMATCH"
"49263";"331902";"01-06-0196";"51034";"GM";"7";"GM - Grup Üyesi";"4";"N - Bireysel";"CUSTOMER_TYPE_MISMATCH"
"49264";"331916";"01-05-6870";"51075";"GM";"7";"GM - Grup Üyesi";"4";"N - Bireysel";"CUSTOMER_TYPE_MISMATCH"
"49267";"331997";"01-05-9927";"51053";"GM";"7";"GM - Grup Üyesi";"4";"N - Bireysel";"CUSTOMER_TYPE_MISMATCH"
"621";"1960";"01-01-1135";"17274";"GM";"7";"GM - Grup Üyesi";"4";"N - Bireysel";"CUSTOMER_TYPE_MISMATCH"
"778";"1813";"01-01-1663";"18027";"GM";"7";"GM - Grup Üyesi";"4";"N - Bireysel";"CUSTOMER_TYPE_MISMATCH"
"11615";"33880";;;"G";"5";"G - Grup/Kurumsal";;;"SUBSCRIBER_BLANK"
"11616";"33883";;;"G";"5";"G - Grup/Kurumsal";;;"SUBSCRIBER_BLANK"
"11617";"33906";;;"G";"5";"G - Grup/Kurumsal";;;"SUBSCRIBER_BLANK"
"11618";"33936";;;"G";"5";"G - Grup/Kurumsal";;;"SUBSCRIBER_BLANK"
"11621";"33949";;;"G";"5";"G - Grup/Kurumsal";;;"SUBSCRIBER_BLANK"
"11622";"33930";;;"G";"5";"G - Grup/Kurumsal";;;"SUBSCRIBER_BLANK"
"11623";"33929";;;"G";"5";"G - Grup/Kurumsal";;;"SUBSCRIBER_BLANK"
"11624";"33907";;;"G";"5";"G - Grup/Kurumsal";;;"SUBSCRIBER_BLANK"
"11625";"33951";;;"G";"5";"G - Grup/Kurumsal";;;"SUBSCRIBER_BLANK"
"11626";"33818";;;"G";"5";"G - Grup/Kurumsal";;;"SUBSCRIBER_BLANK"
"11627";"33925";;;"G";"5";"G - Grup/Kurumsal";;;"SUBSCRIBER_BLANK"
"11628";"33884";;;"G";"5";"G - Grup/Kurumsal";;;"SUBSCRIBER_BLANK"
"11629";"33943";;;"G";"5";"G - Grup/Kurumsal";;;"SUBSCRIBER_BLANK"
"11630";"33815";;;"G";"5";"G - Grup/Kurumsal";;;"SUBSCRIBER_BLANK"
"11631";"33896";;;"G";"5";"G - Grup/Kurumsal";;;"SUBSCRIBER_BLANK"
"11632";"33918";;;"G";"5";"G - Grup/Kurumsal";;;"SUBSCRIBER_BLANK"
"11633";"33841";;;"G";"5";"G - Grup/Kurumsal";;;"SUBSCRIBER_BLANK"
"11634";"33891";;;"G";"5";"G - Grup/Kurumsal";;;"SUBSCRIBER_BLANK"
"11636";"33945";;;"G";"5";"G - Grup/Kurumsal";;;"SUBSCRIBER_BLANK"
"11637";"33909";;;"G";"5";"G - Grup/Kurumsal";;;"SUBSCRIBER_BLANK"
"11638";"33890";;;"G";"5";"G - Grup/Kurumsal";;;"SUBSCRIBER_BLANK"
"11639";"33826";;;"G";"5";"G - Grup/Kurumsal";;;"SUBSCRIBER_BLANK"
"11640";"33888";;;"G";"5";"G - Grup/Kurumsal";;;"SUBSCRIBER_BLANK"
"11641";"33910";;;"G";"5";"G - Grup/Kurumsal";;;"SUBSCRIBER_BLANK"
"11642";"33950";;;"G";"5";"G - Grup/Kurumsal";;;"SUBSCRIBER_BLANK"
"11643";"33842";;;"G";"5";"G - Grup/Kurumsal";;;"SUBSCRIBER_BLANK"
"11644";"33821";;;"G";"5";"G - Grup/Kurumsal";;;"SUBSCRIBER_BLANK"
"11645";"33819";;;"G";"5";"G - Grup/Kurumsal";;;"SUBSCRIBER_BLANK"
"11646";"33947";;;"G";"5";"G - Grup/Kurumsal";;;"SUBSCRIBER_BLANK"
"11647";"33931";;;"G";"5";"G - Grup/Kurumsal";;;"SUBSCRIBER_BLANK"
"11648";"33948";;;"G";"5";"G - Grup/Kurumsal";;;"SUBSCRIBER_BLANK"
"11649";"33840";;;"G";"5";"G - Grup/Kurumsal";;;"SUBSCRIBER_BLANK"
"11651";"33834";;;"G";"5";"G - Grup/Kurumsal";;;"SUBSCRIBER_BLANK"
"11652";"33898";;;"G";"5";"G - Grup/Kurumsal";;;"SUBSCRIBER_BLANK"
"11653";"33855";;;"G";"5";"G - Grup/Kurumsal";;;"SUBSCRIBER_BLANK"
"11654";"33919";;;"G";"5";"G - Grup/Kurumsal";;;"SUBSCRIBER_BLANK"
"11655";"33857";;;"G";"5";"G - Grup/Kurumsal";;;"SUBSCRIBER_BLANK"
"11656";"33828";;;"G";"5";"G - Grup/Kurumsal";;;"SUBSCRIBER_BLANK"
"11657";"33899";;;"G";"5";"G - Grup/Kurumsal";;;"SUBSCRIBER_BLANK"
"11658";"33866";;;"G";"5";"G - Grup/Kurumsal";;;"SUBSCRIBER_BLANK"
"11660";"33911";;;"G";"5";"G - Grup/Kurumsal";;;"SUBSCRIBER_BLANK"
"11661";"33829";;;"G";"5";"G - Grup/Kurumsal";;;"SUBSCRIBER_BLANK"
"11662";"33913";;;"G";"5";"G - Grup/Kurumsal";;;"SUBSCRIBER_BLANK"
"11663";"33934";;;"G";"5";"G - Grup/Kurumsal";;;"SUBSCRIBER_BLANK"
"11664";"33858";;;"G";"5";"G - Grup/Kurumsal";;;"SUBSCRIBER_BLANK"
"11665";"33923";;;"G";"5";"G - Grup/Kurumsal";;;"SUBSCRIBER_BLANK"
"11666";"33869";;;"G";"5";"G - Grup/Kurumsal";;;"SUBSCRIBER_BLANK"
"11667";"33908";;;"G";"5";"G - Grup/Kurumsal";;;"SUBSCRIBER_BLANK"
"11669";"33885";;;"G";"5";"G - Grup/Kurumsal";;;"SUBSCRIBER_BLANK"
"11670";"33917";;;"G";"5";"G - Grup/Kurumsal";;;"SUBSCRIBER_BLANK"
"11671";"33946";;;"G";"5";"G - Grup/Kurumsal";;;"SUBSCRIBER_BLANK"
"11709";"38022";;;"GM";"7";"GM - Grup Üyesi";;;"SUBSCRIBER_BLANK"
"12625";"42636";;;"G";"5";"G - Grup/Kurumsal";;;"SUBSCRIBER_BLANK"
"22837";"33824";;;"G";"5";"G - Grup/Kurumsal";;;"SUBSCRIBER_BLANK"
"24977";"62903";;;"N";"4";"N - Bireysel";;;"SUBSCRIBER_BLANK"
"25166";"70327";;;"G";"5";"G - Grup/Kurumsal";;;"SUBSCRIBER_BLANK"
"26454";"33924";;;"G";"5";"G - Grup/Kurumsal";;;"SUBSCRIBER_BLANK"
"26456";"33954";;;"G";"5";"G - Grup/Kurumsal";;;"SUBSCRIBER_BLANK"
"26501";"33952";;;"G";"5";"G - Grup/Kurumsal";;;"SUBSCRIBER_BLANK"
"28629";"33850";;;"G";"5";"G - Grup/Kurumsal";;;"SUBSCRIBER_BLANK"
"28657";"33886";;;"G";"5";"G - Grup/Kurumsal";;;"SUBSCRIBER_BLANK"
"28672";"82538";;;"G";"5";"G - Grup/Kurumsal";;;"SUBSCRIBER_BLANK"
"28696";"33850";;;"G";"5";"G - Grup/Kurumsal";;;"SUBSCRIBER_BLANK"
"28728";"33953";;;"G";"5";"G - Grup/Kurumsal";;;"SUBSCRIBER_BLANK"
"28844";"87906";;;"G";"5";"G - Grup/Kurumsal";;;"SUBSCRIBER_BLANK"
"28939";"33926";;;"G";"5";"G - Grup/Kurumsal";;;"SUBSCRIBER_BLANK"
"3";"2564";;;"N";"4";"N - Bireysel";;;"SUBSCRIBER_BLANK"
"44111";"132762";;;"G";"5";"G - Grup/Kurumsal";;;"SUBSCRIBER_BLANK"
"44118";"132938";;;"G";"5";"G - Grup/Kurumsal";;;"SUBSCRIBER_BLANK"
"44129";"133051";;;"G";"5";"G - Grup/Kurumsal";;;"SUBSCRIBER_BLANK"
"44130";"132924";;;"G";"5";"G - Grup/Kurumsal";;;"SUBSCRIBER_BLANK"
"44131";"132983";;;"G";"5";"G - Grup/Kurumsal";;;"SUBSCRIBER_BLANK"
"44132";"132993";;;"G";"5";"G - Grup/Kurumsal";;;"SUBSCRIBER_BLANK"
"44133";"133002";;;"G";"5";"G - Grup/Kurumsal";;;"SUBSCRIBER_BLANK"
"44134";"133013";;;"G";"5";"G - Grup/Kurumsal";;;"SUBSCRIBER_BLANK"
"44135";"133034";;;"G";"5";"G - Grup/Kurumsal";;;"SUBSCRIBER_BLANK"
"44136";"133022";;;"G";"5";"G - Grup/Kurumsal";;;"SUBSCRIBER_BLANK"
"44137";"133043";;;"G";"5";"G - Grup/Kurumsal";;;"SUBSCRIBER_BLANK"
"44138";"133059";;;"G";"5";"G - Grup/Kurumsal";;;"SUBSCRIBER_BLANK"
"44139";"133096";;;"G";"5";"G - Grup/Kurumsal";;;"SUBSCRIBER_BLANK"
"44140";"133103";;;"G";"5";"G - Grup/Kurumsal";;;"SUBSCRIBER_BLANK"
"44141";"133110";;;"G";"5";"G - Grup/Kurumsal";;;"SUBSCRIBER_BLANK"
"44142";"133117";;;"G";"5";"G - Grup/Kurumsal";;;"SUBSCRIBER_BLANK"
"44143";"133125";;;"G";"5";"G - Grup/Kurumsal";;;"SUBSCRIBER_BLANK"
"44144";"133133";;;"G";"5";"G - Grup/Kurumsal";;;"SUBSCRIBER_BLANK"
"44145";"133140";;;"G";"5";"G - Grup/Kurumsal";;;"SUBSCRIBER_BLANK"
"44146";"133147";;;"G";"5";"G - Grup/Kurumsal";;;"SUBSCRIBER_BLANK"
"44147";"133154";;;"G";"5";"G - Grup/Kurumsal";;;"SUBSCRIBER_BLANK"
"44148";"133161";;;"G";"5";"G - Grup/Kurumsal";;;"SUBSCRIBER_BLANK"
"44149";"133168";;;"G";"5";"G - Grup/Kurumsal";;;"SUBSCRIBER_BLANK"
"44150";"133175";;;"G";"5";"G - Grup/Kurumsal";;;"SUBSCRIBER_BLANK"
"44151";"133182";;;"G";"5";"G - Grup/Kurumsal";;;"SUBSCRIBER_BLANK"
"44152";"133189";;;"G";"5";"G - Grup/Kurumsal";;;"SUBSCRIBER_BLANK"
"44153";"133197";;;"G";"5";"G - Grup/Kurumsal";;;"SUBSCRIBER_BLANK"
"44154";"133206";;;"G";"5";"G - Grup/Kurumsal";;;"SUBSCRIBER_BLANK"
"44155";"133214";;;"G";"5";"G - Grup/Kurumsal";;;"SUBSCRIBER_BLANK"
"44156";"133226";;;"G";"5";"G - Grup/Kurumsal";;;"SUBSCRIBER_BLANK"
"44157";"133235";;;"G";"5";"G - Grup/Kurumsal";;;"SUBSCRIBER_BLANK"
"44245";"133243";;;"G";"5";"G - Grup/Kurumsal";;;"SUBSCRIBER_BLANK"
"44246";"133251";;;"G";"5";"G - Grup/Kurumsal";;;"SUBSCRIBER_BLANK"
"44247";"133258";;;"G";"5";"G - Grup/Kurumsal";;;"SUBSCRIBER_BLANK"
"44248";"133266";;;"G";"5";"G - Grup/Kurumsal";;;"SUBSCRIBER_BLANK"
"44249";"133279";;;"G";"5";"G - Grup/Kurumsal";;;"SUBSCRIBER_BLANK"
"44250";"133286";;;"G";"5";"G - Grup/Kurumsal";;;"SUBSCRIBER_BLANK"
"44251";"133293";;;"G";"5";"G - Grup/Kurumsal";;;"SUBSCRIBER_BLANK"
"44252";"133300";;;"G";"5";"G - Grup/Kurumsal";;;"SUBSCRIBER_BLANK"
"44253";"133307";;;"G";"5";"G - Grup/Kurumsal";;;"SUBSCRIBER_BLANK"
"44254";"133315";;;"G";"5";"G - Grup/Kurumsal";;;"SUBSCRIBER_BLANK"
"44255";"133322";;;"G";"5";"G - Grup/Kurumsal";;;"SUBSCRIBER_BLANK"
"44256";"133329";;;"G";"5";"G - Grup/Kurumsal";;;"SUBSCRIBER_BLANK"
"44257";"133336";;;"G";"5";"G - Grup/Kurumsal";;;"SUBSCRIBER_BLANK"
"44258";"133344";;;"G";"5";"G - Grup/Kurumsal";;;"SUBSCRIBER_BLANK"
"44259";"133351";;;"G";"5";"G - Grup/Kurumsal";;;"SUBSCRIBER_BLANK"
"44260";"133365";;;"G";"5";"G - Grup/Kurumsal";;;"SUBSCRIBER_BLANK"
"44261";"133374";;;"G";"5";"G - Grup/Kurumsal";;;"SUBSCRIBER_BLANK"
"44262";"133382";;;"G";"5";"G - Grup/Kurumsal";;;"SUBSCRIBER_BLANK"
"44479";"146182";;;"N";"4";"N - Bireysel";;;"SUBSCRIBER_BLANK"
"44480";"146182";;;"N";"4";"N - Bireysel";;;"SUBSCRIBER_BLANK"
"46148";"219846";;;"N";"4";"N - Bireysel";;;"SUBSCRIBER_BLANK"
"47861";"250628";;;"G";"5";"G - Grup/Kurumsal";;;"SUBSCRIBER_BLANK"
"48035";"256980";;;"G";"5";"G - Grup/Kurumsal";;;"SUBSCRIBER_BLANK"
"48416";"281897";;;"N";"4";"N - Bireysel";;;"SUBSCRIBER_BLANK"
"48651";"33830";;;"G";"5";"G - Grup/Kurumsal";;;"SUBSCRIBER_BLANK"
"48654";"269162";;;"G";"5";"G - Grup/Kurumsal";;;"SUBSCRIBER_BLANK"
"48655";"287828";;;"G";"5";"G - Grup/Kurumsal";;;"SUBSCRIBER_BLANK"
"48656";"264900";;;"G";"5";"G - Grup/Kurumsal";;;"SUBSCRIBER_BLANK"
"48666";"295156";;;"G";"5";"G - Grup/Kurumsal";;;"SUBSCRIBER_BLANK"
"48762";"33897";;;"G";"5";"G - Grup/Kurumsal";;;"SUBSCRIBER_BLANK"
"48846";"128475";;;"G";"5";"G - Grup/Kurumsal";;;"SUBSCRIBER_BLANK"
"48847";"128475";;;"G";"5";"G - Grup/Kurumsal";;;"SUBSCRIBER_BLANK"
"49001";"315975";;;"G";"5";"G - Grup/Kurumsal";;;"SUBSCRIBER_BLANK"
"49010";"316900";;;"G";"5";"G - Grup/Kurumsal";;;"SUBSCRIBER_BLANK"
"49042";"317800";;;"G";"5";"G - Grup/Kurumsal";;;"SUBSCRIBER_BLANK"
"49055";"318481";;;"G";"5";"G - Grup/Kurumsal";;;"SUBSCRIBER_BLANK"
"49183";"113223";;;"G";"5";"G - Grup/Kurumsal";;;"SUBSCRIBER_BLANK"
"561";"2023";;;"GM";"7";"GM - Grup Üyesi";;;"SUBSCRIBER_BLANK"
"1027";"1436";"01-02-2400";;"N";"4";"N - Bireysel";;;"SUBSCRIBER_SOURCE_DUPLICATE"
"11696";"35086";"01-01-1315";;"GM";"7";"GM - Grup Üyesi";;;"SUBSCRIBER_SOURCE_DUPLICATE"
"11706";"37374";"01-01-7937";;"N";"4";"N - Bireysel";;;"SUBSCRIBER_SOURCE_DUPLICATE"
"11778";"35274";"01-01-2145";;"GM";"7";"GM - Grup Üyesi";;;"SUBSCRIBER_SOURCE_DUPLICATE"
"11786";"38085";"01-01-9877";;"GM";"7";"GM - Grup Üyesi";;;"SUBSCRIBER_SOURCE_DUPLICATE"
"11789";"38093";"01-01-9890";;"GM";"7";"GM - Grup Üyesi";;;"SUBSCRIBER_SOURCE_DUPLICATE"
"11794";"38111";"01-01-9936";;"GM";"7";"GM - Grup Üyesi";;;"SUBSCRIBER_SOURCE_DUPLICATE"
"11803";"36411";"01-01-5305";;"GM";"7";"GM - Grup Üyesi";;;"SUBSCRIBER_SOURCE_DUPLICATE"
"11815";"34004";"01-01-3519";;"GM";"7";"GM - Grup Üyesi";;;"SUBSCRIBER_SOURCE_DUPLICATE"
"11852";"37901";"01-01-9372";;"N";"4";"N - Bireysel";;;"SUBSCRIBER_SOURCE_DUPLICATE"
"11892";"35140";"01-01-1678";;"GM";"7";"GM - Grup Üyesi";;;"SUBSCRIBER_SOURCE_DUPLICATE"
"119";"2343";"01-05-0386";;"N";"4";"N - Bireysel";;;"SUBSCRIBER_SOURCE_DUPLICATE"
"12153";"37692";"01-06-8730";;"GM";"7";"GM - Grup Üyesi";;;"SUBSCRIBER_SOURCE_DUPLICATE"
"12202";"37810";"01-01-9087";;"N";"4";"N - Bireysel";;;"SUBSCRIBER_SOURCE_DUPLICATE"
"1223";"1394";"01-02-2520";;"N";"4";"N - Bireysel";;;"SUBSCRIBER_SOURCE_DUPLICATE"
"1341";"797";"01-06-4880";;"N";"4";"N - Bireysel";;;"SUBSCRIBER_SOURCE_DUPLICATE"
"1438";"1241";"01-02-2869";;"N";"4";"N - Bireysel";;;"SUBSCRIBER_SOURCE_DUPLICATE"
"1497";"1181";"01-02-2990";;"N";"4";"N - Bireysel";;;"SUBSCRIBER_SOURCE_DUPLICATE"
"15771";"924";"01-05-4122";;"N";"4";"N - Bireysel";;;"SUBSCRIBER_SOURCE_DUPLICATE"
"15773";"1724";"01-05-1641";;"N";"4";"N - Bireysel";;;"SUBSCRIBER_SOURCE_DUPLICATE"
"1670";"2516";"01-01-3903";;"N";"4";"N - Bireysel";;;"SUBSCRIBER_SOURCE_DUPLICATE"
"1723";"924";"01-05-4122";;"N";"4";"N - Bireysel";;;"SUBSCRIBER_SOURCE_DUPLICATE"
"1751";"897";"01-05-4277";;"N";"4";"N - Bireysel";;;"SUBSCRIBER_SOURCE_DUPLICATE"
"1784";"866";"01-05-4564";;"N";"4";"N - Bireysel";;;"SUBSCRIBER_SOURCE_DUPLICATE"
"1794";"859";"01-05-4602";;"N";"4";"N - Bireysel";;;"SUBSCRIBER_SOURCE_DUPLICATE"
"2158";"479";"01-05-6468";;"N";"4";"N - Bireysel";;;"SUBSCRIBER_SOURCE_DUPLICATE"
"22908";"59671";"01-01-1315";;"GM";"7";"GM - Grup Üyesi";;;"SUBSCRIBER_SOURCE_DUPLICATE"
"2363";"306";"01-02-7853";;"N";"4";"N - Bireysel";;;"SUBSCRIBER_SOURCE_DUPLICATE"
"2380";"290";"01-02-7964";;"N";"4";"N - Bireysel";;;"SUBSCRIBER_SOURCE_DUPLICATE"
"2395";"280";"01-01-8039";;"GM";"7";"GM - Grup Üyesi";;;"SUBSCRIBER_SOURCE_DUPLICATE"
"24944";"2202";"01-05-0654";;"N";"4";"N - Bireysel";;;"SUBSCRIBER_SOURCE_DUPLICATE"
"25073";"66969";"01-05-1350";;"N";"4";"N - Bireysel";;;"SUBSCRIBER_SOURCE_DUPLICATE"
"25304";"70929";"01-01-4763";;"GM";"7";"GM - Grup Üyesi";;;"SUBSCRIBER_SOURCE_DUPLICATE"
"25343";"72654";"01-01-3424";;"GM";"7";"GM - Grup Üyesi";;;"SUBSCRIBER_SOURCE_DUPLICATE"
"25372";"218";"01-02-8535";;"N";"4";"N - Bireysel";;;"SUBSCRIBER_SOURCE_DUPLICATE"
"26441";"2548";"01-05-1388";;"N";"4";"N - Bireysel";;;"SUBSCRIBER_SOURCE_DUPLICATE"
"26509";"78608";"01-05-1401";;"N";"4";"N - Bireysel";;;"SUBSCRIBER_SOURCE_DUPLICATE"
"27557";"80934";"01-02-8036";;"N";"4";"N - Bireysel";;;"SUBSCRIBER_SOURCE_DUPLICATE"
"27559";"80639";"01-05-1410";;"N";"4";"N - Bireysel";;;"SUBSCRIBER_SOURCE_DUPLICATE"
"28603";"1436";"01-02-2400";;"N";"4";"N - Bireysel";;;"SUBSCRIBER_SOURCE_DUPLICATE"
"28680";"440";"01-02-6758";;"N";"4";"N - Bireysel";;;"SUBSCRIBER_SOURCE_DUPLICATE"
"28691";"290";"01-02-7964";;"N";"4";"N - Bireysel";;;"SUBSCRIBER_SOURCE_DUPLICATE"
"29035";"95263";"01-05-1463";;"N";"4";"N - Bireysel";;;"SUBSCRIBER_SOURCE_DUPLICATE"
"30079";"97061";"01-01-9491";;"GM";"7";"GM - Grup Üyesi";;;"SUBSCRIBER_SOURCE_DUPLICATE"
"30089";"1440";"01-02-2376";;"N";"4";"N - Bireysel";;;"SUBSCRIBER_SOURCE_DUPLICATE"
"30094";"637";"01-02-5574";;"N";"4";"N - Bireysel";;;"SUBSCRIBER_SOURCE_DUPLICATE"
"30111";"98335";"01-05-1488";;"N";"4";"N - Bireysel";;;"SUBSCRIBER_SOURCE_DUPLICATE"
"30113";"98257";"01-01-1498";;"N";"4";"N - Bireysel";;;"SUBSCRIBER_SOURCE_DUPLICATE"
"30135";"1484";"01-02-2296";;"N";"4";"N - Bireysel";;;"SUBSCRIBER_SOURCE_DUPLICATE"
"30148";"66969";"01-05-1350";;"N";"4";"N - Bireysel";;;"SUBSCRIBER_SOURCE_DUPLICATE"
"30164";"78608";"01-05-1401";;"N";"4";"N - Bireysel";;;"SUBSCRIBER_SOURCE_DUPLICATE"
"30209";"80639";"01-05-1410";;"N";"4";"N - Bireysel";;;"SUBSCRIBER_SOURCE_DUPLICATE"
"30213";"1436";"01-02-2400";;"N";"4";"N - Bireysel";;;"SUBSCRIBER_SOURCE_DUPLICATE"
"30218";"290";"01-02-7964";;"N";"4";"N - Bireysel";;;"SUBSCRIBER_SOURCE_DUPLICATE"
"30239";"2202";"01-05-0654";;"N";"4";"N - Bireysel";;;"SUBSCRIBER_SOURCE_DUPLICATE"
"30310";"100505";"01-02-1599";;"GM";"7";"GM - Grup Üyesi";;;"SUBSCRIBER_SOURCE_DUPLICATE"
"31386";"103026";"01-05-1515";;"N";"4";"N - Bireysel";;;"SUBSCRIBER_SOURCE_DUPLICATE"
"31387";"103026";"01-05-1515";;"N";"4";"N - Bireysel";;;"SUBSCRIBER_SOURCE_DUPLICATE"
"31400";"678";"01-02-5468";;"N";"4";"N - Bireysel";;;"SUBSCRIBER_SOURCE_DUPLICATE"
"31401";"678";"01-02-5468";;"N";"4";"N - Bireysel";;;"SUBSCRIBER_SOURCE_DUPLICATE"
"31408";"218";"01-02-8535";;"N";"4";"N - Bireysel";;;"SUBSCRIBER_SOURCE_DUPLICATE"
"31409";"218";"01-02-8535";;"N";"4";"N - Bireysel";;;"SUBSCRIBER_SOURCE_DUPLICATE"
"31417";"1445";"01-02-2366";;"N";"4";"N - Bireysel";;;"SUBSCRIBER_SOURCE_DUPLICATE"
"32620";"2490";"01-02-6483";;"N";"4";"N - Bireysel";;;"SUBSCRIBER_SOURCE_DUPLICATE"
"32621";"2490";"01-02-6483";;"N";"4";"N - Bireysel";;;"SUBSCRIBER_SOURCE_DUPLICATE"
"32715";"113681";"01-05-1584";;"N";"4";"N - Bireysel";;;"SUBSCRIBER_SOURCE_DUPLICATE"
"32716";"113681";"01-05-1584";;"N";"4";"N - Bireysel";;;"SUBSCRIBER_SOURCE_DUPLICATE"
"32727";"114014";"01-05-1586";;"N";"4";"N - Bireysel";;;"SUBSCRIBER_SOURCE_DUPLICATE"
"32728";"114014";"01-05-1586";;"N";"4";"N - Bireysel";;;"SUBSCRIBER_SOURCE_DUPLICATE"
"32793";"114895";"01-01-8455";;"GM";"7";"GM - Grup Üyesi";;;"SUBSCRIBER_SOURCE_DUPLICATE"
"32950";"2021";"01-02-1006";;"N";"4";"N - Bireysel";;;"SUBSCRIBER_SOURCE_DUPLICATE"
"32951";"2021";"01-02-1006";;"N";"4";"N - Bireysel";;;"SUBSCRIBER_SOURCE_DUPLICATE"
"32986";"119360";"01-01-9491";;"GM";"7";"GM - Grup Üyesi";;;"SUBSCRIBER_SOURCE_DUPLICATE"
"33012";"2218";"01-02-0622";;"N";"4";"N - Bireysel";;;"SUBSCRIBER_SOURCE_DUPLICATE"
"33013";"2218";"01-02-0622";;"N";"4";"N - Bireysel";;;"SUBSCRIBER_SOURCE_DUPLICATE"
"331";"2237";"01-01-0578";;"N";"4";"N - Bireysel";;;"SUBSCRIBER_SOURCE_DUPLICATE"
"33100";"120611";"01-01-0124";;"GM";"7";"GM - Grup Üyesi";;;"SUBSCRIBER_SOURCE_DUPLICATE"
"33124";"120702";"01-01-7648";;"GM";"7";"GM - Grup Üyesi";;;"SUBSCRIBER_SOURCE_DUPLICATE"
"33130";"120987";"01-01-0134";;"GM";"7";"GM - Grup Üyesi";;;"SUBSCRIBER_SOURCE_DUPLICATE"
"33148";"103721";"01-01-003301";;"N";"4";"N - Bireysel";;;"SUBSCRIBER_SOURCE_DUPLICATE"
"33183";"121327";"01-01-0228";;"GM";"7";"GM - Grup Üyesi";;;"SUBSCRIBER_SOURCE_DUPLICATE"
"33197";"627";"01-05-5590";;"N";"4";"N - Bireysel";;;"SUBSCRIBER_SOURCE_DUPLICATE"
"33198";"627";"01-05-5590";;"N";"4";"N - Bireysel";;;"SUBSCRIBER_SOURCE_DUPLICATE"
"33233";"1923";"01-02-1216";;"N";"4";"N - Bireysel";;;"SUBSCRIBER_SOURCE_DUPLICATE"
"33234";"1923";"01-02-1216";;"N";"4";"N - Bireysel";;;"SUBSCRIBER_SOURCE_DUPLICATE"
"33240";"122656";"01-01-0501";;"GM";"7";"GM - Grup Üyesi";;;"SUBSCRIBER_SOURCE_DUPLICATE"
"33252";"2062";"01-02-0926";;"N";"4";"N - Bireysel";;;"SUBSCRIBER_SOURCE_DUPLICATE"
"33253";"2062";"01-02-0926";;"N";"4";"N - Bireysel";;;"SUBSCRIBER_SOURCE_DUPLICATE"
"3599";"13498";"01-05-4508";;"N";"4";"N - Bireysel";;;"SUBSCRIBER_SOURCE_DUPLICATE"
"360";"2202";"01-05-0654";;"N";"4";"N - Bireysel";;;"SUBSCRIBER_SOURCE_DUPLICATE"
"40083";"38085";"01-01-9877";;"GM";"7";"GM - Grup Üyesi";;;"SUBSCRIBER_SOURCE_DUPLICATE"
"40086";"38093";"01-01-9890";;"GM";"7";"GM - Grup Üyesi";;;"SUBSCRIBER_SOURCE_DUPLICATE"
"41362";"38085";"01-01-9877";;"GM";"7";"GM - Grup Üyesi";;;"SUBSCRIBER_SOURCE_DUPLICATE"
"41365";"38093";"01-01-9890";;"GM";"7";"GM - Grup Üyesi";;;"SUBSCRIBER_SOURCE_DUPLICATE"
"43001";"126363";"01-02-4420";;"N";"4";"N - Bireysel";;;"SUBSCRIBER_SOURCE_DUPLICATE"
"43002";"126363";"01-02-4420";;"N";"4";"N - Bireysel";;;"SUBSCRIBER_SOURCE_DUPLICATE"
"43057";"130749";"01-01-2664";;"N";"4";"N - Bireysel";;;"SUBSCRIBER_SOURCE_DUPLICATE"
"43058";"130749";"01-01-2664";;"N";"4";"N - Bireysel";;;"SUBSCRIBER_SOURCE_DUPLICATE"
"44366";"2412";"01-02-0242";;"N";"4";"N - Bireysel";;;"SUBSCRIBER_SOURCE_DUPLICATE"
"44367";"2412";"01-02-0242";;"N";"4";"N - Bireysel";;;"SUBSCRIBER_SOURCE_DUPLICATE"
"44389";"139288";"01-05-1677";;"N";"4";"N - Bireysel";;;"SUBSCRIBER_SOURCE_DUPLICATE"
"44390";"139288";"01-05-1677";;"N";"4";"N - Bireysel";;;"SUBSCRIBER_SOURCE_DUPLICATE"
"44395";"475";"01-02-6507";;"N";"4";"N - Bireysel";;;"SUBSCRIBER_SOURCE_DUPLICATE"
"44396";"475";"01-02-6507";;"N";"4";"N - Bireysel";;;"SUBSCRIBER_SOURCE_DUPLICATE"
"44397";"139510";"01-05-1679";;"N";"4";"N - Bireysel";;;"SUBSCRIBER_SOURCE_DUPLICATE"
"44398";"139510";"01-05-1679";;"N";"4";"N - Bireysel";;;"SUBSCRIBER_SOURCE_DUPLICATE"
"44402";"139988";"01-01-1826";;"N";"4";"N - Bireysel";;;"SUBSCRIBER_SOURCE_DUPLICATE"
"44410";"1241";"01-02-2869";;"N";"4";"N - Bireysel";;;"SUBSCRIBER_SOURCE_DUPLICATE"
"44411";"1241";"01-02-2869";;"N";"4";"N - Bireysel";;;"SUBSCRIBER_SOURCE_DUPLICATE"
"44465";"86782";"01-01-1444";;"GM";"7";"GM - Grup Üyesi";;;"SUBSCRIBER_SOURCE_DUPLICATE"
"44473";"306";"01-02-7853";;"N";"4";"N - Bireysel";;;"SUBSCRIBER_SOURCE_DUPLICATE"
"44474";"306";"01-02-7853";;"N";"4";"N - Bireysel";;;"SUBSCRIBER_SOURCE_DUPLICATE"
"44499";"1280";"01-02-2765";;"N";"4";"N - Bireysel";;;"SUBSCRIBER_SOURCE_DUPLICATE"
"44503";"1282";"01-02-2763";;"N";"4";"N - Bireysel";;;"SUBSCRIBER_SOURCE_DUPLICATE"
"44544";"1280";"01-02-2765";;"N";"4";"N - Bireysel";;;"SUBSCRIBER_SOURCE_DUPLICATE"
"44546";"161871";"01-05-1708";;"N";"4";"N - Bireysel";;;"SUBSCRIBER_SOURCE_DUPLICATE"
"44547";"161871";"01-05-1708";;"N";"4";"N - Bireysel";;;"SUBSCRIBER_SOURCE_DUPLICATE"
"44553";"1282";"01-02-2763";;"N";"4";"N - Bireysel";;;"SUBSCRIBER_SOURCE_DUPLICATE"
"44556";"163435";"01-01-3788";;"N";"4";"N - Bireysel";;;"SUBSCRIBER_SOURCE_DUPLICATE"
"44557";"163435";"01-01-3788";;"N";"4";"N - Bireysel";;;"SUBSCRIBER_SOURCE_DUPLICATE"
"44586";"167439";"01-01-4109";;"GM";"7";"GM - Grup Üyesi";;;"SUBSCRIBER_SOURCE_DUPLICATE"
"44601";"166865";"01-05-3913";;"N";"4";"N - Bireysel";;;"SUBSCRIBER_SOURCE_DUPLICATE"
"44652";"343";"01-05-7321";;"N";"4";"N - Bireysel";;;"SUBSCRIBER_SOURCE_DUPLICATE"
"44684";"172820";"01-01-8039";;"GM";"7";"GM - Grup Üyesi";;;"SUBSCRIBER_SOURCE_DUPLICATE"
"44687";"1886";"01-05-1297";;"N";"4";"N - Bireysel";;;"SUBSCRIBER_SOURCE_DUPLICATE"
"44704";"173334";"01-05-8631";;"N";"4";"N - Bireysel";;;"SUBSCRIBER_SOURCE_DUPLICATE"
"44732";"176330";"01-01-9035";;"N";"4";"N - Bireysel";;;"SUBSCRIBER_SOURCE_DUPLICATE"
"44741";"178";"01-02-8864";;"N";"4";"N - Bireysel";;;"SUBSCRIBER_SOURCE_DUPLICATE"
"44787";"187666";"01-01-0519";;"GM";"7";"GM - Grup Üyesi";;;"SUBSCRIBER_SOURCE_DUPLICATE"
"44799";"866";"01-05-4564";;"N";"4";"N - Bireysel";;;"SUBSCRIBER_SOURCE_DUPLICATE"
"44812";"95263";"01-05-1463";;"N";"4";"N - Bireysel";;;"SUBSCRIBER_SOURCE_DUPLICATE"
"44818";"98257";"01-01-1498";;"N";"4";"N - Bireysel";;;"SUBSCRIBER_SOURCE_DUPLICATE"
"44819";"1440";"01-02-2376";;"N";"4";"N - Bireysel";;;"SUBSCRIBER_SOURCE_DUPLICATE"
"44829";"34908";"01-05-0187";;"N";"4";"N - Bireysel";;;"SUBSCRIBER_SOURCE_DUPLICATE"
"44830";"189144";"01-01-0396";;"N";"4";"N - Bireysel";;;"SUBSCRIBER_SOURCE_DUPLICATE"
"44831";"189446";"01-01-0502";;"GM";"7";"GM - Grup Üyesi";;;"SUBSCRIBER_SOURCE_DUPLICATE"
"44885";"190275";"01-01-2039";;"N";"4";"N - Bireysel";;;"SUBSCRIBER_SOURCE_DUPLICATE"
"45062";"199136";"01-01-8832";;"N";"4";"N - Bireysel";;;"SUBSCRIBER_SOURCE_DUPLICATE"
"45086";"126363";"01-02-4420";;"N";"4";"N - Bireysel";;;"SUBSCRIBER_SOURCE_DUPLICATE"
"45139";"2448";"01-02-9724";;"N";"4";"N - Bireysel";;;"SUBSCRIBER_SOURCE_DUPLICATE"
"45140";"2448";"01-02-9724";;"N";"4";"N - Bireysel";;;"SUBSCRIBER_SOURCE_DUPLICATE"
"45155";"80934";"01-02-8036";;"N";"4";"N - Bireysel";;;"SUBSCRIBER_SOURCE_DUPLICATE"
"45156";"80934";"01-02-8036";;"N";"4";"N - Bireysel";;;"SUBSCRIBER_SOURCE_DUPLICATE"
"45182";"207271";"01-05-1802";;"N";"4";"N - Bireysel";;;"SUBSCRIBER_SOURCE_DUPLICATE"
"45814";"35086";"01-01-1315";;"GM";"7";"GM - Grup Üyesi";;;"SUBSCRIBER_SOURCE_DUPLICATE"
"4594";"772";"01-01-4973";;"N";"4";"N - Bireysel";;;"SUBSCRIBER_SOURCE_DUPLICATE"
"46250";"220843";"01-05-9942";;"N";"4";"N - Bireysel";;;"SUBSCRIBER_SOURCE_DUPLICATE"
"46251";"220843";"01-05-9942";;"N";"4";"N - Bireysel";;;"SUBSCRIBER_SOURCE_DUPLICATE"
"46335";"216137";"01-05-1820";;"N";"4";"N - Bireysel";;;"SUBSCRIBER_SOURCE_DUPLICATE"
"46336";"216137";"01-05-1820";;"N";"4";"N - Bireysel";;;"SUBSCRIBER_SOURCE_DUPLICATE"
"46374";"190";"01-05-8787";;"N";"4";"N - Bireysel";;;"SUBSCRIBER_SOURCE_DUPLICATE"
"46422";"225688";"01-05-4478";;"N";"4";"N - Bireysel";;;"SUBSCRIBER_SOURCE_DUPLICATE"
"46423";"225688";"01-05-4478";;"N";"4";"N - Bireysel";;;"SUBSCRIBER_SOURCE_DUPLICATE"
"46441";"221205";"01-05-1832";;"N";"4";"N - Bireysel";;;"SUBSCRIBER_SOURCE_DUPLICATE"
"46448";"226328";"01-01-4541";;"N";"4";"N - Bireysel";;;"SUBSCRIBER_SOURCE_DUPLICATE"
"46449";"226328";"01-01-4541";;"N";"4";"N - Bireysel";;;"SUBSCRIBER_SOURCE_DUPLICATE"
"46458";"227254";"01-01-5187";;"GM";"7";"GM - Grup Üyesi";;;"SUBSCRIBER_SOURCE_DUPLICATE"
"46466";"228022";"01-01-7040";;"N";"4";"N - Bireysel";;;"SUBSCRIBER_SOURCE_DUPLICATE"
"46467";"228022";"01-01-7040";;"N";"4";"N - Bireysel";;;"SUBSCRIBER_SOURCE_DUPLICATE"
"46506";"173334";"01-05-8631";;"N";"4";"N - Bireysel";;;"SUBSCRIBER_SOURCE_DUPLICATE"
"46507";"173334";"01-05-8631";;"N";"4";"N - Bireysel";;;"SUBSCRIBER_SOURCE_DUPLICATE"
"46556";"859";"01-05-4602";;"N";"4";"N - Bireysel";;;"SUBSCRIBER_SOURCE_DUPLICATE"
"46557";"859";"01-05-4602";;"N";"4";"N - Bireysel";;;"SUBSCRIBER_SOURCE_DUPLICATE"
"46654";"897";"01-05-4277";;"N";"4";"N - Bireysel";;;"SUBSCRIBER_SOURCE_DUPLICATE"
"46655";"897";"01-05-4277";;"N";"4";"N - Bireysel";;;"SUBSCRIBER_SOURCE_DUPLICATE"
"470";"2108";"01-05-0842";;"N";"4";"N - Bireysel";;;"SUBSCRIBER_SOURCE_DUPLICATE"
"47702";"627";"01-05-5590";;"N";"4";"N - Bireysel";;;"SUBSCRIBER_SOURCE_DUPLICATE"
"47703";"627";"01-05-5590";;"N";"4";"N - Bireysel";;;"SUBSCRIBER_SOURCE_DUPLICATE"
"47706";"33136";"01-05-1252";;"N";"4";"N - Bireysel";;;"SUBSCRIBER_SOURCE_DUPLICATE"
"47731";"1342";"01-01-2620";;"N";"4";"N - Bireysel";;;"SUBSCRIBER_SOURCE_DUPLICATE"
"47837";"244332";"01-01-8540";;"N";"4";"N - Bireysel";;;"SUBSCRIBER_SOURCE_DUPLICATE"
"47858";"244464";"01-01-2444";;"GM";"7";"GM - Grup Üyesi";;;"SUBSCRIBER_SOURCE_DUPLICATE"
"47996";"255678";"01-01-3390";;"N";"4";"N - Bireysel";;;"SUBSCRIBER_SOURCE_DUPLICATE"
"47997";"255678";"01-01-3390";;"N";"4";"N - Bireysel";;;"SUBSCRIBER_SOURCE_DUPLICATE"
"48036";"257006";"01-05-4013";;"N";"4";"N - Bireysel";;;"SUBSCRIBER_SOURCE_DUPLICATE"
"48037";"257006";"01-05-4013";;"N";"4";"N - Bireysel";;;"SUBSCRIBER_SOURCE_DUPLICATE"
"48040";"257235";"01-05-4016";;"N";"4";"N - Bireysel";;;"SUBSCRIBER_SOURCE_DUPLICATE"
"48041";"257235";"01-05-4016";;"N";"4";"N - Bireysel";;;"SUBSCRIBER_SOURCE_DUPLICATE"
"48051";"226328";"01-01-4541";;"N";"4";"N - Bireysel";;;"SUBSCRIBER_SOURCE_DUPLICATE"
"48052";"226328";"01-01-4541";;"N";"4";"N - Bireysel";;;"SUBSCRIBER_SOURCE_DUPLICATE"
"48069";"258477";"01-05-3154";;"N";"4";"N - Bireysel";;;"SUBSCRIBER_SOURCE_DUPLICATE"
"48070";"258477";"01-05-3154";;"N";"4";"N - Bireysel";;;"SUBSCRIBER_SOURCE_DUPLICATE"
"48104";"161871";"01-05-1708";;"N";"4";"N - Bireysel";;;"SUBSCRIBER_SOURCE_DUPLICATE"
"48138";"262539";"01-05-3182";;"N";"4";"N - Bireysel";;;"SUBSCRIBER_SOURCE_DUPLICATE"
"48139";"262539";"01-05-3182";;"N";"4";"N - Bireysel";;;"SUBSCRIBER_SOURCE_DUPLICATE"
"48223";"267883";"01-01-9602";;"N";"4";"N - Bireysel";;;"SUBSCRIBER_SOURCE_DUPLICATE"
"48224";"267883";"01-01-9602";;"N";"4";"N - Bireysel";;;"SUBSCRIBER_SOURCE_DUPLICATE"
"48273";"272639";"01-01-4023";;"N";"4";"N - Bireysel";;;"SUBSCRIBER_SOURCE_DUPLICATE"
"48274";"272639";"01-01-4023";;"N";"4";"N - Bireysel";;;"SUBSCRIBER_SOURCE_DUPLICATE"
"48368";"276130";"01-01-0033";;"N";"4";"N - Bireysel";;;"SUBSCRIBER_SOURCE_DUPLICATE"
"48369";"276130";"01-01-0033";;"N";"4";"N - Bireysel";;;"SUBSCRIBER_SOURCE_DUPLICATE"
"48397";"280635";"01-05-4025";;"N";"4";"N - Bireysel";;;"SUBSCRIBER_SOURCE_DUPLICATE"
"48398";"280635";"01-05-4025";;"N";"4";"N - Bireysel";;;"SUBSCRIBER_SOURCE_DUPLICATE"
"48415";"281792";"01-01-6675";;"N";"4";"N - Bireysel";;;"SUBSCRIBER_SOURCE_DUPLICATE"
"48424";"281050";"01-01-6794";;"N";"4";"N - Bireysel";;;"SUBSCRIBER_SOURCE_DUPLICATE"
"48425";"281050";"01-01-6794";;"N";"4";"N - Bireysel";;;"SUBSCRIBER_SOURCE_DUPLICATE"
"48465";"228022";"01-01-7040";;"N";"4";"N - Bireysel";;;"SUBSCRIBER_SOURCE_DUPLICATE"
"48466";"228022";"01-01-7040";;"N";"4";"N - Bireysel";;;"SUBSCRIBER_SOURCE_DUPLICATE"
"48478";"276138";"01-01-0090";;"N";"4";"N - Bireysel";;;"SUBSCRIBER_SOURCE_DUPLICATE"
"48479";"276138";"01-01-0090";;"N";"4";"N - Bireysel";;;"SUBSCRIBER_SOURCE_DUPLICATE"
"48480";"286476";"01-01-7038";;"N";"4";"N - Bireysel";;;"SUBSCRIBER_SOURCE_DUPLICATE"
"48481";"286476";"01-01-7038";;"N";"4";"N - Bireysel";;;"SUBSCRIBER_SOURCE_DUPLICATE"
"48510";"287911";"01-01-7367";;"N";"4";"N - Bireysel";;;"SUBSCRIBER_SOURCE_DUPLICATE"
"48511";"287911";"01-01-7367";;"N";"4";"N - Bireysel";;;"SUBSCRIBER_SOURCE_DUPLICATE"
"48527";"288432";"01-01-6840";;"N";"4";"N - Bireysel";;;"SUBSCRIBER_SOURCE_DUPLICATE"
"48528";"288432";"01-01-6840";;"N";"4";"N - Bireysel";;;"SUBSCRIBER_SOURCE_DUPLICATE"
"48543";"98335";"01-05-1488";;"N";"4";"N - Bireysel";;;"SUBSCRIBER_SOURCE_DUPLICATE"
"48553";"288945";"01-01-6897";;"N";"4";"N - Bireysel";;;"SUBSCRIBER_SOURCE_DUPLICATE"
"48560";"290203";"01-01-7166";;"N";"4";"N - Bireysel";;;"SUBSCRIBER_SOURCE_DUPLICATE"
"48561";"290203";"01-01-7166";;"N";"4";"N - Bireysel";;;"SUBSCRIBER_SOURCE_DUPLICATE"
"48570";"924";"01-05-4122";;"N";"4";"N - Bireysel";;;"SUBSCRIBER_SOURCE_DUPLICATE"
"48571";"290540";"01-01-7392";;"N";"4";"N - Bireysel";;;"SUBSCRIBER_SOURCE_DUPLICATE"
"48572";"290540";"01-01-7392";;"N";"4";"N - Bireysel";;;"SUBSCRIBER_SOURCE_DUPLICATE"
"48579";"288945";"01-01-6897";;"N";"4";"N - Bireysel";;;"SUBSCRIBER_SOURCE_DUPLICATE"
"48622";"292994";"01-06-8730";;"GM";"7";"GM - Grup Üyesi";;;"SUBSCRIBER_SOURCE_DUPLICATE"
"48733";"299858";"01-01-7452";;"N";"4";"N - Bireysel";;;"SUBSCRIBER_SOURCE_DUPLICATE"
"48734";"299858";"01-01-7452";;"N";"4";"N - Bireysel";;;"SUBSCRIBER_SOURCE_DUPLICATE"
"48755";"13498";"01-05-4508";;"N";"4";"N - Bireysel";;;"SUBSCRIBER_SOURCE_DUPLICATE"
"48875";"166865";"01-05-3913";;"N";"4";"N - Bireysel";;;"SUBSCRIBER_SOURCE_DUPLICATE"
"48886";"306110";"01-01-7131";;"N";"4";"N - Bireysel";;;"SUBSCRIBER_SOURCE_DUPLICATE"
"48887";"306110";"01-01-7131";;"N";"4";"N - Bireysel";;;"SUBSCRIBER_SOURCE_DUPLICATE"
"48922";"216137";"01-05-1820";;"N";"4";"N - Bireysel";;;"SUBSCRIBER_SOURCE_DUPLICATE"
"48923";"216137";"01-05-1820";;"N";"4";"N - Bireysel";;;"SUBSCRIBER_SOURCE_DUPLICATE"
"48927";"308771";"01-01-0140";;"GM";"7";"GM - Grup Üyesi";;;"SUBSCRIBER_SOURCE_DUPLICATE"
"48935";"866";"01-05-4564";;"N";"4";"N - Bireysel";;;"SUBSCRIBER_SOURCE_DUPLICATE"
"48936";"866";"01-05-4564";;"N";"4";"N - Bireysel";;;"SUBSCRIBER_SOURCE_DUPLICATE"
"48945";"310268";"01-05-0157";;"N";"4";"N - Bireysel";;;"SUBSCRIBER_SOURCE_DUPLICATE"
"48946";"310268";"01-05-0157";;"N";"4";"N - Bireysel";;;"SUBSCRIBER_SOURCE_DUPLICATE"
"48990";"34908";"01-05-0187";;"N";"4";"N - Bireysel";;;"SUBSCRIBER_SOURCE_DUPLICATE"
"49004";"206376";"01-01-5565";;"GM";"7";"GM - Grup Üyesi";;;"SUBSCRIBER_SOURCE_DUPLICATE"
"49011";"108937";"01-01-1678";;"GM";"7";"GM - Grup Üyesi";;;"SUBSCRIBER_SOURCE_DUPLICATE"
"49076";"319851";"01-01-0393";;"GM";"7";"GM - Grup Üyesi";;;"SUBSCRIBER_SOURCE_DUPLICATE"
"49081";"319964";"01-01-0482";;"N";"4";"N - Bireysel";;;"SUBSCRIBER_SOURCE_DUPLICATE"
"49082";"319964";"01-01-0482";;"N";"4";"N - Bireysel";;;"SUBSCRIBER_SOURCE_DUPLICATE"
"49088";"320456";"01-01-0501";;"N";"4";"N - Bireysel";;;"SUBSCRIBER_SOURCE_DUPLICATE"
"49089";"320456";"01-01-0501";;"N";"4";"N - Bireysel";;;"SUBSCRIBER_SOURCE_DUPLICATE"
"49098";"321333";"01-01-0124";;"GM";"7";"GM - Grup Üyesi";;;"SUBSCRIBER_SOURCE_DUPLICATE"
"49141";"323517";"01-01-7937";;"GM";"7";"GM - Grup Üyesi";;;"SUBSCRIBER_SOURCE_DUPLICATE"
"49214";"190096";"01-02-8864";;"N";"4";"N - Bireysel";;;"SUBSCRIBER_SOURCE_DUPLICATE"
"49251";"331266";"01-01-9964";;"N";"4";"N - Bireysel";;;"SUBSCRIBER_SOURCE_DUPLICATE"
"49270";"332416";"01-01-2145";;"N";"4";"N - Bireysel";;;"SUBSCRIBER_SOURCE_DUPLICATE"
"49271";"332417";"01-01-9936";;"N";"4";"N - Bireysel";;;"SUBSCRIBER_SOURCE_DUPLICATE"
"49284";"333266";"01-01-9877";;"N";"4";"N - Bireysel";;;"SUBSCRIBER_SOURCE_DUPLICATE"
"518";"2062";"01-02-0926";;"N";"4";"N - Bireysel";;;"SUBSCRIBER_SOURCE_DUPLICATE"
"563";"2021";"01-02-1006";;"N";"4";"N - Bireysel";;;"SUBSCRIBER_SOURCE_DUPLICATE"
"596";"1988";"01-01-2236";;"N";"4";"N - Bireysel";;;"SUBSCRIBER_SOURCE_DUPLICATE"
"847";"1749";"01-05-1574";;"N";"4";"N - Bireysel";;;"SUBSCRIBER_SOURCE_DUPLICATE"
"895";"1706";"01-06-1681";;"N";"4";"N - Bireysel";;;"SUBSCRIBER_SOURCE_DUPLICATE"
"9616";"33136";"01-05-1252";;"N";"4";"N - Bireysel";;;"SUBSCRIBER_SOURCE_DUPLICATE"
