ContractID;SubscriptionStatusID;StageStatus
----------;--------------------;-----------
2;13;2
3;13;2
5;13;3
6;13;5
7;13;5
8;13;5
9;13;5
10;13;5
11;13;2
12;12;3
13;13;5
14;13;2
15;12;3
17;13;2
18;13;2
19;13;2
20;12;3
21;13;5
22;13;5
23;13;5
24;13;5
25;13;2
26;13;5
27;12;2
28;13;2
29;12;5
30;13;2
31;13;3
32;13;2
33;12;5
34;13;2
35;13;2
36;12;5
37;13;5
38;12;5
39;12;5
40;12;5
41;12;3
42;12;5
43;13;5
44;13;5
45;12;2
46;12;3
47;13;5
48;13;5
49;12;5
50;13;2
51;13;3
52;13;5
53;12;2
54;13;3
55;12;3
56;12;2
57;13;5
58;13;2
59;13;2
60;13;5
61;13;3
62;13;5
63;13;5
64;13;5
65;13;3
66;13;3
67;13;5
68;13;2
69;13;3
70;12;3
71;13;5
72;13;5
73;12;5
74;13;5
75;13;5
76;13;5
77;12;5
78;12;5
79;13;3
80;13;3
81;13;5
82;12;5
83;13;3
84;13;5
85;13;5
86;12;5
87;13;5
88;13;5
89;12;5
90;12;5
91;12;3
92;13;5
93;13;5
94;12;5
95;13;5
96;12;5
97;13;2
98;13;5
99;13;2
100;13;3
101;13;5
102;13;5
103;13;3
104;12;3
105;13;5
106;13;5
107;12;5
108;12;3
109;13;3
110;13;3
111;13;3
112;13;3
113;13;2
114;13;3
115;13;5
116;13;3
117;13;5
118;12;3
119;12;2
120;13;5
121;12;5
122;13;5
123;13;5
124;12;3
125;12;5
126;13;5
127;13;5
128;13;3
129;13;5
130;13;3
131;12;5
132;13;3
133;13;5
134;13;3
135;13;5
136;13;5
137;13;3
138;13;3
139;13;3
140;13;3
141;13;3
142;13;5
143;12;5
144;13;3
145;13;3
146;12;5
147;13;3
149;13;5
150;13;5
151;13;5
152;12;3
153;13;5
154;13;5
155;13;3
156;13;3
157;13;3
158;13;5
159;12;5
160;13;3
161;13;3
162;13;5
163;13;5
164;12;5
165;13;5
166;13;2
167;13;5
168;13;5
169;13;5
170;12;5
171;12;5
172;13;5
174;13;5
175;13;3
176;13;3
177;13;3
178;12;5
179;13;3
180;13;5
181;12;3
182;13;3
183;12;5
184;13;2
185;13;3
186;13;3
187;13;5
188;12;5
189;13;5
190;12;3
191;13;5
192;13;2
193;13;3
194;12;3
195;13;3
196;13;5
197;13;3
198;13;5
199;13;5
200;13;3
201;13;2
202;13;3
203;13;5
204;13;3
205;13;2
206;13;5
207;13;3
208;13;3
209;13;2
210;13;5
211;13;5
212;12;2
213;13;5
214;13;2
215;12;3
216;13;3
217;13;3
218;13;2
219;13;2
220;13;2
221;13;3
222;13;3
223;12;5
224;13;3
225;13;3
226;13;5
227;13;5
228;12;5
229;12;3
230;12;5
231;13;3
232;13;3
233;13;2
234;13;5
235;13;3
236;13;2
237;12;5
238;13;2
239;13;2
240;13;5
241;13;5
242;13;5
243;13;3
244;13;5
245;13;5
246;13;2
247;13;5
248;13;5
249;12;3
250;13;5
251;13;3
252;13;3
253;12;5
254;13;3
255;12;5
256;12;5
257;13;5
258;13;3
259;13;5
260;12;5
261;13;5
262;12;5
263;13;5
264;13;3
265;13;5
266;12;5
267;13;3
268;12;3
269;12;5
270;13;3
271;12;5
272;12;3
273;13;5
274;13;5
275;12;5
276;13;3
277;13;5
278;12;3
279;12;3
280;13;3
281;13;5
282;13;3
283;13;5
284;13;5
285;13;2
286;13;5
287;13;5
288;13;5
289;13;5
290;13;3
291;13;5
292;13;3
293;13;3
294;13;2
295;13;3
296;13;3
297;13;5
298;13;2
299;12;2
300;13;5
301;13;3
302;13;5
303;13;5
304;12;3
305;13;3
306;13;2
307;13;5
308;12;5
309;13;5
310;13;5
311;13;3
312;13;3
313;13;3
314;13;5
315;13;5
316;13;5
317;12;5
318;13;5
319;13;3
321;13;3
322;12;2
323;13;3
324;13;3
325;13;5
326;13;5
327;13;5
328;13;3
329;12;5
330;13;3
331;12;2
332;13;5
333;13;5
334;13;5
335;13;3
336;13;5
337;12;5
338;13;3
339;13;5
340;13;5
341;13;3
342;12;5
343;12;5
344;13;3
345;13;3
346;12;5
347;13;5
348;13;5
349;12;5
350;12;5
351;13;3
352;13;3
353;13;3
354;13;3
355;12;5
356;13;3
357;12;5
358;13;5
359;12;5
360;12;2
362;12;5
363;13;5
364;12;2
365;12;5
366;12;5
367;13;5
368;13;5
369;13;5
370;13;3
371;13;5
372;13;5
373;13;5
374;13;3
375;12;5
376;13;5
377;13;5
378;12;3
379;13;5
380;13;2
381;13;3
382;13;5
383;12;3
384;12;3
385;12;3
386;13;2
387;13;3
388;13;5
389;13;5
390;12;5
391;13;5
392;13;5
393;13;2
394;13;3
395;13;2
396;13;5
397;12;5
398;13;3
399;13;2
400;13;5
401;13;3
402;13;3
403;13;5
404;13;3
405;13;5
406;12;3
407;13;3
408;13;5
409;12;2
410;13;5
411;13;5
412;13;5
413;12;3
414;12;5
415;13;5
416;13;5
417;13;5
418;13;5
419;13;3
420;12;5
422;12;5
423;12;5
424;12;5
425;13;5
426;13;2
427;13;3
428;13;5
429;13;5
430;13;2
431;13;5
432;13;5
433;13;5
434;13;2
435;13;5
436;12;5
437;13;5
438;13;5
439;13;3
440;13;5
441;12;5
442;13;3
443;13;3
444;13;3
445;12;5
446;12;5
447;12;5
448;13;5
449;13;3
450;13;5
451;12;3
452;12;3
454;13;5
455;12;5
456;13;5
457;13;5
458;13;2
459;13;5
460;13;5
461;13;3
462;12;5
463;12;5
464;13;3
465;12;3
466;13;5
467;12;3
468;13;3
469;13;5
470;12;2
471;13;3
472;13;3
473;12;3
474;13;5
475;13;5
476;13;3
477;13;5
478;13;3
479;13;3
480;13;3
481;12;5
482;13;3
483;13;5
484;13;5
485;12;5
486;13;3
487;13;3
488;12;3
489;12;5
490;13;5
491;13;5
492;13;2
493;13;3
494;13;5
495;13;5
496;13;3
497;13;3
498;13;5
499;12;5
500;12;5
501;12;3
502;13;3
503;13;3
504;12;5
505;13;5
506;13;5
507;12;3
508;12;5
509;13;3
510;13;5
511;13;3
512;13;3
513;13;3
514;12;5
515;13;5
516;13;3
518;12;2
519;13;5
520;13;5
521;13;3
522;12;2
523;13;3
524;13;5
525;13;3
526;13;5
527;13;3
528;13;5
529;13;3
530;13;5
531;13;5
532;12;2
533;13;3
534;13;5
535;13;3
536;13;5
537;13;3
538;13;3
539;13;3
540;12;5
541;13;5
542;13;3
543;13;3
544;12;5
545;12;3
546;13;2
547;13;5
548;13;3
549;13;5
550;13;5
551;12;5
552;13;5
553;12;5
554;12;5
555;12;5
556;12;5
557;12;5
558;13;5
559;12;5
560;13;5
561;12;5
562;13;3
563;12;2
564;13;3
565;12;3
566;13;5
567;13;3
568;12;3
569;13;5
570;13;5
571;13;5
572;13;3
573;13;5
574;13;2
575;13;5
576;12;3
577;12;5
578;13;3
579;13;5
580;12;5
581;12;3
582;13;2
583;12;5
584;12;5
585;13;3
586;13;3
587;13;3
588;12;5
589;13;5
590;13;3
591;13;3
592;13;5
593;13;5
594;12;3
595;13;3
596;12;2
597;12;3
598;13;3
599;13;3
600;13;5
601;13;5
602;13;5
603;13;5
604;13;5
605;13;5
606;12;2
607;13;5
608;13;2
609;13;3
610;13;5
611;13;5
612;13;5
613;12;5
615;12;5
616;13;3
617;12;5
618;12;5
619;12;5
620;13;5
621;13;2
622;13;2
623;13;2
624;12;5
625;12;5
626;13;5
627;13;2
628;13;5
629;13;5
630;13;5
631;13;5
632;13;5
633;13;5
634;13;3
635;13;5
637;13;3
638;12;5
639;12;5
640;13;5
641;13;5
642;13;5
643;13;5
644;13;2
645;12;5
646;13;5
647;13;3
648;12;5
649;12;5
650;13;5
651;13;5
652;13;5
653;12;5
654;12;5
655;13;2
656;13;5
657;12;3
658;12;5
659;13;5
660;13;5
661;12;3
662;13;3
663;13;3
664;13;3
666;12;5
667;13;5
668;13;3
669;12;5
670;12;5
671;13;5
672;13;3
673;13;3
674;13;5
675;12;5
676;13;3
677;13;3
678;12;2
679;13;3
680;12;3
681;13;3
683;13;5
685;12;3
686;12;2
687;13;3
688;13;2
689;12;5
690;13;5
691;13;5
692;13;3
693;12;5
694;12;5
695;13;3
696;12;3
697;13;2
698;12;5
699;13;5
700;13;3
701;13;5
702;13;3
703;13;5
704;13;5
705;12;3
706;12;3
709;13;3
710;13;3
711;13;3
712;13;3
713;12;3
714;12;5
715;13;3
716;13;3
717;13;3
718;13;5
719;13;2
720;13;5
721;13;2
722;12;3
723;13;5
724;13;3
725;12;5
726;13;5
727;13;5
728;13;5
729;13;3
730;13;5
731;13;2
732;13;5
733;13;5
734;13;2
735;13;3
736;13;5
737;13;2
738;13;5
739;13;5
740;13;3
741;13;5
742;12;5
743;13;5
744;13;3
745;13;3
746;13;3
747;13;5
748;13;5
749;12;5
750;12;3
751;13;3
752;12;3
753;13;3
754;13;5
755;13;5
756;13;5
757;13;5
759;12;5
760;13;3
761;13;2
762;13;5
763;13;3
764;13;5
765;12;5
766;12;5
767;13;3
768;13;3
769;13;5
770;13;5
771;13;5
772;12;3
773;12;3
774;12;5
775;13;2
776;13;3
777;12;5
778;12;2
779;13;5
780;13;3
781;13;5
782;13;5
783;13;5
785;12;5
786;13;3
787;12;5
788;13;5
789;13;3
790;13;5
791;13;5
792;13;2
793;13;5
794;13;5
795;13;3
796;13;5
797;13;5
798;13;5
799;12;3
800;13;5
801;13;3
802;13;5
803;12;5
804;12;3
805;13;5
806;13;3
807;12;3
808;12;5
810;12;5
811;12;5
812;13;3
813;13;5
814;12;5
815;13;5
816;13;5
817;13;3
818;12;5
819;13;3
820;12;2
821;13;5
822;12;3
823;13;5
824;13;5
825;12;5
826;13;5
827;13;3
828;13;5
829;13;3
830;13;5
831;12;5
832;13;3
833;13;2
834;13;3
835;13;3
836;12;5
837;12;5
838;12;3
839;13;3
840;12;3
841;13;5
842;13;5
843;13;5
844;12;5
845;12;5
846;13;3
847;12;2
848;13;5
849;13;3
850;12;5
851;13;3
852;12;3
853;13;3
854;13;5
855;13;5
856;13;5
857;13;5
858;13;5
859;13;3
860;13;3
861;13;3
862;13;2
863;13;3
864;13;5
865;13;3
866;13;5
867;13;5
868;13;5
869;12;5
870;12;3
871;13;5
872;12;2
873;12;3
874;13;2
875;12;5
876;13;3
877;13;2
878;13;5
879;12;5
880;13;3
881;13;5
882;12;5
883;13;3
884;13;5
885;13;5
886;13;3
887;13;3
888;13;5
889;12;5
890;13;3
891;13;3
892;12;5
893;12;5
894;13;5
895;12;2
896;12;3
897;13;5
898;12;3
899;13;5
900;13;5
901;13;5
902;13;5
903;12;5
904;12;5
905;13;3
906;13;3
907;13;3
908;13;3
909;13;3
910;13;5
911;13;5
912;13;5
913;13;5
914;13;5
915;13;5
916;12;3
917;13;3
918;13;3
919;13;3
920;13;2
921;12;5
922;13;5
923;13;3
924;13;3
925;13;5
926;12;5
927;13;5
928;12;5
929;13;5
930;12;5
931;13;5
932;13;5
933;13;3
934;13;5
935;13;5
936;13;5
937;13;5
938;13;3
939;12;3
940;12;5
941;13;5
942;13;5
943;13;5
944;13;3
945;12;5
946;13;5
947;12;5
948;12;5
949;13;5
950;12;5
951;13;2
952;12;5
953;13;3
954;13;3
955;13;2
956;13;5
957;13;5
958;13;5
959;13;3
960;13;5
962;13;3
963;13;3
964;13;5
965;13;5
966;12;5
967;12;3
968;13;2
969;13;2
970;13;3
971;12;3
972;13;3
973;13;5
974;13;3
975;13;5
976;13;5
977;13;5
978;13;5
979;13;3
980;13;5
981;12;5
982;13;3
983;13;5
984;13;5
985;13;5
986;13;5
987;12;5
988;13;3
989;13;5
990;12;2
991;13;5
992;13;2
994;12;5
995;13;3
996;13;3
997;12;5
998;12;5
999;13;3
1000;13;3
1001;13;5
1002;13;5
1003;12;5
1004;13;3
1005;12;5
1006;12;5
1007;13;5
1008;13;5
1009;13;3
1010;13;5
1011;12;5
1012;13;5
1013;12;3
1014;13;2
1015;13;5
1016;12;3
1017;12;5
1018;13;5
1019;13;3
1020;13;5
1021;13;3
1022;13;2
1023;13;5
1024;13;5
1025;13;3
1026;12;5
1027;12;2
1028;13;3
1029;13;2
1030;12;5
1031;13;5
1032;12;5
1033;13;3
1034;13;5
1035;13;3
1036;12;5
1037;13;5
1038;13;5
1039;12;3
1040;12;5
1041;13;3
1042;13;2
1043;13;3
1044;13;5
1045;13;3
1046;13;5
1047;13;5
1048;13;5
1049;12;5
1050;12;5
1051;13;2
1053;13;3
1054;13;3
1055;13;3
1056;13;5
1057;12;3
1058;13;5
1059;13;2
1060;12;3
1061;13;2
1062;12;5
1063;12;5
1064;13;3
1065;13;3
1066;13;5
1067;13;3
1068;13;5
1069;13;5
1070;13;3
1071;13;2
1072;12;3
1073;13;3
1074;13;5
1075;13;3
1076;13;5
1077;12;5
1078;13;2
1079;13;3
1080;13;2
1081;13;5
1082;13;3
1083;13;3
1084;12;3
1085;12;3
1086;13;5
1087;12;3
1088;12;5
1089;12;5
1090;13;3
1091;13;5
1092;13;5
1093;13;3
1094;13;3
1095;13;5
1096;13;3
1097;13;5
1098;13;5
1099;13;2
1100;13;3
1101;12;5
1102;13;3
1103;13;2
1104;13;5
1105;13;3
1106;12;5
1107;13;5
1108;13;3
1109;13;3
1110;13;3
1111;12;3
1112;13;2
1113;13;2
1114;13;5
1115;13;5
1116;13;5
1117;13;5
1118;13;5
1119;13;5
1120;13;5
1121;13;2
1122;13;3
1123;13;5
1124;13;5
1125;13;5
1127;13;5
1128;13;2
1129;12;5
1130;13;5
1131;13;5
1132;13;3
1133;12;5
1134;13;3
1135;13;5
1136;13;5
1137;13;5
1138;13;3
1139;12;3
1140;12;3
1141;13;3
1142;13;5
1143;13;5
1144;12;3
1145;12;5
1146;13;3
1147;13;3
1148;12;5
1149;13;5
1150;13;5
1151;13;5
1152;13;5
1153;13;3
1154;13;5
1155;12;3
1156;13;2
1157;13;3
1158;13;5
1159;12;5
1160;12;5
1161;12;5
1162;13;3
1163;13;5
1164;12;5
1165;13;5
1166;12;3
1167;13;3
1168;12;5
1169;13;3
1170;13;5
1171;12;5
1172;12;5
1173;13;5
1174;12;5
1175;13;3
1176;13;3
1177;13;5
1178;13;5
1179;13;5
1180;13;3
1181;12;5
1182;12;2
1183;13;5
1184;12;3
1185;13;3
1186;13;5
1188;12;5
1189;13;3
1190;13;3
1191;13;5
1192;12;2
1193;12;5
1194;13;3
1195;13;5
1196;13;5
1197;13;5
1198;13;3
1199;13;3
1200;13;5
1201;12;3
1202;13;5
1203;13;5
1204;13;3
1205;13;3
1206;13;5
1207;13;3
1208;13;3
1209;12;3
1210;12;5
1211;13;2
1212;13;5
1213;12;5
1214;13;5
1215;13;3
1216;13;3
1217;13;3
1218;13;5
1219;13;5
1220;12;5
1221;13;3
1222;13;3
1223;12;2
1224;12;5
1225;12;5
1226;12;5
1227;13;3
1228;13;5
1229;12;5
1230;12;5
1233;13;5
1234;13;3
1235;13;3
1236;13;3
1237;12;5
1238;13;3
1239;13;5
1240;12;5
1241;12;5
1242;13;5
1243;12;3
1244;13;3
1245;13;3
1246;13;5
1247;13;3
1248;13;5
1249;12;2
1250;12;3
1251;12;2
1252;13;3
1253;13;5
1254;12;3
1255;12;3
1256;13;5
1257;12;2
1258;12;3
1259;13;5
1260;13;3
1262;12;3
1263;13;5
1264;13;5
1265;12;5
1266;13;5
1267;13;3
1268;13;3
1269;13;3
1270;12;3
1271;12;5
1273;13;3
1274;13;5
1275;13;5
1276;13;3
1277;12;5
1278;12;5
1279;13;5
1280;13;3
1281;13;2
1282;13;5
1283;12;5
1284;13;2
1285;13;3
1286;13;3
1287;13;3
1288;13;3
1289;13;5
1290;13;5
1291;13;5
1292;12;3
1293;12;5
1294;13;3
1296;13;2
1297;12;3
1298;13;3
1299;13;3
1300;13;5
1301;13;5
1302;13;5
1303;13;2
1304;13;5
1305;13;2
1306;13;5
1307;13;5
1308;12;3
1309;13;5
1310;12;5
1311;13;5
1312;12;3
1313;13;2
1314;12;3
1315;13;3
1316;12;5
1317;13;3
1318;13;3
1319;12;5
1320;13;3
1321;13;5
1322;13;5
1323;12;3
1324;13;2
1325;12;3
1326;13;5
1327;12;5
1328;13;5
1329;13;5
1330;13;5
1331;12;3
1332;13;5
1333;12;5
1334;12;5
1335;13;3
1336;13;3
1337;13;5
1338;13;5
1339;13;3
1340;13;5
1341;12;2
1342;13;3
1343;13;3
1344;13;3
1345;13;5
1346;13;3
1347;13;5
1348;12;5
1350;12;5
1351;13;5
1352;13;3
1353;13;5
1354;13;5
1355;13;5
1356;13;5
1357;13;5
1358;13;3
1359;13;2
1360;13;5
1361;13;2
1362;12;2
1363;13;2
1364;13;5
1365;12;3
1366;12;5
1367;12;5
1368;13;3
1369;12;3
1370;13;3
1371;12;5
1372;13;5
1373;13;2
1374;13;5
1375;13;5
1376;13;5
1377;13;5
1378;13;3
1379;12;5
1380;13;5
1381;13;5
1382;13;5
1383;13;5
1384;13;5
1385;12;3
1386;13;2
1387;12;3
1388;13;3
1389;13;5
1390;13;5
1391;13;5
1392;13;3
1394;13;5
1395;12;5
1399;13;5
1401;13;5
1402;13;5
1403;13;5
1404;13;3
1405;13;3
1406;13;5
1407;13;3
1408;13;3
1409;12;5
1410;13;5
1411;13;3
1412;13;5
1413;13;3
1414;13;5
1415;12;5
1416;13;5
1417;13;5
1418;12;5
1419;13;3
1420;13;3
1421;13;5
1422;12;3
1423;12;3
1424;13;3
1425;13;5
1426;12;5
1427;12;5
1428;13;3
1429;13;3
1430;13;2
1431;12;5
1432;13;5
1433;13;3
1434;13;5
1435;13;3
1436;12;5
1437;13;5
1438;12;2
1439;12;5
1440;13;5
1441;13;5
1442;13;3
1444;12;5
1445;13;5
1446;13;2
1447;13;3
1448;13;3
1449;12;3
1450;13;5
1451;13;5
1452;13;2
1453;12;3
1454;13;5
1455;13;5
1456;13;3
1457;13;3
1458;13;3
1459;12;5
1460;13;3
1461;13;5
1462;13;5
1463;13;3
1464;12;2
1465;13;5
1466;13;3
1467;13;3
1468;12;5
1469;13;5
1470;13;5
1471;13;3
1472;13;5
1473;12;5
1474;13;5
1475;12;5
1476;13;3
1477;13;3
1478;13;3
1479;12;3
1480;13;2
1481;13;3
1482;12;5
1484;13;3
1485;13;5
1486;13;5
1487;12;5
1488;13;5
1489;13;3
1490;13;3
1491;13;5
1492;13;5
1493;13;5
1494;12;5
1495;13;3
1496;13;3
1497;12;2
1498;13;5
1499;13;3
1500;12;5
1501;13;5
1502;13;5
1503;12;5
1504;12;5
1505;12;5
1507;12;3
1508;13;5
1509;13;5
1510;12;3
1511;12;3
1512;13;3
1513;13;5
1514;12;5
1515;13;3
1516;13;5
1517;13;3
1518;12;5
1519;12;3
1520;12;3
1521;13;5
1522;13;5
1523;13;5
1524;13;3
1525;13;5
1526;13;5
1527;13;5
1528;13;5
1529;13;5
1530;13;3
1531;12;5
1532;13;5
1533;13;5
1534;13;5
1535;13;3
1536;13;3
1537;13;3
1538;12;5
1539;13;5
1540;13;5
1541;13;2
1542;13;3
1543;13;5
1544;13;3
1546;12;3
1547;13;5
1548;13;3
1549;13;3
1550;13;5
1552;13;5
1553;13;5
1555;13;2
1556;13;3
1558;13;5
1559;13;5
1560;13;3
1561;13;3
1562;13;2
1563;12;5
1564;13;3
1565;12;5
1566;13;2
1567;13;3
1568;13;5
1569;13;5
1570;12;5
1571;12;5
1573;13;2
1574;12;3
1575;13;5
1576;12;3
1577;13;5
1578;13;2
1579;12;2
1580;13;3
1581;13;5
1582;13;5
1583;13;3
1584;12;3
1585;12;3
1586;12;5
1587;13;3
1588;13;5
1589;13;5
1590;13;5
1591;13;5
1592;13;3
1593;13;3
1594;13;5
1595;12;5
1596;13;3
1597;13;5
1598;13;5
1599;13;5
1600;12;2
1601;13;5
1602;12;3
1603;13;3
1604;12;3
1605;13;3
1606;13;5
1607;13;3
1608;13;5
1609;12;5
1610;13;3
1611;13;5
1612;13;2
1613;13;5
1614;13;5
1615;13;5
1616;13;5
1617;12;5
1618;12;5
1619;12;5
1620;13;3
1621;13;3
1622;13;3
1623;13;5
1625;13;2
1626;13;3
1627;12;5
1628;13;3
1629;13;3
1630;13;5
1631;12;5
1632;13;2
1633;12;5
1634;13;5
1635;12;5
1636;13;5
1637;13;3
1638;12;5
1639;13;5
1640;13;5
1641;13;5
1643;13;5
1644;13;5
1645;12;3
1646;13;3
1647;12;5
1648;13;3
1649;13;3
1650;13;5
1651;13;5
1652;13;5
1653;12;5
1654;13;5
1655;13;5
1656;12;5
1657;13;5
1658;13;5
1659;13;3
1660;13;3
1661;13;3
1662;13;5
1663;12;5
1664;12;3
1665;12;3
1666;12;3
1667;13;5
1668;13;5
1669;13;5
1670;12;2
1671;13;3
1672;12;5
1673;12;5
1674;13;5
1675;12;3
1676;12;3
1677;12;3
1678;13;2
1679;13;3
1680;13;3
1681;13;3
1682;12;5
1683;13;3
1684;13;2
1685;13;3
1686;13;3
1687;13;3
1688;13;2
1689;12;2
1690;13;3
1691;13;5
1692;13;3
1693;13;3
1694;12;5
1695;12;5
1696;12;5
1697;13;5
1698;13;3
1699;13;5
1700;13;3
1701;13;3
1702;13;3
1703;13;3
1704;13;3
1705;12;5
1706;13;3
1707;13;3
1708;13;3
1709;12;5
1710;13;5
1711;13;3
1712;12;5
1713;13;5
1714;13;5
1715;12;5
1716;12;5
1717;13;5
1718;12;3
1719;13;5
1720;13;3
1721;13;3
1722;12;5
1723;12;2
1724;13;5
1725;12;2
1726;12;3
1727;13;3
1728;12;5
1729;12;3
1730;12;3
1731;13;3
1732;12;5
1733;13;3
1734;13;5
1735;13;5
1736;13;3
1737;13;3
1738;13;5
1739;13;5
1740;13;3
1741;13;3
1742;12;5
1743;12;5
1744;12;5
1745;12;5
1746;13;3
1747;13;5
1748;12;3
1749;13;3
1750;13;3
1751;12;2
1752;13;3
1753;13;5
1754;13;3
1755;13;3
1756;12;3
1757;12;3
1758;13;5
1759;13;3
1760;12;3
1761;13;3
1763;12;3
1764;13;2
1765;13;5
1766;13;5
1767;12;5
1768;13;3
1769;13;3
1770;13;5
1771;13;3
1772;13;2
1773;12;3
1774;13;3
1775;13;5
1776;12;5
1777;13;5
1778;13;5
1779;13;3
1780;13;5
1781;13;3
1782;13;3
1783;13;3
1784;12;2
1785;12;3
1786;12;5
1787;13;2
1788;13;5
1789;12;5
1790;13;5
1791;12;5
1792;13;5
1793;12;3
1794;12;2
1795;13;5
1796;13;5
1797;12;3
1798;13;3
1799;13;3
1800;12;5
1801;13;3
1802;13;3
1803;12;3
1804;13;3
1805;13;3
1806;13;5
1807;12;5
1808;12;5
1809;12;3
1810;13;5
1811;13;5
1812;13;5
1813;13;3
1814;13;5
1815;13;3
1816;13;3
1817;12;5
1818;13;5
1819;13;5
1820;13;3
1821;13;3
1823;12;2
1824;13;5
1825;13;3
1826;13;5
1827;13;3
1828;13;5
1829;13;5
1830;13;5
1831;13;3
1832;13;5
1834;13;5
1836;13;3
1837;13;5
1838;12;5
1839;13;5
1840;13;5
1841;13;2
1842;13;5
1843;13;3
1844;13;3
1845;12;5
1846;13;5
1847;13;3
1848;13;5
1849;13;5
1850;13;3
1851;13;3
1852;13;3
1853;13;5
1854;13;5
1855;13;3
1856;13;3
1857;13;2
1858;13;5
1859;13;3
1860;13;5
1861;13;5
1862;12;3
1863;12;5
1864;13;5
1865;13;3
1866;12;3
1867;12;3
1868;13;5
1869;13;5
1870;13;2
1871;13;3
1872;13;5
1873;13;3
1874;13;5
1875;12;3
1876;13;5
1877;13;5
1878;13;3
1879;13;5
1880;13;3
1882;13;3
1883;13;5
1884;13;5
1885;13;3
1886;12;5
1887;13;5
1888;13;5
1889;12;5
1890;12;5
1891;13;5
1892;13;5
1893;13;3
1894;13;5
1895;13;3
1896;13;2
1897;12;3
1898;13;3
1899;13;5
1900;12;5
1901;12;3
1902;13;5
1903;13;5
1904;13;5
1905;13;5
1906;13;5
1907;12;3
1908;12;3
1909;12;5
1910;13;3
1911;13;3
1912;13;3
1913;13;3
1914;13;5
1915;12;5
1916;12;5
1917;13;5
1918;13;5
1919;13;2
1920;13;3
1921;13;2
1922;13;5
1923;13;5
1924;13;3
1925;13;5
1926;13;5
1927;12;3
1928;13;3
1929;13;3
1930;13;5
1931;13;5
1932;13;5
1933;13;3
1934;13;5
1935;13;3
1936;13;3
1937;13;5
1938;13;2
1939;13;3
1940;12;5
1941;13;5
1942;13;5
1943;13;5
1944;13;5
1945;13;3
1946;13;5
1947;13;5
1948;13;3
1949;13;5
1950;13;5
1951;13;5
1952;12;5
1953;13;5
1954;13;3
1955;12;5
1956;12;5
1957;12;5
1958;12;5
1959;13;5
1960;13;5
1961;13;3
1962;12;5
1963;13;3
1964;13;3
1965;13;5
1966;12;5
1967;13;3
1968;13;5
1969;13;3
1970;13;3
1971;13;5
1972;13;3
1973;13;3
1974;13;3
1975;12;5
1976;13;3
1977;12;5
1978;13;3
1979;13;5
1980;13;3
1981;12;5
1982;13;3
1983;12;3
1984;12;3
1985;12;5
1987;13;2
1988;13;2
1989;13;3
1990;13;3
1991;13;3
1992;12;5
1993;13;3
1994;12;5
1996;13;3
1997;13;5
1998;13;5
1999;13;5
2001;13;3
2002;12;5
2003;13;5
2004;13;5
2005;13;2
2006;13;5
2007;13;2
2008;13;2
2009;12;3
2010;13;5
2011;13;5
2012;12;5
2013;13;3
2014;13;5
2015;13;5
2016;13;3
2017;13;5
2018;13;3
2019;12;5
2020;13;5
2021;13;5
2022;13;3
2023;12;3
2024;13;3
2025;13;5
2026;13;3
2027;12;5
2028;12;5
2029;13;3
2030;13;3
2031;13;3
2032;13;5
2034;12;5
2035;13;3
2036;13;3
2037;13;3
2038;13;5
2039;13;5
2040;12;5
2041;13;2
2042;13;5
2043;13;5
2044;13;3
2045;13;3
2046;12;3
2047;13;3
2048;13;5
2049;12;2
2050;12;5
2051;13;3
2052;13;5
2053;13;5
2054;13;5
2055;13;3
2056;13;5
2057;13;5
2058;12;5
2059;13;5
2060;12;5
2061;13;5
2062;13;5
2063;13;3
2064;13;3
2065;13;3
2066;13;5
2067;12;3
2068;12;3
2069;12;5
2070;13;5
2071;13;5
2072;13;3
2073;13;3
2074;12;5
2075;13;3
2076;13;3
2077;13;5
2078;13;5
2079;13;3
2080;13;3
2081;13;2
2082;13;5
2083;13;5
2084;13;5
2085;13;5
2086;12;5
2087;13;5
2088;12;5
2089;12;5
2090;13;5
2091;13;3
2092;13;5
2093;13;5
2094;13;5
2095;13;3
2096;13;3
2097;12;5
2098;13;3
2099;13;5
2100;13;5
2101;12;3
2102;13;3
2103;13;2
2104;12;3
2105;12;2
2106;13;5
2107;13;3
2108;13;5
2109;13;3
2110;13;5
2111;12;5
2112;13;3
2113;13;3
2114;12;5
2115;13;3
2116;13;5
2117;13;5
2118;13;5
2119;12;3
2120;13;3
2121;13;3
2122;13;3
2123;13;5
2124;13;5
2125;13;2
2126;12;3
2127;13;3
2128;13;2
2129;13;5
2130;13;2
2131;12;3
2132;12;3
2133;13;5
2134;13;3
2135;13;5
2136;13;3
2137;13;3
2138;13;3
2139;13;5
2140;13;3
2141;13;5
2142;13;3
2143;13;3
2144;13;5
2145;13;2
2146;13;3
2147;12;5
2148;13;2
2149;13;5
2150;13;3
2151;13;3
2152;13;5
2153;13;5
2154;12;5
2155;13;2
2156;12;5
2157;13;5
2158;12;2
2159;13;2
2160;12;5
2161;13;5
2162;13;5
2163;13;2
2164;13;5
2165;13;3
2166;13;3
2167;13;5
2168;13;5
2169;12;5
2170;13;5
2171;13;5
2173;13;2
2174;12;5
2175;13;3
2176;13;5
2177;13;3
2178;13;5
2179;13;5
2180;13;3
2181;13;3
2182;13;5
2183;13;5
2184;13;3
2185;13;3
2186;13;5
2187;13;5
2188;13;5
2189;13;5
2190;13;5
2191;12;2
2192;13;5
2193;12;5
2194;13;3
2196;13;5
2197;12;5
2198;13;5
2199;13;5
2200;13;5
2201;13;5
2202;12;3
2203;13;5
2204;12;3
2205;13;5
2206;13;2
2207;12;3
2208;13;5
2209;13;2
2210;13;5
2211;13;3
2212;13;2
2213;13;5
2214;13;5
2215;13;5
2216;13;5
2217;12;5
2218;13;5
2219;12;2
2221;13;2
2222;13;3
2223;13;3
2224;13;5
2225;13;3
2226;13;3
2227;13;2
2228;13;3
2229;13;3
2230;13;5
2231;13;5
2232;12;5
2233;13;3
2234;13;3
2235;13;3
2236;13;2
2237;13;5
2238;13;5
2239;13;5
2240;13;5
2241;12;3
2242;13;2
2243;13;3
2244;13;3
2245;13;5
2246;13;5
2247;13;5
2248;13;2
2249;13;3
2250;12;5
2251;12;2
2252;13;5
2253;13;5
2254;13;2
2255;13;3
2256;13;5
2257;13;5
2258;13;2
2259;13;2
2260;13;5
2261;12;5
2262;13;2
2263;13;3
2264;12;3
2265;13;3
2266;13;5
2267;13;5
2268;13;5
2269;13;5
2270;13;5
2271;13;2
2272;12;2
2273;12;5
2274;13;3
2275;13;3
2276;13;5
2277;13;5
2278;13;5
2279;13;5
2280;13;5
2281;13;3
2282;13;5
2283;12;3
2284;12;3
2285;13;3
2286;12;3
2287;13;5
2288;13;5
2289;13;3
2290;13;5
2291;13;3
2292;13;5
2293;12;5
2294;13;3
2295;13;3
2296;13;5
2297;13;5
2298;13;2
2299;13;5
2300;13;5
2301;13;2
2302;13;5
2303;13;3
2304;13;3
2305;13;5
2306;13;5
2307;13;5
2308;13;3
2309;13;3
2310;13;2
2311;13;5
2312;13;3
2313;13;5
2314;12;5
2315;13;3
2316;13;2
2317;13;2
2318;13;5
2319;13;5
2320;13;5
2321;13;5
2322;12;5
2323;13;3
2324;12;5
2325;13;2
2326;12;5
2327;13;5
2328;13;5
2329;13;3
2330;12;3
2331;13;3
2332;13;2
2333;13;5
2334;13;3
2335;13;3
2336;12;3
2338;13;3
2339;12;5
2340;13;5
2341;13;3
2342;13;3
2343;13;5
2344;13;5
2345;13;3
2346;13;3
2347;13;3
2348;13;5
2349;13;2
2350;13;2
2351;13;3
2352;13;5
2353;13;3
2354;13;3
2355;12;5
2356;13;3
2357;13;5
2358;13;5
2359;13;3
2360;13;3
2361;13;5
2362;13;5
2363;13;2
2364;12;5
2365;13;2
2366;13;3
2367;12;5
2368;12;5
2369;13;2
2370;13;3
2371;13;3
2372;13;3
2373;13;3
2374;13;5
2375;13;5
2376;13;5
2377;12;5
2378;13;5
2379;13;5
2380;13;2
2381;13;3
2382;13;5
2383;13;5
2384;13;5
2385;13;5
2386;13;3
2387;13;3
2388;13;2
2389;13;5
2390;12;5
2391;13;3
2393;13;5
2394;13;2
2395;12;2
2396;13;2
2397;12;2
2398;13;3
2399;13;3
2400;13;2
2401;13;5
2402;13;5
2403;13;5
2404;13;3
2405;13;3
2407;13;3
2408;12;3
2409;13;3
2410;13;3
2411;13;5
2412;13;2
2413;13;5
2414;12;5
2415;12;5
2416;13;3
2417;12;5
2418;13;2
2419;13;3
2420;13;5
2421;13;3
2422;12;3
2423;13;5
2424;13;5
2425;12;5
2426;12;3
2427;13;3
2428;13;5
2429;12;3
2430;12;3
2431;13;2
2432;12;5
2434;13;3
2435;12;5
2436;12;5
2437;12;5
2438;13;3
2439;13;3
2440;13;5
2441;13;5
2442;13;3
2444;13;2
2445;13;3
2447;13;5
2448;12;3
2449;12;5
2450;13;3
2451;13;5
2452;13;2
2453;13;3
2455;12;5
2456;12;3
2457;13;5
2458;12;2
2459;13;5
2460;13;5
2461;12;5
2462;13;3
2463;13;5
2464;12;5
2465;12;5
2466;13;5
2467;13;3
2468;13;5
2469;13;5
2470;13;5
2471;13;5
2472;13;2
2474;13;3
2475;13;3
2476;12;5
2477;12;2
2478;13;5
2479;13;5
2480;13;3
2481;13;5
2482;13;3
2483;12;3
2485;13;3
2486;13;5
2487;12;3
2488;12;5
2489;12;3
2490;13;5
2492;12;5
2493;13;5
2494;13;3
2495;13;2
2496;12;3
2497;12;3
2498;12;5
2499;12;5
2500;13;5
2501;13;3
2502;13;5
2503;13;5
2504;13;3
2505;13;5
2506;13;5
2507;12;5
2508;13;5
2509;12;5
2510;13;3
2511;13;3
2512;13;2
2513;12;3
2514;13;3
2515;13;5
2516;13;5
2518;13;3
2519;12;3
2520;13;5
2521;13;2
2522;13;5
2523;13;5
2524;13;5
2525;12;5
2526;13;5
2527;13;3
2528;13;2
2529;12;5
2530;12;3
2531;13;2
2532;12;5
2533;13;5
2534;12;3
2535;13;5
2537;13;5
2538;13;5
2539;13;5
2540;13;3
2541;13;3
2542;12;3
2543;13;3
2544;13;5
2545;13;5
2546;13;5
2547;13;5
2548;13;3
2549;13;3
2550;13;5
2551;13;5
2552;12;5
2553;13;5
2554;13;5
2555;13;3
2556;13;5
2557;13;5
2558;12;5
2559;13;5
2560;13;3
2561;13;3
2562;13;5
2563;13;3
2564;13;5
2565;13;3
2566;13;3
2567;13;5
2568;13;5
2569;13;3
2570;13;3
2571;13;2
2572;13;5
2573;13;3
2574;12;5
2575;12;5
2576;13;5
2577;12;3
2578;13;5
2579;13;5
2580;12;3
2581;12;3
2582;13;3
2583;13;5
2584;12;5
2586;13;3
2587;13;3
2589;12;3
3592;12;2
3593;13;3
3594;13;3
3597;12;3
3599;12;2
4594;13;2
4595;13;3
4596;13;2
4597;13;3
4599;12;3
5594;12;3
5595;13;3
5596;12;3
5597;12;3
5598;12;3
5599;12;3
5600;13;2
5602;12;2
6598;12;2
6599;13;3
6600;12;5
6601;13;2
6602;13;3
6603;13;3
7602;12;3
7608;13;3
7609;13;3
7610;13;3
8610;12;3
8611;13;3
8612;13;3
8613;13;3
8614;13;3
9611;13;3
9615;13;3
9616;12;2
9617;13;3
9618;13;3
10613;13;3
11482;12;3
11614;12;3
11615;NULL;2
11616;NULL;2
11617;NULL;2
11618;NULL;2
11621;NULL;2
11622;NULL;2
11623;NULL;2
11624;NULL;2
11625;NULL;2
11626;NULL;2
11627;NULL;2
11628;NULL;2
11629;NULL;2
11630;NULL;2
11631;NULL;2
11632;NULL;2
11633;NULL;2
11634;NULL;2
11635;NULL;5
11636;NULL;2
11637;NULL;2
11638;NULL;2
11639;NULL;2
11640;NULL;2
11641;NULL;2
11642;NULL;2
11643;NULL;2
11644;NULL;2
11645;NULL;2
11646;NULL;2
11647;NULL;2
11648;NULL;2
11649;NULL;2
11651;NULL;2
11652;NULL;2
11653;NULL;2
11654;NULL;2
11655;NULL;2
11656;NULL;2
11657;NULL;2
11658;NULL;2
11660;NULL;2
11661;NULL;2
11662;NULL;2
11663;NULL;2
11664;NULL;2
11665;NULL;2
11666;NULL;2
11667;NULL;2
11669;NULL;2
11670;NULL;2
11671;NULL;2
11673;12;2
11674;13;2
11675;12;5
11677;13;2
11678;12;2
11679;13;2
11681;12;2
11682;13;2
11686;12;2
11687;13;2
11688;12;5
11689;13;2
11690;12;2
11693;13;2
11696;12;2
11701;12;2
11706;12;2
11707;13;3
11709;12;2
11710;12;2
11711;12;2
11712;12;2
11713;12;2
11714;13;2
11715;13;2
11716;13;2
11717;12;2
11718;12;2
11719;13;2
11720;13;2
11721;13;2
11722;13;2
11723;13;2
11724;12;2
11725;12;2
11726;12;2
11727;12;2
11728;13;2
11730;13;2
11731;12;5
11736;13;2
11737;12;2
11738;12;2
11739;12;2
11740;13;2
11741;12;5
11742;13;2
11743;12;2
11746;12;2
11747;13;2
11748;13;2
11750;13;2
11754;12;5
11756;13;2
11757;13;2
11758;13;2
11760;13;2
11764;12;2
11767;13;2
11768;13;2
11769;13;2
11770;13;2
11771;13;2
11773;13;2
11775;13;2
11776;12;2
11777;13;2
11778;12;2
11779;13;2
11780;13;2
11781;13;2
11783;13;2
11784;13;2
11785;12;2
11786;12;2
11787;12;2
11789;12;2
11790;12;2
11791;12;2
11792;12;2
11793;13;2
11794;12;2
11795;13;2
11796;13;2
11797;12;2
11798;13;2
11799;12;2
11801;13;2
11802;13;2
11803;13;2
11805;12;2
11806;12;2
11808;13;2
11810;13;2
11811;12;2
11812;13;2
11813;12;2
11814;13;2
11815;13;2
11816;12;5
11818;12;2
11819;12;5
11821;12;2
11823;13;2
11826;13;2
11827;12;2
11828;12;2
11829;13;2
11831;13;2
11832;12;2
11833;13;2
11834;12;2
11835;13;2
11836;13;2
11839;12;2
11840;12;2
11841;13;2
11842;13;2
11843;13;2
11844;13;2
11845;13;2
11846;12;2
11847;12;2
11848;12;2
11849;13;2
11850;13;2
11851;13;2
11852;12;2
11853;12;2
11854;12;2
11855;12;2
11856;12;2
11858;12;2
11859;13;2
11860;12;2
11861;12;2
11862;13;2
11863;13;2
11864;13;2
11865;13;2
11866;13;2
11867;13;2
11868;13;2
11869;12;2
11870;13;2
11871;12;2
11872;13;2
11874;12;2
11876;13;2
11877;13;2
11878;13;2
11879;13;2
11880;13;2
11881;13;2
11882;12;5
11883;13;2
11884;12;2
11885;13;2
11886;12;2
11887;13;2
11888;13;2
11889;12;2
11890;13;2
11891;12;2
11892;12;2
11893;13;2
11894;13;2
11895;12;2
11896;12;2
11897;13;2
11898;13;2
11899;13;2
11900;13;2
11901;12;2
11902;13;2
11903;13;2
11904;13;2
11905;13;2
11906;13;2
11907;13;2
11908;13;2
11909;13;2
11911;13;2
11912;12;2
11913;13;2
11914;13;2
11915;13;2
11916;13;2
11917;13;2
11918;13;2
11919;13;2
11920;13;2
11921;13;2
11922;13;2
11923;13;2
11924;12;2
11925;12;2
11926;12;5
11927;13;2
11928;13;2
11929;13;2
11930;13;2
11931;13;2
11932;12;2
11933;13;2
11934;13;2
11935;13;2
11936;13;2
11938;13;2
11940;13;2
11941;12;2
11942;12;2
11944;13;2
11945;13;2
11946;13;2
11947;12;2
11948;13;2
11949;13;2
11950;13;2
11951;13;2
11953;13;2
11956;12;5
11957;12;2
11958;12;2
11959;13;2
11960;12;2
11961;13;2
11962;12;2
11963;13;2
11964;13;2
11965;13;2
11966;12;2
11967;12;2
11968;12;2
11969;13;2
11970;12;2
11971;13;2
11972;12;5
11973;13;2
11974;13;2
11975;12;2
11976;13;2
11978;12;2
11979;13;2
11980;12;2
11981;12;2
11982;12;2
11983;12;2
11984;13;2
11985;12;2
11986;12;2
11988;13;2
11991;13;2
11992;12;2
11994;13;2
11995;12;2
11996;12;2
11997;12;2
11998;13;2
11999;13;2
12000;12;2
12001;13;2
12002;12;2
12003;13;2
12004;13;2
12006;12;2
12007;12;2
12008;12;2
12009;13;2
12010;12;2
12012;13;2
12013;13;2
12015;13;2
12016;12;2
12018;12;2
12019;12;2
12020;12;2
12021;13;2
12022;13;2
12023;12;2
12024;12;2
12025;13;2
12026;12;2
12027;12;2
12028;12;2
12029;12;2
12030;12;2
12031;13;2
12032;13;2
12033;12;2
12034;12;2
12035;12;2
12036;13;2
12037;13;2
12038;13;2
12039;12;5
12040;13;3
12041;13;2
12042;12;2
12043;12;2
12044;13;2
12045;13;2
12046;12;2
12047;12;2
12048;13;2
12049;13;2
12050;13;2
12051;13;2
12052;13;2
12053;13;2
12054;13;2
12055;12;2
12056;13;2
12057;13;2
12059;12;2
12061;12;2
12066;13;2
12068;12;2
12069;13;2
12070;12;2
12071;13;2
12072;13;2
12073;12;2
12074;12;2
12076;12;5
12077;12;2
12078;12;5
12079;12;2
12080;13;2
12081;12;2
12082;13;2
12083;13;2
12085;13;2
12086;13;2
12087;12;2
12090;13;2
12094;13;2
12095;12;2
12096;13;5
12097;13;2
12099;13;2
12100;13;2
12101;12;2
12103;12;2
12104;12;2
12105;12;2
12106;13;2
12107;12;2
12108;13;2
12109;12;2
12110;13;2
12111;12;2
12112;13;2
12113;12;2
12114;13;2
12115;13;2
12116;13;2
12118;13;2
12119;13;2
12120;13;2
12121;13;2
12122;12;2
12123;13;2
12125;13;2
12126;12;2
12127;13;2
12128;13;2
12129;12;2
12130;13;2
12131;13;2
12132;12;2
12133;13;2
12134;13;2
12135;13;2
12136;13;2
12137;12;2
12138;13;2
12139;13;2
12140;12;2
12141;12;2
12142;13;2
12143;13;2
12144;13;2
12145;13;2
12146;13;2
12147;12;2
12148;12;2
12149;13;2
12150;13;2
12151;13;2
12152;13;2
12153;13;2
12154;13;2
12155;13;2
12156;13;2
12157;12;2
12158;12;2
12159;13;2
12160;12;2
12161;13;2
12162;13;2
12163;13;2
12164;12;2
12165;12;2
12166;13;2
12167;13;2
12168;12;2
12169;12;2
12170;12;2
12171;12;2
12172;12;2
12173;13;2
12174;12;2
12175;12;2
12176;12;2
12177;13;2
12178;12;2
12179;13;2
12180;12;2
12182;12;2
12183;12;2
12184;12;2
12185;13;2
12186;13;2
12187;12;2
12188;13;2
12189;12;2
12190;13;2
12191;13;2
12192;12;2
12193;12;2
12194;13;2
12195;13;2
12196;12;2
12197;13;2
12198;12;2
12199;12;2
12200;13;2
12201;13;2
12202;12;2
12203;12;2
12204;12;2
12205;12;2
12207;12;2
12209;13;2
12210;12;2
12211;12;2
12212;13;2
12213;12;2
12214;13;2
12215;12;2
12216;12;2
12217;12;2
12219;13;2
12221;12;2
12222;12;2
12223;12;2
12224;13;2
12225;13;2
12226;12;2
12227;13;2
12228;12;2
12229;12;2
12230;12;2
12231;12;2
12232;12;2
12233;13;2
12234;12;2
12238;12;2
12240;13;2
12241;12;2
12242;12;2
12243;12;5
12245;12;5
12246;12;2
12247;13;3
12249;13;2
12250;12;2
12251;12;5
12252;13;2
12253;13;2
12254;13;2
12255;13;2
12256;13;2
12257;13;2
12258;12;2
12259;13;5
12260;12;2
12261;13;2
12262;13;2
12263;13;2
12264;13;2
12265;13;2
12266;13;2
12267;13;2
12268;13;2
12269;13;2
12270;13;2
12271;13;2
12272;12;5
12273;12;2
12274;13;2
12275;12;2
12276;13;2
12277;13;2
12278;12;2
12279;12;2
12280;12;2
12281;13;2
12282;13;2
12283;12;2
12284;12;2
12286;12;2
12287;13;2
12290;13;2
12291;13;2
12292;13;2
12294;13;2
12295;13;2
12296;13;2
12297;12;2
12298;13;2
12299;13;2
12300;13;2
12301;13;2
12302;12;2
12303;12;2
12307;13;2
12308;13;2
12309;12;2
12310;13;2
12311;13;2
12312;13;2
12314;12;2
12315;13;2
12316;13;2
12317;13;2
12318;13;2
12319;13;2
12320;13;2
12321;13;2
12323;13;2
12324;13;2
12325;13;2
12326;12;2
12327;13;2
12328;13;2
12329;13;2
12330;12;2
12331;13;2
12332;12;2
12333;13;2
12334;13;2
12335;13;2
12336;13;2
12337;12;2
12338;13;2
12339;12;2
12340;13;2
12341;12;2
12342;13;2
12343;13;2
12344;13;2
12614;13;3
12615;13;2
12619;13;2
12625;NULL;2
12686;13;3
12690;13;3
13701;13;2
14768;13;3
15768;13;3
15769;13;2
15770;12;3
15771;12;2
15772;12;3
15773;12;2
15774;13;3
16772;13;2
17772;12;3
17773;12;2
17774;13;3
18774;13;2
18775;12;3
18776;12;3
19774;13;3
20774;13;5
21774;13;3
21775;13;3
21776;12;3
21777;12;5
21780;13;2
21784;13;2
21785;13;5
21786;13;3
21788;13;3
21789;13;3
21790;13;3
21791;12;3
21792;13;3
21794;13;3
21795;12;3
21796;12;3
21797;13;3
21798;13;2
21800;12;2
21801;12;3
21802;13;3
21803;13;5
21804;13;3
21805;13;2
21806;13;3
21807;12;3
21808;12;3
21809;13;3
21810;13;3
21811;13;3
21812;13;3
21813;13;2
21814;13;3
21815;13;3
21816;13;2
21817;12;5
21818;13;2
21819;12;3
21820;13;3
21821;13;3
21822;13;3
21823;12;2
21824;12;2
21827;13;2
21828;12;3
21829;13;3
21830;13;3
22830;13;3
22831;13;3
22832;13;2
22833;12;3
22834;13;3
22835;12;5
22837;12;2
22838;13;3
22840;13;5
22841;13;5
22845;12;5
22849;12;5
22850;12;5
22852;12;5
22853;12;5
22855;12;2
22856;13;2
22858;12;2
22860;13;3
22861;12;3
22862;13;3
22863;12;3
22864;12;3
22865;13;3
22866;12;2
22867;13;2
22868;12;3
22869;13;2
22870;13;3
22871;13;3
22872;12;5
22873;12;5
22874;13;3
22875;12;3
22876;13;3
22877;13;3
22878;13;3
22879;12;3
22880;13;3
22882;12;2
22884;12;2
22885;13;2
22886;13;3
22887;13;3
22888;12;3
22889;13;2
22890;13;5
22891;12;3
22892;13;3
22893;13;3
22894;13;3
22895;13;5
22896;12;3
22897;13;2
22899;13;2
22901;13;2
22903;12;2
22905;12;3
22906;12;5
22907;12;5
22908;12;2
22909;12;3
22910;13;2
22911;13;3
22912;12;3
22913;12;3
22914;13;5
22915;13;3
22916;12;5
22918;13;3
22919;12;3
22920;13;2
22921;13;3
22922;13;3
22923;12;2
22924;12;2
22925;13;3
22926;13;3
22927;13;3
22928;13;3
23925;13;3
23926;13;2
23927;13;3
23928;13;3
23929;13;3
23930;12;3
23931;13;3
23932;13;3
23933;12;2
23934;13;3
23935;13;5
23937;12;3
23938;12;5
24939;13;3
24940;13;3
24941;12;3
24942;13;3
24943;12;5
24944;12;2
24945;13;3
24946;12;3
24947;13;3
24948;12;2
24949;13;3
24950;13;2
24951;13;3
24952;13;3
24953;12;2
24954;12;3
24955;12;3
24958;13;3
24959;12;2
24960;12;3
24961;12;2
24962;13;5
24963;13;2
24964;13;2
24965;12;2
24966;12;3
24967;12;2
24968;12;3
24969;12;3
24970;13;3
24971;13;2
24972;13;3
24973;13;3
24975;13;3
24976;12;3
24977;13;2
24978;13;3
24979;13;3
24980;12;3
24981;12;3
24982;13;3
24983;12;3
24984;12;3
24985;12;5
24987;12;5
24988;12;5
24990;12;5
24992;13;3
24993;12;5
24994;12;5
24995;12;5
24996;12;5
24997;12;5
24998;12;5
24999;12;5
25000;12;5
25001;12;5
25002;12;5
25003;12;5
25004;12;5
25005;12;5
25006;12;5
25007;12;5
25008;12;5
25009;12;5
25010;13;3
25011;12;5
25012;12;5
25013;12;5
25014;12;5
25015;12;5
25016;12;5
25017;12;2
25018;12;3
25019;13;3
25020;13;2
25021;12;3
25022;12;3
25024;12;3
25025;13;5
25026;13;2
25027;13;2
25028;12;2
25029;12;2
25030;13;3
25031;13;3
25032;13;3
25033;13;3
25034;12;3
25035;12;2
25036;12;2
25037;12;2
25038;13;2
25039;12;5
25040;12;5
25041;12;3
25042;13;3
25043;13;3
25044;13;3
25045;13;3
25046;13;3
25047;13;3
25048;12;3
25049;12;3
25050;12;3
25051;12;2
25052;13;3
25053;12;2
25054;13;3
25055;13;3
25056;13;2
25057;12;3
25059;12;3
25060;12;3
25061;12;3
25062;13;3
25063;12;2
25064;12;2
25065;12;2
25066;12;2
25067;12;3
25068;13;3
25069;12;3
25070;13;3
25071;13;2
25072;13;3
25073;12;2
25074;12;2
25077;13;5
25078;13;3
25079;12;3
25080;12;5
25081;12;3
25082;13;3
25083;13;3
25085;13;3
25086;12;2
25087;12;2
25088;12;2
25089;12;2
25090;12;3
25091;13;3
25092;12;3
25093;12;3
25094;13;3
25095;13;3
25097;13;2
25098;13;2
25099;13;3
25100;13;3
25101;13;3
25102;13;3
25103;12;2
25104;13;2
25105;12;5
25106;12;5
25107;12;2
25108;12;2
25111;12;3
25112;13;3
25113;13;3
25114;12;3
25117;12;5
25118;13;2
25119;13;2
25122;13;3
25123;12;3
25125;12;3
25126;12;3
25127;12;3
25128;12;3
25129;12;3
25130;12;3
25131;12;3
25132;13;2
25133;13;2
25137;13;3
25138;12;3
25139;12;3
25140;13;2
25141;13;5
25142;12;2
25143;12;3
25144;13;2
25145;12;2
25146;13;3
25147;13;3
25148;13;3
25149;12;3
25150;13;3
25152;13;3
25153;13;3
25154;13;3
25155;13;5
25156;12;3
25157;13;2
25158;13;3
25159;13;3
25161;12;2
25162;12;2
25163;12;2
25164;12;5
25165;12;5
25166;12;2
25167;12;5
25168;13;2
25169;13;2
25170;13;2
25171;13;2
25172;13;2
25173;13;2
25174;13;2
25175;13;2
25176;13;2
25177;13;2
25178;13;2
25179;13;2
25180;13;2
25181;13;2
25182;13;2
25183;13;2
25184;13;2
25185;13;2
25186;13;2
25188;13;2
25189;13;2
25190;13;2
25191;13;2
25192;13;2
25193;12;2
25194;13;2
25195;13;2
25196;13;2
25197;13;2
25198;13;2
25199;13;2
25200;13;2
25201;13;2
25202;13;2
25203;13;2
25204;13;2
25205;13;2
25206;13;2
25207;13;2
25208;13;2
25209;13;2
25210;13;2
25211;13;2
25212;13;2
25213;13;2
25214;13;2
25215;13;2
25216;13;2
25217;13;2
25218;13;2
25219;13;2
25220;13;2
25221;13;2
25222;13;2
25223;13;2
25224;13;2
25225;13;2
25226;13;2
25227;12;2
25228;13;2
25229;13;2
25230;13;2
25231;13;2
25232;13;2
25233;13;2
25234;13;2
25235;13;2
25236;13;2
25237;13;2
25238;13;2
25239;13;2
25240;13;2
25241;13;2
25242;13;2
25243;13;2
25244;13;2
25245;13;2
25246;13;2
25247;13;2
25248;13;2
25249;13;2
25250;13;2
25251;13;2
25252;13;2
25253;13;2
25254;13;2
25255;13;2
25256;12;2
25257;13;2
25258;13;2
25259;13;2
25260;13;2
25261;13;2
25262;13;2
25263;13;2
25264;13;2
25265;13;2
25266;13;2
25267;13;2
25268;13;2
25269;13;2
25270;13;2
25271;13;2
25272;13;2
25273;13;2
25274;13;2
25275;13;2
25276;13;2
25277;13;2
25278;13;2
25279;13;2
25280;13;2
25281;13;2
25282;13;2
25283;13;2
25284;13;2
25285;13;2
25286;13;2
25287;13;2
25288;13;2
25289;13;2
25290;13;2
25291;13;2
25292;13;2
25293;13;2
25295;13;2
25296;13;2
25297;13;2
25298;13;2
25299;13;2
25300;13;2
25301;13;2
25302;13;2
25303;13;2
25304;13;2
25305;13;2
25306;12;2
25307;13;2
25308;13;2
25309;13;2
25310;13;2
25311;13;2
25312;13;2
25313;13;2
25314;12;2
25315;13;2
25316;13;2
25317;13;2
25318;13;2
25319;13;2
25320;13;2
25321;13;2
25323;13;3
25324;12;3
25325;13;3
25326;13;3
25327;13;2
25328;13;2
25329;13;2
25330;13;2
25331;13;2
25332;13;2
25333;13;2
25334;13;2
25335;13;2
25336;13;2
25337;13;2
25338;13;2
25339;13;2
25340;12;3
25341;13;3
25342;12;3
25343;12;2
25344;13;2
25345;13;2
25346;13;2
25347;13;2
25348;13;2
25349;13;2
25350;13;2
25351;13;2
25352;13;2
25353;13;2
25354;13;2
25355;12;3
25356;13;2
25357;13;2
25358;13;2
25359;13;2
25360;13;2
25361;13;2
25362;13;2
25363;13;2
25364;12;5
25365;13;2
25366;13;2
25367;13;2
25368;13;2
25369;13;2
25370;13;2
25371;13;2
25372;13;2
25373;12;2
25374;12;3
25375;13;3
25376;12;3
25377;12;3
25379;13;2
25380;13;2
25381;13;2
25383;13;2
25384;13;2
25385;13;2
25386;13;2
25387;13;2
25388;13;2
25389;13;2
25390;13;2
25391;13;2
25392;13;2
25393;13;2
25394;13;2
25395;13;2
25396;13;2
25397;13;2
25398;12;3
25399;13;3
25400;12;3
25401;13;2
25403;13;2
25404;13;2
25405;13;2
25406;12;5
25407;13;2
25408;13;2
25409;13;2
25410;13;2
25411;13;2
25412;13;2
25413;13;2
25414;13;2
25415;13;2
25416;13;2
25417;13;2
25418;13;2
25419;13;2
25420;13;2
25421;13;2
25422;12;5
25423;13;2
25424;13;2
25425;13;3
25426;13;3
25427;13;3
25428;12;3
25429;12;3
25430;12;3
25431;12;3
25432;12;3
25433;13;2
25434;13;2
25435;12;3
25436;12;3
25437;13;3
25438;13;3
25439;12;2
26440;13;2
26441;12;2
26442;13;3
26443;12;3
26444;13;3
26445;13;3
26446;13;3
26447;13;2
26449;13;2
26450;13;3
26451;13;3
26452;13;2
26453;12;3
26454;12;2
26455;13;2
26456;12;2
26457;13;2
26458;13;2
26459;13;2
26460;13;3
26461;12;3
26462;13;3
26463;13;2
26464;13;2
26465;12;3
26466;12;3
26467;12;3
26468;12;3
26469;13;2
26470;13;2
26471;13;2
26472;13;2
26473;12;2
26474;13;2
26475;13;2
26476;12;5
26477;13;2
26478;13;2
26479;12;5
26480;13;2
26481;12;2
26482;13;2
26483;13;2
26485;12;2
26486;13;3
26487;13;5
26488;12;3
26489;13;3
26490;13;3
26491;12;3
26492;12;3
26493;13;2
26494;13;2
26495;13;2
26496;13;2
26497;13;3
26500;12;3
26501;12;2
26506;13;2
26507;13;2
26508;13;2
26509;12;2
26510;12;5
26511;12;2
26512;12;3
26513;12;2
26515;12;3
26516;13;3
26517;12;3
26518;12;3
26519;13;2
26520;12;2
26521;12;2
26522;12;5
26523;12;5
26525;12;5
26526;12;2
26527;12;2
26528;13;3
27528;12;5
27529;12;5
27531;12;2
27532;13;2
27533;12;2
27534;12;2
27536;13;3
27537;12;5
27538;12;2
27539;12;2
27540;12;2
27541;12;2
27546;13;3
27547;12;3
27548;13;2
27551;12;3
27552;13;2
27553;13;2
27554;13;2
27555;13;3
27556;12;3
27557;12;2
27558;12;3
27559;12;2
27560;12;2
27561;12;2
27562;12;2
27563;12;2
27564;12;2
27565;13;2
27567;13;3
27568;13;2
27569;12;2
27570;12;3
27571;13;3
27572;12;2
27573;12;3
27575;13;5
27576;13;5
27577;13;5
27578;13;5
27579;13;5
27580;12;5
27581;12;2
27582;13;2
27583;12;5
27584;13;3
27585;13;3
27586;12;5
27587;12;3
27588;12;3
27589;12;3
27590;12;2
27591;13;2
27592;12;2
27593;12;3
27594;13;5
27595;13;5
27596;13;3
27599;13;2
27600;13;3
27601;13;2
28603;12;2
28605;13;3
28606;13;2
28607;13;3
28608;12;2
28609;12;5
28610;13;2
28613;12;2
28614;12;2
28615;13;2
28616;12;2
28617;12;2
28618;12;2
28619;13;2
28620;12;2
28624;13;3
28625;13;3
28626;12;3
28627;13;2
28629;12;2
28632;12;5
28633;12;2
28635;12;2
28636;12;2
28637;12;2
28638;12;2
28639;12;2
28640;12;2
28641;12;2
28642;12;2
28643;12;2
28644;12;2
28645;13;2
28646;12;2
28647;12;2
28648;12;2
28649;12;2
28650;12;2
28651;12;2
28653;12;2
28654;13;2
28655;12;2
28656;13;2
28657;12;2
28658;12;5
28659;12;5
28660;12;2
28661;12;2
28662;13;2
28663;12;2
28664;12;2
28665;12;2
28666;12;2
28667;13;2
28668;13;2
28669;12;2
28670;12;2
28671;12;2
28672;12;2
28673;13;2
28674;12;2
28675;12;2
28676;13;2
28677;12;2
28678;13;2
28679;12;2
28680;13;2
28681;13;3
28682;13;2
28683;13;3
28684;12;3
28685;13;3
28686;13;3
28687;13;5
28688;12;2
28689;13;3
28690;13;2
28691;13;2
28692;12;5
28693;13;2
28694;13;5
28695;13;3
28696;12;2
28697;12;2
28698;12;2
28699;12;2
28700;12;2
28701;12;2
28702;12;2
28703;12;2
28704;12;2
28705;12;2
28706;12;2
28707;12;2
28708;13;2
28709;12;2
28710;12;2
28711;12;2
28712;12;2
28713;12;2
28714;12;2
28715;12;2
28716;13;2
28717;12;2
28718;13;3
28719;13;2
28720;13;2
28722;13;3
28723;12;3
28726;12;3
28727;12;3
28728;12;2
28729;12;2
28730;12;2
28731;13;2
28732;12;3
28733;13;2
28734;13;3
28736;12;3
28737;13;2
28738;12;3
28739;12;3
28740;12;3
28741;13;3
28742;12;2
28743;12;2
28744;12;3
28745;12;3
28746;13;3
28747;13;3
28748;13;2
28749;12;2
28750;13;2
28751;12;3
28752;12;3
28753;12;3
28754;12;3
28755;13;3
28756;13;3
28757;13;2
28758;13;3
28759;13;3
28760;13;3
28761;13;3
28762;13;2
28763;12;3
28764;13;2
28765;12;2
28766;13;2
28767;13;2
28768;12;5
28769;12;5
28771;12;5
28772;12;5
28773;12;5
28774;12;5
28775;12;5
28776;12;5
28777;12;5
28778;12;5
28779;12;5
28780;12;5
28781;12;5
28782;12;5
28783;12;5
28784;12;5
28785;12;5
28786;12;5
28787;12;5
28788;12;5
28789;12;5
28790;12;5
28791;12;5
28792;12;5
28793;12;5
28794;12;5
28795;12;5
28796;12;5
28797;12;5
28798;12;5
28799;12;5
28800;12;5
28801;12;5
28802;12;5
28803;12;5
28804;12;5
28805;12;5
28806;12;5
28807;12;5
28808;12;5
28809;12;5
28810;12;5
28811;12;5
28812;12;5
28813;12;5
28814;12;5
28815;12;5
28816;12;5
28817;12;5
28818;12;5
28819;12;5
28820;12;5
28821;12;5
28822;12;5
28823;12;5
28824;12;5
28825;12;5
28826;12;5
28827;12;5
28828;12;5
28829;12;5
28830;12;5
28831;12;5
28832;12;5
28833;12;5
28834;12;5
28835;12;5
28836;12;5
28837;12;5
28838;12;5
28839;12;5
28840;12;5
28841;12;5
28842;12;5
28844;12;2
28845;12;5
28846;12;5
28847;12;5
28848;12;5
28849;12;5
28850;13;5
28852;13;5
28853;13;2
28854;13;5
28856;13;2
28857;13;5
28859;13;5
28860;13;5
28863;13;2
28866;13;5
28867;13;5
28870;12;2
28872;12;5
28873;13;5
28874;13;2
28880;12;5
28882;13;5
28883;13;2
28886;13;5
28887;12;2
28889;12;5
28891;12;5
28894;13;5
28896;13;2
28899;13;5
28900;13;2
28901;12;2
28902;13;5
28903;13;5
28904;13;2
28905;12;5
28906;13;5
28907;13;5
28909;12;2
28910;13;2
28911;13;5
28914;13;5
28915;13;5
28916;12;5
28917;12;2
28918;13;2
28919;13;5
28920;12;3
28922;12;3
28923;13;3
28924;13;3
28925;13;3
28926;13;3
28927;13;3
28928;13;2
28929;13;3
28930;13;2
28931;13;2
28932;13;2
28933;13;2
28934;12;2
28935;13;2
28936;13;3
28937;13;3
28938;12;3
28939;12;2
28940;13;2
28941;13;3
28942;12;2
28943;12;5
28956;13;5
28960;13;3
28961;12;3
28962;13;3
28963;13;3
28964;13;2
28965;13;3
28967;12;3
28968;13;3
28970;13;3
28971;13;3
28976;12;3
28977;13;5
28979;13;5
28980;13;5
28981;13;5
28987;13;5
28989;12;5
28990;12;3
28993;13;3
28994;13;3
28995;13;3
28997;12;5
28998;13;2
28999;13;2
29000;13;3
29001;13;3
29003;13;2
29005;12;3
29006;13;2
29007;12;5
29008;13;2
29009;13;2
29010;13;5
29011;12;5
29013;13;2
29014;13;3
29015;13;3
29016;13;2
29017;13;3
29018;13;3
29019;13;2
29020;13;2
29021;12;5
29022;13;3
29023;12;3
29024;12;3
29025;13;3
29026;12;3
29027;13;5
29028;13;3
29029;13;2
29030;12;3
29032;13;3
29033;13;2
29034;13;3
29035;12;2
29036;13;3
29037;13;3
29038;13;2
29039;12;5
29040;13;2
29041;12;5
29042;13;3
29043;13;2
29045;13;2
29046;12;3
29047;13;5
29048;13;3
29049;12;3
29050;13;5
29051;13;3
29052;12;3
29053;13;3
29054;12;3
30054;13;2
30055;12;3
30056;13;2
30057;12;3
30058;13;3
30059;13;3
30060;13;2
30061;13;2
30063;13;2
30064;12;2
30065;12;2
30066;13;2
30067;13;2
30069;12;2
30070;13;3
30071;13;3
30072;12;3
30073;12;3
30074;12;3
30075;12;3
30076;13;2
30077;12;2
30078;13;2
30079;12;2
30080;13;2
30081;12;3
30082;12;2
30083;12;2
30084;13;2
30085;12;3
30086;12;2
30087;13;3
30088;13;3
30089;12;2
30090;12;2
30091;13;2
30092;13;3
30093;12;3
30094;12;2
30095;13;3
30096;13;5
30097;13;2
30098;12;3
30099;13;3
30100;13;3
30101;13;3
30102;12;3
30103;12;2
30104;13;2
30105;13;2
30106;13;2
30107;13;3
30108;12;3
30109;13;3
30110;12;2
30111;13;2
30112;13;3
30113;12;2
30114;13;3
30115;12;3
30116;12;3
30117;12;5
30118;12;5
30119;12;5
30123;13;3
30124;13;2
30125;13;3
30126;13;3
30127;12;3
30128;12;3
30129;13;3
30130;13;3
30131;12;3
30133;13;3
30134;13;3
30135;12;2
30137;13;3
30138;13;3
30139;13;3
30140;13;3
30141;12;3
30142;12;5
30143;12;5
30144;12;3
30145;12;3
30146;12;2
30147;12;3
30148;12;2
30149;12;2
30156;12;5
30159;12;3
30160;12;3
30161;13;2
30162;12;3
30163;12;3
30164;12;2
30165;13;3
30166;12;3
30167;13;2
30168;13;2
30169;13;3
30170;12;2
30171;12;3
30172;13;3
30173;13;3
30175;13;3
30176;13;3
30177;13;3
30178;12;3
30179;12;3
30181;13;3
30182;13;3
30183;12;3
30184;13;3
30185;12;3
30186;13;3
30187;13;3
30188;12;3
30189;12;3
30190;12;3
30192;13;2
30193;12;3
30194;12;3
30195;13;3
30196;13;3
30197;13;3
30198;13;2
30199;13;3
30200;12;3
30201;13;3
30203;13;3
30204;13;3
30205;13;3
30206;13;3
30207;13;2
30208;13;3
30209;12;2
30210;13;3
30211;12;3
30212;12;3
30213;12;2
30214;13;3
30215;12;3
30216;12;3
30217;13;2
30218;13;2
30219;13;3
30220;12;3
30221;13;3
30222;13;3
30223;12;3
30224;13;2
30225;12;3
30226;12;3
30227;12;3
30228;12;3
30231;12;3
30232;12;3
30233;13;3
30235;12;3
30236;12;3
30237;13;3
30238;12;3
30239;12;2
30240;13;3
30242;13;3
30243;13;3
30244;13;3
30245;12;3
30246;13;3
30247;13;3
30248;13;3
30249;13;3
30250;12;3
30251;12;3
30252;12;3
30253;12;3
30255;13;2
30256;12;3
30257;12;3
30259;12;3
30260;13;3
30261;12;2
30262;12;3
30263;12;3
30264;13;3
30267;12;3
30268;12;3
30271;12;3
30272;12;3
30273;12;3
30274;13;3
30275;12;3
30276;12;3
30277;12;3
30278;12;3
30279;12;5
30280;12;3
30282;13;3
30283;13;3
30284;13;3
30285;12;2
30286;12;3
30287;12;3
30288;12;3
30289;12;3
30290;12;5
30291;13;3
30292;13;3
30293;12;5
30294;13;3
30296;12;2
30297;13;3
30298;13;3
30299;12;2
30300;12;2
30301;12;3
30302;12;2
30303;13;3
30304;12;2
30305;12;2
30306;12;5
30307;12;2
30308;12;3
30309;13;2
30310;13;2
30312;12;3
30313;12;3
30314;12;5
30315;13;2
30316;13;3
30317;13;3
30318;13;3
30319;12;3
30320;12;3
30322;13;3
30323;13;3
30324;13;2
30325;13;3
30326;12;3
30327;12;3
30328;13;3
30329;13;3
30330;13;3
30331;12;3
30332;12;3
30333;12;3
30334;12;3
30335;13;3
30336;13;2
30337;13;3
30338;13;2
30339;13;2
30340;12;3
30341;12;3
30342;12;3
30343;12;3
30344;12;2
30345;12;2
30346;12;3
30347;12;3
30348;12;3
30349;12;3
30350;13;2
30351;12;2
30352;12;3
30353;12;3
30354;12;3
30355;12;3
30356;12;3
30357;12;3
30358;12;3
31357;13;3
31358;13;3
31359;12;3
31360;12;3
31361;12;3
31362;12;3
31363;12;3
31364;12;3
31365;13;3
31366;13;3
31367;12;2
31368;12;2
31371;13;3
31372;13;3
31373;13;2
31374;12;3
31375;12;3
31376;13;3
31377;13;3
31378;13;2
31379;13;3
31383;13;2
31384;13;3
31385;13;2
31386;12;2
31387;12;2
31388;13;3
31389;13;3
31390;13;3
31391;12;3
31392;12;2
31393;13;2
31394;12;3
31395;13;2
31396;12;3
31397;12;3
31398;12;3
31399;12;3
31400;13;2
31401;13;2
31402;13;3
31403;12;3
31404;12;3
31405;13;3
31406;13;2
31407;13;2
31408;13;2
31409;13;2
31410;13;3
31411;13;3
31412;12;3
31413;13;2
31414;12;2
31415;12;2
31416;12;5
31417;12;2
31418;12;2
31419;12;2
31420;12;3
31421;12;3
31422;13;3
31423;13;3
31424;12;3
31425;12;3
31426;12;3
31427;12;3
31428;12;3
31429;12;3
31430;12;3
31431;12;3
31432;12;3
31433;13;2
31434;12;3
31435;12;3
31436;13;3
31437;13;3
31438;13;3
31439;13;3
31440;12;3
31441;12;3
31442;12;5
31443;12;5
31444;12;3
31446;13;2
31447;13;3
31448;13;3
31449;13;3
31450;13;3
31451;12;3
31452;12;3
31453;13;3
31454;13;3
31455;13;2
31456;12;3
31457;12;3
31458;12;3
31459;12;3
31460;12;3
31461;12;3
32460;13;3
32461;13;3
32462;13;2
32463;12;3
32464;12;3
32465;12;3
32466;12;3
32467;12;3
32468;12;3
32469;12;3
32470;12;3
32471;12;2
32472;12;3
32473;12;2
32475;12;3
32476;12;3
32477;13;3
32478;12;5
32479;13;3
32480;13;3
32481;12;3
32482;12;3
32483;12;3
32484;12;3
32485;12;3
32487;13;3
32488;13;3
32489;12;3
32490;12;3
32491;13;3
32492;13;3
32493;13;3
32494;12;3
32495;12;3
32496;12;3
32497;12;3
32498;13;3
32499;13;3
32500;13;3
32501;13;3
32502;13;3
32503;13;3
32504;12;5
32505;12;3
32506;13;3
32507;13;3
32508;13;3
32509;13;3
32510;12;3
32511;12;3
32512;13;2
32513;12;3
32514;12;3
32515;12;3
32516;12;3
32517;12;3
32518;12;5
32519;13;2
32520;13;2
32521;13;3
32522;13;3
32523;13;3
32524;13;3
32525;12;3
32526;12;3
32528;13;3
32529;13;3
32530;12;3
32531;12;3
32532;12;3
32533;12;3
32534;13;3
32535;13;3
32536;12;3
32537;12;3
32538;12;3
32539;12;3
32540;12;3
32541;12;3
32542;12;3
32543;13;2
32545;12;5
32546;12;5
32547;12;5
32548;12;5
32549;12;5
32550;12;5
32551;12;5
32552;12;5
32553;12;5
32554;12;5
32555;12;5
32556;12;5
32557;12;5
32558;12;5
32559;12;5
32560;12;5
32561;12;5
32562;12;5
32563;12;5
32565;12;2
32575;12;2
32589;12;3
32590;12;3
32591;12;3
32592;13;3
32593;13;3
32594;13;3
32595;13;3
32596;13;3
32597;13;3
32598;13;3
32599;13;3
32600;13;3
32601;13;3
32602;13;5
32603;13;3
32604;13;3
32605;13;3
32606;13;3
32607;13;3
32608;13;3
32609;12;5
32610;12;5
32611;12;5
32614;13;3
32615;13;3
32616;12;3
32617;12;3
32620;12;2
32621;12;2
32623;13;2
32624;13;3
32625;13;3
32626;13;3
32628;13;3
32629;13;3
32630;13;3
32631;13;3
32632;13;3
32633;13;3
32634;13;3
32635;12;5
32637;12;3
32638;12;2
32639;13;2
32640;13;2
32641;13;3
32642;13;3
32643;12;3
32644;12;3
32645;13;3
32646;13;3
32648;13;2
32649;13;2
32652;13;2
32653;13;2
32654;12;2
32656;12;3
32657;12;3
32658;13;3
32659;13;3
32660;12;2
32661;12;2
32662;12;2
32663;13;2
32664;13;2
32665;12;2
32666;13;2
32667;13;2
32668;12;2
32669;13;2
32672;13;2
32673;13;2
32674;12;3
32675;12;3
32676;13;3
32677;13;3
32678;12;2
32679;13;3
32680;13;3
32681;13;3
32682;13;3
32683;12;5
32684;13;2
32685;12;3
32686;12;3
32687;13;2
32688;12;3
32689;13;3
32690;13;3
32691;13;3
32692;13;3
32693;12;3
32694;12;3
32695;13;3
32696;13;3
32698;12;2
32699;12;3
32700;12;3
32701;12;2
32702;13;3
32703;13;3
32704;13;2
32705;13;2
32706;12;2
32707;12;3
32708;12;3
32709;12;3
32710;12;3
32711;13;5
32712;13;5
32713;13;3
32714;13;3
32715;13;2
32716;13;2
32717;13;3
32718;13;3
32719;12;3
32720;12;3
32721;12;3
32722;12;3
32724;13;2
32725;12;3
32726;12;3
32727;12;2
32728;12;2
32729;13;2
32730;12;2
32731;13;2
32732;12;2
32733;12;2
32734;13;2
32735;13;2
32736;13;2
32737;13;2
32738;12;2
32739;13;2
32740;12;2
32741;12;2
32742;12;2
32743;12;2
32744;13;2
32745;12;2
32746;13;2
32747;13;2
32748;13;2
32749;13;2
32750;12;2
32751;12;2
32752;12;2
32753;13;2
32754;13;2
32755;13;2
32756;12;2
32757;12;2
32758;12;2
32759;13;2
32760;13;2
32761;13;2
32762;12;2
32763;13;2
32764;12;2
32765;12;2
32766;13;2
32767;13;2
32768;13;2
32769;12;2
32770;12;2
32771;12;2
32772;12;2
32773;12;2
32774;12;2
32775;12;2
32776;12;2
32777;12;2
32778;12;2
32779;13;2
32780;12;2
32781;13;2
32782;12;2
32783;12;2
32784;12;2
32785;13;2
32786;12;2
32787;12;2
32788;12;2
32789;12;2
32790;12;2
32791;13;2
32792;13;2
32793;13;2
32794;12;2
32795;12;2
32796;13;2
32797;12;2
32798;13;2
32799;12;2
32800;12;2
32802;13;2
32803;13;2
32804;12;5
32805;12;5
32806;12;5
32807;13;3
32808;13;3
32809;12;5
32810;12;2
32811;12;2
32812;12;3
32813;12;2
32814;13;2
32815;12;2
32816;13;2
32817;12;2
32818;13;2
32819;12;2
32820;13;2
32821;13;2
32822;12;2
32823;13;2
32824;12;2
32825;12;2
32826;13;2
32827;13;2
32828;13;2
32829;13;3
32830;13;3
32832;12;2
32833;12;2
32834;13;3
32835;13;3
32836;12;3
32837;12;3
32838;13;2
32839;13;2
32840;13;2
32841;13;3
32842;13;3
32843;13;2
32844;13;3
32845;13;3
32846;13;2
32847;13;2
32848;13;3
32849;13;3
32850;13;3
32851;13;3
32852;12;2
32853;13;2
32854;12;2
32857;13;3
32858;13;3
32859;12;3
32860;12;3
32861;12;2
32862;13;3
32863;13;3
32865;12;3
32866;12;3
32867;13;3
32868;13;3
32869;12;2
32870;13;3
32871;13;3
32872;13;3
32873;12;3
32874;12;3
32875;12;3
32876;12;3
32878;12;3
32879;12;3
32882;13;3
32883;13;3
32884;13;3
32885;13;3
32886;12;2
32887;13;2
32888;12;2
32889;12;2
32890;13;2
32891;13;3
32892;13;3
32893;12;3
32894;12;3
32895;12;2
32896;12;2
32897;13;2
32898;13;2
32899;12;3
32900;12;3
32901;12;2
32903;12;2
32904;12;2
32905;12;3
32906;12;2
32907;13;2
32908;12;3
32909;12;3
32910;13;2
32911;13;2
32912;13;3
32913;13;3
32914;13;2
32915;12;2
32916;13;2
32917;12;2
32918;13;2
32919;13;2
32921;13;2
32922;13;2
32923;12;2
32924;12;3
32925;13;2
32926;13;2
32927;13;2
32928;12;2
32929;13;2
32930;13;2
32931;13;2
32932;13;2
32933;13;2
32934;12;5
32935;13;2
32936;13;2
32937;12;2
32938;12;2
32939;13;2
32940;12;2
32941;12;2
32942;13;2
32943;13;2
32945;13;2
32946;12;3
32947;12;3
32948;12;3
32949;12;3
32950;12;2
32951;12;2
32952;13;2
32953;13;2
32954;13;2
32955;13;2
32956;13;2
32957;13;2
32958;13;2
32960;13;2
32961;13;2
32962;13;2
32963;13;3
32964;13;3
32965;13;2
32966;12;3
32967;12;3
32968;12;3
32969;13;2
32970;12;2
32971;12;3
32972;13;2
32973;13;2
32974;13;2
32975;12;2
32976;13;2
32977;12;3
32978;12;3
32979;13;2
32980;13;2
32981;12;2
32982;13;2
32983;13;2
32984;13;2
32985;13;2
32986;12;2
32987;13;2
32988;12;2
32989;13;2
32990;13;2
32991;12;2
32992;12;2
32993;12;2
32994;13;2
32995;13;2
32996;13;2
32997;13;2
32998;13;3
32999;13;3
33000;13;2
33001;12;3
33002;12;5
33003;13;2
33004;12;2
33005;13;2
33006;12;2
33007;13;2
33008;13;2
33009;13;2
33010;13;2
33011;13;2
33012;12;2
33013;12;2
33014;13;2
33015;13;2
33016;12;5
33017;12;5
33018;12;5
33019;12;5
33020;12;5
33021;13;2
33022;13;2
33023;13;2
33024;13;2
33025;13;2
33026;13;2
33027;13;2
33028;13;2
33029;12;5
33030;13;3
33031;13;3
33032;12;5
33033;12;5
33034;12;5
33035;12;5
33036;12;5
33037;13;2
33038;12;5
33039;12;5
33040;12;5
33041;12;5
33042;12;5
33043;12;5
33044;12;5
33045;12;5
33046;12;5
33047;12;5
33048;12;5
33049;12;5
33050;12;5
33051;12;5
33052;12;5
33053;12;5
33054;12;5
33055;12;5
33057;13;2
33058;12;5
33063;12;5
33064;12;5
33065;13;2
33066;13;2
33067;12;5
33068;13;2
33069;12;5
33071;13;2
33072;13;2
33073;13;2
33074;13;2
33075;13;2
33076;13;2
33077;13;2
33078;13;2
33079;12;2
33080;13;2
33081;12;2
33082;13;2
33083;13;2
33084;12;2
33085;13;2
33086;12;2
33087;13;2
33088;12;2
33089;13;2
33090;13;2
33091;13;2
33092;13;2
33093;13;2
33094;13;2
33095;12;2
33097;13;2
33098;12;2
33099;13;2
33100;12;2
33101;12;2
33102;13;2
33103;13;2
33104;13;2
33105;12;2
33106;12;2
33107;12;2
33108;12;2
33109;13;2
33110;13;2
33111;13;2
33112;13;2
33113;13;2
33114;13;2
33115;13;2
33116;12;2
33117;13;2
33118;13;2
33119;13;2
33120;13;2
33121;13;2
33122;12;2
33123;13;2
33124;12;2
33125;13;2
33126;13;2
33127;13;2
33128;13;2
33129;13;2
33130;13;2
33131;13;2
33132;13;2
33133;13;2
33134;12;2
33135;13;2
33136;12;3
33137;12;3
33139;13;5
33140;13;5
33141;12;2
33142;13;2
33143;13;2
33144;12;2
33145;13;2
33146;13;2
33147;12;2
33148;13;2
33149;13;2
33150;13;2
33151;12;2
33152;13;2
33153;13;2
33154;13;2
33155;13;2
33156;12;2
33157;13;2
33158;12;2
33159;13;2
33160;12;2
33161;12;5
33162;12;5
33163;13;3
33164;13;5
33165;12;3
33166;12;5
33167;13;2
33168;13;2
33169;13;2
33170;13;2
33171;13;2
33172;13;2
33173;13;2
33174;13;2
33175;13;2
33176;13;2
33177;13;2
33178;13;2
33179;13;2
33180;12;2
33181;13;2
33182;13;2
33183;12;2
33184;13;2
33185;13;2
33186;13;2
33187;13;2
33188;13;2
33189;13;2
33190;13;2
33191;13;2
33192;13;2
33193;12;2
33194;12;2
33195;13;2
33196;12;3
33197;13;2
33198;13;2
33199;12;2
33200;13;2
33201;12;2
33202;12;2
33203;12;5
33204;12;5
33206;13;2
33207;13;2
33208;13;2
33209;13;2
33210;13;2
33211;13;2
33212;13;2
33213;12;3
33214;12;3
33215;12;3
33216;12;3
33217;13;3
33218;13;3
33219;12;3
33220;12;3
33221;13;2
33222;12;3
33223;12;3
33224;12;2
33227;12;5
33228;12;5
33229;13;2
33233;13;2
33234;13;2
33235;12;5
33236;12;2
33237;12;2
33238;13;2
33239;13;2
33240;12;2
33241;13;3
33242;13;3
33243;12;2
33244;12;5
33245;13;3
33246;13;3
33248;13;2
33249;13;2
33251;12;2
33252;12;2
33253;12;2
33254;13;2
33255;13;5
33256;13;5
33257;13;2
33258;13;2
33259;13;3
33260;13;3
33261;13;3
33262;13;3
33263;13;3
33264;13;3
33265;13;3
33266;13;3
33267;13;5
33268;13;5
33271;12;3
33272;12;3
33273;12;3
38270;13;5
38271;13;5
38272;13;5
38273;13;5
38274;13;3
38275;13;5
38276;13;3
38277;13;3
38482;13;2
38483;13;2
38484;13;2
38485;12;5
38486;12;5
38487;13;3
38488;13;3
38489;12;3
38490;12;3
38491;13;3
38492;13;3
38500;12;5
38504;13;2
38505;13;3
38507;13;2
38508;12;2
38511;13;2
38512;13;5
38513;13;3
38514;13;3
38516;12;5
38521;12;5
39428;13;2
39429;13;2
39430;12;2
39431;12;2
39432;12;2
39433;12;2
39435;13;2
39436;12;2
39437;13;2
39438;13;2
39439;12;2
39440;12;2
39441;12;2
39442;13;2
39443;12;2
39444;12;2
39445;13;2
39447;12;2
39448;12;2
39449;13;2
39451;12;2
39453;12;2
39455;13;2
39456;13;2
39457;13;2
39462;13;2
39480;13;2
39482;12;2
39491;13;2
39810;13;2
39961;13;5
39970;13;5
39972;13;5
39984;13;2
39986;13;2
39988;13;2
39994;13;2
39995;13;2
39996;13;2
39999;13;2
40007;13;2
40011;13;2
40015;13;2
40019;13;2
40024;13;2
40025;12;2
40033;13;2
40034;13;2
40040;13;2
40042;13;2
40045;12;2
40049;13;2
40051;13;2
40062;12;2
40076;13;2
40077;13;2
40078;13;2
40079;12;2
40080;13;2
40082;13;2
40083;12;2
40086;12;2
40088;12;2
40089;12;2
40094;12;2
40096;12;2
40103;13;2
40104;13;2
40110;12;2
40118;13;2
40128;13;2
40144;13;2
40146;12;2
40149;12;2
40150;12;2
40156;12;5
40157;12;5
40158;13;2
40161;13;2
40164;13;2
40175;13;2
40181;13;2
40190;13;2
40193;12;2
40197;13;2
40202;13;2
40209;13;2
40219;13;2
40223;13;2
40228;13;2
40229;13;2
40237;13;2
40241;13;2
40245;12;2
40256;13;2
40257;13;2
40260;12;2
40262;13;2
40268;13;2
40276;13;2
40285;13;2
40286;13;2
40302;13;2
40306;13;2
40307;13;2
40309;12;2
40310;12;2
40315;13;2
40328;12;2
40329;12;2
40332;12;2
40337;13;2
40338;12;2
40340;13;2
40342;13;2
40349;13;2
40361;13;2
40363;13;2
40366;13;2
40367;13;2
40369;13;2
40370;12;2
40371;13;2
40380;13;2
40382;12;2
40385;13;2
40388;12;2
40412;13;2
40423;12;2
40424;12;2
40425;13;2
40426;13;2
40433;13;2
40436;12;2
40454;13;2
40460;13;2
40462;13;2
40463;13;2
40464;12;2
40471;13;2
40472;12;2
40474;13;2
40478;13;2
40480;12;5
40481;12;5
40482;12;2
40487;13;2
40492;13;2
40504;13;2
40507;12;2
40508;12;2
40510;12;2
40514;13;2
40515;13;2
40516;13;2
40518;13;2
40522;13;2
40524;13;2
40530;13;2
40531;12;2
40532;13;2
40533;13;2
40545;13;2
40550;13;2
40552;13;2
40553;13;2
40554;12;2
40555;12;2
40563;NULL;2
40564;NULL;2
40569;13;5
40574;12;2
40581;12;2
40585;13;2
40587;12;2
40591;13;2
40592;NULL;2
40595;13;2
40597;12;2
40598;12;2
40599;12;2
40601;13;2
40606;13;2
40611;13;2
40612;13;2
40618;13;2
40619;13;2
40620;12;2
40621;12;2
40635;13;2
40636;13;2
40642;13;2
40649;13;2
40652;13;2
40671;13;2
40677;13;2
40693;13;2
40696;13;2
40701;12;2
40709;13;2
40711;12;2
40726;13;2
40731;12;2
40734;12;2
40843;12;5
40845;12;2
40851;12;2
40860;13;2
40883;13;2
40885;12;5
40887;13;2
40891;13;2
40908;13;2
40911;13;2
40917;13;2
40923;13;2
40924;13;2
40940;13;2
40956;13;2
40961;13;2
40969;13;2
40971;13;2
40973;13;2
40977;13;2
40978;13;2
40988;13;2
40991;13;2
40992;13;2
40997;13;2
40999;13;2
41011;12;2
41020;13;2
41036;13;2
41042;12;2
41044;13;2
41055;13;2
41057;13;2
41065;13;2
41068;13;2
41075;13;2
41080;12;2
41088;13;2
41092;13;2
41096;13;2
41100;12;2
41111;13;2
41116;13;5
41117;13;2
41118;13;2
41119;13;2
41120;12;5
41122;13;5
41124;13;5
41125;13;2
41128;13;5
41131;13;5
41135;13;5
41167;13;5
41168;12;5
41170;13;5
41171;12;5
41172;13;5
41173;13;5
41174;13;5
41178;13;5
41179;13;5
41181;13;5
41182;13;5
41189;13;5
41197;12;2
41227;13;2
41230;12;2
41232;13;5
41237;12;2
41251;13;2
41252;13;2
41261;13;2
41262;12;2
41269;13;2
41288;13;2
41296;13;2
41299;12;2
41311;12;2
41312;12;2
41323;NULL;2
41324;NULL;2
41332;13;2
41334;13;2
41335;12;2
41336;13;2
41342;13;2
41344;13;2
41345;13;2
41346;13;2
41348;13;2
41350;12;2
41352;12;2
41355;12;2
41356;12;2
41360;13;2
41361;12;2
41362;12;2
41365;12;2
41377;13;2
41378;13;2
41379;13;2
41391;12;2
41396;12;5
41399;12;5
41400;12;2
41407;13;2
41411;13;2
41414;13;2
41420;13;2
41432;13;2
41433;13;2
41434;13;2
41436;12;2
41437;12;2
41438;13;2
41452;13;2
41453;13;2
41457;13;2
41458;13;2
41459;13;2
41465;13;2
41468;12;2
41471;12;2
41473;13;2
41496;13;2
41938;13;2
41943;13;2
41946;12;2
41951;13;2
41952;13;2
41957;13;2
41970;13;2
41971;13;2
41976;13;2
41980;12;2
41982;13;2
41988;13;2
41989;13;2
41997;13;2
42001;12;2
42005;13;2
42018;13;2
42019;13;2
42021;13;2
42035;13;2
42039;13;2
42043;13;2
42046;13;2
42056;13;2
42057;12;5
42058;12;5
42063;13;2
42064;13;2
42069;12;2
42070;13;2
42073;12;2
42075;13;2
42076;13;2
42082;12;2
42085;13;2
42086;13;2
42087;13;2
42088;13;2
42094;13;2
42096;13;2
42100;13;2
42105;13;2
42132;13;2
42134;13;2
42137;13;2
42140;12;2
42147;13;2
42152;13;2
42153;13;2
42155;13;2
42156;12;2
42162;13;2
42170;13;2
42173;13;2
42175;13;2
42177;12;2
42179;13;2
42181;13;2
42182;13;2
42187;13;2
42193;13;2
42197;12;2
42198;12;2
42199;12;2
42201;13;2
42202;NULL;2
42208;13;2
42219;13;2
42232;13;2
42240;12;2
42242;12;2
42243;13;2
42251;12;2
42258;13;2
42272;12;2
42275;13;2
42290;13;2
42292;13;2
42294;13;2
42299;12;2
42303;13;2
42309;12;2
42311;13;2
42313;13;2
42317;12;2
42318;13;2
42321;12;2
42328;13;2
42331;13;2
42332;13;2
42334;12;2
42335;12;2
42339;13;2
42351;12;2
42359;12;2
42360;12;2
42361;13;2
42363;13;2
42371;13;2
42373;13;2
42382;13;2
42384;13;2
42385;13;2
42386;12;2
42393;12;2
42403;13;5
42409;13;5
42413;13;5
42431;13;2
42432;13;2
42443;12;2
42444;13;2
42447;12;2
42448;13;2
42469;13;2
42478;12;2
42492;13;2
42511;13;2
42512;13;2
42513;13;5
42514;12;2
42515;13;2
42516;13;2
42517;13;2
42537;12;2
42539;12;2
42540;12;2
42541;13;2
42542;12;2
42543;12;2
42545;12;2
42546;12;2
42549;12;2
42550;12;2
42551;12;2
42552;12;2
42554;12;2
42556;12;2
42557;12;2
42559;13;2
42560;12;2
42561;12;2
42562;13;2
42563;12;2
42564;12;2
42565;13;2
42566;12;2
42637;12;5
42639;13;5
42641;13;5
42642;13;2
42651;13;5
42655;13;5
42656;13;5
42660;13;5
42664;13;5
42665;13;5
42666;12;5
42668;13;5
42669;12;5
42670;13;5
42671;13;5
42675;13;5
42677;13;5
42705;13;5
42710;13;5
42713;13;5
42727;13;2
42729;13;2
42733;13;2
42738;13;2
42741;13;2
42754;12;5
42756;12;2
42759;12;2
42796;13;2
42800;13;2
42804;13;2
42808;13;2
42809;13;2
42837;13;2
42838;13;2
42845;13;2
42857;13;2
42861;12;2
42865;13;2
42873;13;2
42877;12;2
42884;13;2
42886;13;2
42889;13;2
42900;13;2
42902;13;2
42911;12;2
42913;13;2
42917;13;2
42937;13;2
42940;12;2
42952;13;2
42962;13;2
42965;13;2
42968;13;2
42969;13;2
42979;13;2
42982;13;2
42984;13;2
42986;13;2
42996;13;2
42997;13;3
42998;13;3
42999;13;3
43000;13;3
43001;13;2
43002;13;2
43003;13;5
43004;13;5
43005;12;5
43006;13;3
43007;13;3
43008;13;5
43009;12;2
43010;12;2
43011;13;3
43012;13;3
43013;13;3
43014;13;3
43015;12;3
43016;12;3
43018;13;2
43019;13;2
43020;13;3
43021;13;3
43022;12;3
43023;12;3
43024;12;5
43025;12;5
43026;13;2
43027;12;5
43028;12;5
43029;13;5
43030;13;5
43031;12;2
43032;13;5
43033;13;5
43034;13;3
43035;12;3
43036;12;3
43037;13;3
43038;13;3
43039;13;3
43040;13;3
43041;13;2
43043;12;2
43044;13;2
43045;12;3
43046;12;3
43047;12;5
43048;13;2
43049;13;5
43050;12;5
43051;13;3
43052;13;2
43053;13;3
43054;13;3
43055;13;3
43056;13;3
43057;13;2
43058;13;2
43059;13;3
43060;13;3
43061;13;3
43062;13;3
43064;13;3
43065;13;3
43066;13;3
43067;13;2
43068;13;5
43069;13;3
43070;13;3
43071;12;3
43072;12;3
43073;13;3
43074;13;3
43075;12;2
43076;12;3
43077;12;5
43079;12;2
43080;12;2
43081;12;2
43082;13;3
43083;13;3
43084;13;3
43085;13;3
43086;12;2
43087;12;2
43088;13;3
43089;13;3
43090;12;3
43091;12;3
44088;13;3
44089;13;3
44090;13;2
44091;13;3
44092;13;3
44093;12;5
44094;12;5
44095;13;2
44096;13;3
44097;12;3
44098;13;3
44099;12;5
44100;13;2
44101;13;2
44102;13;3
44103;13;3
44104;12;2
44105;12;2
44106;13;2
44107;12;5
44108;12;5
44109;12;2
44110;12;5
44111;12;2
44112;12;2
44113;12;2
44115;12;2
44116;12;2
44117;12;5
44118;12;2
44119;13;3
44120;12;5
44121;12;5
44122;12;5
44123;12;5
44124;12;5
44125;12;5
44126;12;5
44127;12;5
44128;12;5
44129;12;2
44130;12;2
44131;12;2
44132;12;2
44133;12;2
44134;12;2
44135;12;2
44136;12;2
44137;12;2
44138;12;2
44139;12;2
44140;12;2
44141;12;2
44142;12;2
44143;12;2
44144;12;2
44145;12;2
44146;12;2
44147;12;2
44148;12;2
44149;12;2
44150;12;2
44151;12;2
44152;12;2
44153;12;2
44154;12;2
44155;12;2
44156;12;2
44157;12;2
44158;12;2
44162;12;2
44163;12;2
44164;12;2
44165;12;2
44166;12;2
44167;12;2
44168;12;2
44169;12;2
44170;12;2
44171;12;2
44172;12;2
44173;12;2
44174;12;2
44175;12;2
44177;12;2
44179;12;2
44180;12;2
44181;12;2
44182;12;2
44183;12;2
44185;12;2
44187;13;2
44190;12;2
44191;12;2
44192;12;2
44193;12;2
44194;12;2
44195;12;2
44196;12;2
44197;12;2
44198;12;2
44200;13;2
44201;12;2
44203;12;2
44204;12;2
44205;12;2
44206;12;2
44207;12;2
44208;12;2
44210;12;2
44211;12;2
44212;12;2
44213;12;2
44214;12;2
44215;12;5
44216;12;2
44217;12;2
44218;12;5
44219;12;2
44220;12;2
44221;12;2
44222;12;2
44223;12;2
44224;12;2
44225;12;2
44226;12;2
44227;12;2
44228;12;2
44229;12;2
44230;12;2
44231;12;2
44232;12;2
44233;12;2
44234;12;2
44235;12;2
44236;12;2
44245;12;2
44246;12;2
44247;12;2
44248;12;2
44249;12;2
44250;12;2
44251;12;2
44252;12;2
44253;12;2
44254;12;2
44255;12;2
44256;12;2
44257;12;2
44258;12;2
44259;12;2
44260;12;2
44261;12;2
44262;12;2
44263;12;2
44264;12;2
44265;12;2
44266;12;2
44267;12;2
44268;12;2
44269;12;2
44270;12;2
44271;12;2
44272;12;2
44273;13;2
44274;12;2
44275;12;2
44276;12;2
44277;12;2
44278;12;2
44279;12;2
44280;12;2
44284;12;2
44285;12;2
44286;13;2
44287;13;2
44288;13;2
44289;13;2
44290;12;2
44291;12;2
44292;12;2
44293;12;2
44294;12;2
44295;13;2
44296;12;2
44297;12;2
44298;12;3
44299;12;2
44300;12;3
44301;12;3
44303;13;2
44304;13;2
44305;13;5
44306;13;5
44307;12;2
44308;13;2
44311;12;2
44312;12;2
44313;12;5
44314;12;2
44315;13;3
44316;13;3
44317;12;2
44318;12;5
44319;12;5
44320;13;2
44321;13;2
44322;12;3
44323;12;3
44324;12;3
44325;12;3
44326;12;3
44327;12;3
44328;12;3
44329;12;3
44330;13;3
44331;13;3
44332;12;5
44333;12;3
44334;12;3
44335;12;5
44336;12;5
44337;12;5
44338;13;3
44339;13;3
44340;13;3
44341;13;2
44342;13;3
44343;12;5
44344;13;2
44345;12;2
44346;13;3
44347;13;3
44348;13;3
44349;13;3
44350;13;2
44351;13;2
44352;13;3
44353;13;3
44354;12;3
44355;12;3
44356;13;2
44357;13;3
44358;13;3
44359;12;3
44360;12;3
44361;13;2
44362;12;3
44363;12;3
44364;12;5
44365;12;5
44366;13;2
44367;13;2
44368;12;3
44369;12;3
44370;13;2
44371;13;3
44372;13;3
44373;12;2
44374;13;2
44375;13;2
44376;12;2
44377;12;2
44378;13;2
44379;12;3
44380;12;3
44381;13;5
44382;13;2
44384;13;5
44385;12;2
44386;12;2
44389;12;2
44390;12;2
44391;12;5
44392;12;2
44393;12;2
44394;13;2
44395;13;2
44396;13;2
44397;12;2
44398;12;2
44399;12;2
44400;12;3
44401;12;3
44402;13;2
44403;13;3
44404;13;3
44405;12;3
44406;13;2
44407;13;2
44408;12;2
44409;13;2
44410;12;2
44411;12;2
44412;13;5
44413;13;5
44414;13;3
44416;13;3
44417;13;3
44418;12;2
44419;12;3
44420;12;3
44421;12;2
44422;12;2
44423;12;3
44424;12;3
44425;13;2
44426;13;2
44429;12;3
44430;12;3
44431;12;3
44432;12;3
44433;13;3
44434;13;3
44437;12;3
44438;12;3
44439;12;3
44440;12;2
44441;12;3
44442;12;3
44443;13;2
44444;12;2
44445;13;3
44446;13;3
44448;12;2
44449;12;2
44450;12;2
44451;13;3
44452;13;3
44453;12;2
44454;12;2
44455;13;2
44456;12;5
44457;12;5
44458;12;2
44459;13;2
44460;13;2
44461;12;5
44462;12;5
44463;12;2
44464;13;2
44465;13;2
44466;12;2
44467;12;3
44468;13;2
44469;13;3
44470;13;2
44471;13;3
44472;13;3
44473;13;2
44474;13;2
44475;13;2
44477;13;3
44478;13;3
44479;12;5
44480;12;5
44481;13;2
44482;13;2
44483;13;3
44484;13;3
44485;13;5
44486;12;5
44487;13;2
44489;12;5
44490;12;5
44491;13;5
44492;13;5
44493;13;5
44494;12;5
44495;12;5
44496;12;5
44497;12;5
44498;13;2
44499;12;2
44500;12;3
44501;12;3
44502;12;5
44503;13;2
44504;12;5
44505;12;5
44506;12;5
44507;12;5
44508;12;3
44509;13;3
44510;13;5
44512;13;5
44513;13;2
44514;13;3
44515;13;3
44516;12;5
44517;12;5
44518;12;5
44519;12;3
44520;12;3
44521;12;3
44522;12;3
44523;12;3
44524;12;3
44525;12;2
44526;12;3
44527;12;3
44528;13;5
44529;13;5
44530;12;3
44531;12;3
44533;13;3
44536;13;2
44537;12;3
44538;12;3
44539;12;5
44540;12;5
44541;13;3
44542;13;3
44543;13;3
44544;12;2
44545;12;3
44546;12;2
44547;12;2
44548;13;2
44549;12;5
44550;13;3
44551;13;3
44552;13;5
44553;13;2
44554;13;5
44555;13;5
44556;12;2
44557;12;2
44558;12;3
44559;12;3
44560;13;3
44561;12;5
44562;12;5
44563;13;5
44564;12;3
44565;12;3
44566;12;3
44567;13;5
44568;13;5
44569;12;5
44570;12;5
44571;12;3
44572;13;3
44574;13;2
44575;13;2
44577;12;2
44578;13;2
44579;13;2
44580;13;2
44581;13;2
44582;12;3
44583;13;2
44584;12;2
44585;13;2
44586;12;2
44587;13;3
44588;13;3
44590;12;2
44591;13;3
44592;13;3
44593;12;3
44594;13;5
44597;13;2
44598;13;2
44599;12;3
44601;12;2
44602;12;3
44603;12;2
44604;12;2
44605;13;2
44606;13;3
44607;13;2
44608;13;2
44609;12;2
44610;13;3
44611;13;3
44612;13;3
44613;13;3
44614;12;3
44615;12;2
44616;13;2
44617;12;2
44618;12;3
44619;12;3
44620;12;3
44621;13;2
44623;13;2
44625;13;2
44626;12;2
44627;12;3
44628;13;5
44629;13;5
44630;12;3
44631;13;2
44632;13;2
44633;12;2
44634;12;3
44635;12;3
44636;12;3
44637;13;3
44638;13;2
44639;13;2
44640;13;2
44641;12;3
44642;13;2
44643;13;2
44644;13;2
44645;13;2
44646;12;2
44647;13;3
44648;13;3
44651;12;2
44652;12;2
44653;13;2
44654;13;2
44655;13;3
44656;13;3
44657;13;3
44658;13;3
44659;13;3
44661;13;2
44662;13;3
44663;13;3
44664;13;2
44665;12;2
44666;12;3
44667;12;2
44668;12;2
44669;12;2
44670;12;2
44671;12;3
44672;12;2
44673;12;2
44674;13;3
44675;12;3
44676;12;3
44677;13;3
44678;13;3
44679;12;2
44680;12;3
44681;12;3
44682;12;3
44683;13;2
44684;12;2
44686;13;2
44687;12;2
44688;13;3
44689;13;3
44690;12;3
44691;12;3
44692;13;3
44693;13;3
44694;13;5
44695;13;5
44696;13;2
44697;12;5
44698;12;5
44699;13;2
44700;13;2
44701;13;3
44702;13;3
44703;13;5
44704;12;2
44705;13;3
44706;13;3
44707;13;2
44708;13;2
44709;12;2
44710;12;5
44711;13;2
44712;13;3
44713;13;2
44714;12;3
44715;13;5
44716;12;5
44717;12;2
44718;12;2
44719;12;5
44720;13;2
44721;13;2
44722;13;2
44723;13;2
44724;12;2
44725;13;2
44726;12;5
44727;12;2
44728;13;2
44729;13;2
44730;13;3
44731;12;5
44732;13;2
44733;12;3
44734;13;2
44735;12;3
44736;12;2
44737;13;5
44738;12;3
44739;12;3
44740;12;3
44741;12;2
44742;12;5
44743;12;5
44744;12;3
44745;12;3
44747;13;3
44748;12;3
44749;12;3
44750;12;3
44751;12;3
44752;12;3
44753;12;5
44754;13;3
44755;13;3
44756;12;2
44757;13;2
44758;13;2
44759;13;2
44760;12;3
44761;12;3
44762;13;2
44763;13;5
44764;12;5
44765;12;5
44767;13;5
44768;13;2
44769;13;5
44770;12;5
44771;13;5
44772;13;2
44773;12;3
44775;13;5
44776;13;5
44777;13;3
44778;13;2
44779;13;2
44780;13;2
44782;13;2
44783;13;5
44784;12;2
44785;12;2
44786;12;5
44787;12;2
44788;13;3
44789;12;5
44791;12;2
44792;12;3
44793;12;3
44794;13;2
44795;13;2
44796;12;3
44797;12;3
44798;13;3
44799;12;2
44800;12;3
44801;12;5
44802;12;3
44803;12;3
44804;12;2
44805;13;5
44806;12;5
44807;13;2
44808;13;2
44809;12;5
44810;12;5
44811;12;3
44812;12;2
44813;12;3
44814;13;3
44815;12;3
44816;13;3
44817;13;3
44818;12;2
44819;12;2
44820;12;3
44821;12;5
44822;12;3
44823;12;5
44824;12;5
44825;13;3
44826;12;3
44827;12;3
44829;13;2
44830;12;2
44831;13;2
44832;12;3
44833;13;2
44834;13;5
44835;13;5
44836;12;5
44837;13;3
44838;12;3
44839;12;3
44840;12;3
44841;12;3
44842;12;3
44843;12;3
44844;12;2
44845;13;3
44846;13;3
44847;12;5
44848;12;3
44849;12;3
44850;12;3
44851;12;3
44852;12;3
44853;12;3
44854;12;3
44855;12;3
44856;12;5
44857;12;5
44858;13;5
44859;13;5
44860;13;5
44861;12;3
44862;13;3
44863;12;3
44864;12;3
44865;12;3
44866;12;5
44867;13;5
44868;12;3
44869;12;3
44870;12;3
44871;12;3
44872;12;3
44873;12;3
44874;12;3
44875;12;3
44876;12;3
44877;12;3
44878;12;3
44879;12;3
44880;12;3
44881;12;3
44882;12;3
44883;12;5
44884;12;5
44885;13;2
44886;12;3
44887;12;2
44888;12;2
44889;12;3
44890;12;3
44891;12;3
44892;12;3
44893;12;3
44894;12;3
44895;12;3
44896;12;2
44898;13;3
44899;13;3
44900;12;2
44902;13;3
44903;12;5
44904;13;3
44905;13;5
44906;13;5
44907;13;2
44908;13;3
44909;13;3
44910;12;3
44911;12;3
44912;13;5
44913;12;3
44914;12;3
44915;12;5
44916;13;3
44917;13;3
44918;12;3
44919;12;3
44920;13;3
44921;12;3
44922;12;5
44923;12;5
44924;13;5
44925;12;5
44926;12;5
44927;13;5
44928;13;5
44929;12;3
44930;12;3
44933;13;5
44934;12;5
44935;13;5
44936;13;5
44938;13;2
44939;13;2
44940;13;2
44941;12;5
44942;13;3
44943;13;3
44944;13;5
44945;12;3
44946;13;5
44947;13;5
44948;12;5
44949;12;3
44950;12;3
44951;12;3
44952;13;5
44953;13;5
44954;13;5
44955;12;2
44956;12;3
44957;13;2
44958;12;5
44959;12;5
44960;12;3
44961;13;2
44962;13;2
44963;12;3
44964;13;5
44965;13;5
44966;12;3
44967;12;3
44968;13;5
44969;13;5
44970;13;2
44971;13;5
44972;13;5
44973;13;5
44974;13;2
44975;13;2
44976;12;5
44977;12;2
44978;13;5
44979;12;3
44980;12;5
44981;13;5
44982;12;2
44983;12;2
44985;13;5
44986;13;3
44987;13;2
44988;13;5
44989;13;5
44990;12;5
44991;13;3
44992;12;2
44993;12;2
44994;13;3
44995;13;3
44996;12;3
44997;13;5
44998;13;3
44999;12;2
45000;13;2
45001;13;2
45002;13;2
45003;13;2
45004;13;2
45005;13;5
45006;13;5
45007;12;3
45008;12;5
45009;12;3
45010;12;3
45011;12;2
45012;13;2
45013;12;5
45014;12;5
45015;13;5
45016;12;3
45017;13;3
45018;12;3
45019;12;3
45020;12;3
45021;12;5
45022;13;5
45023;12;3
45024;12;3
45025;13;5
45026;12;3
45027;12;3
45028;13;5
45029;13;5
45030;13;3
45034;13;3
45035;13;3
45036;13;5
45037;12;2
45038;12;3
45039;13;5
45040;13;5
45041;13;5
45042;13;3
45043;13;3
45044;13;3
45045;13;5
45046;12;3
45047;12;3
45048;12;3
45049;12;3
45050;12;3
45051;12;5
45052;12;5
45053;13;3
45054;13;3
45056;13;2
45057;12;3
45058;12;3
45059;13;2
45060;13;5
45061;13;5
45062;13;2
45063;13;3
45064;13;2
45065;12;3
45066;12;3
45071;13;3
45072;13;3
45073;12;3
45074;12;3
45075;13;3
45076;13;3
45077;13;3
45078;12;3
45079;13;3
45080;13;3
45082;13;5
45083;13;3
45084;13;3
45085;13;5
45086;13;2
45087;13;5
45088;13;3
45089;13;3
45090;12;5
45091;12;3
45092;12;3
45093;13;3
45094;12;3
45095;12;3
45097;13;3
45098;12;5
45099;12;5
45100;13;3
45101;13;3
45102;13;3
45103;12;2
45104;13;5
45105;12;3
45106;13;3
45107;13;3
45108;12;3
45109;12;3
45110;12;3
45111;12;3
45112;12;3
45113;13;5
45114;12;5
45116;13;3
45117;13;3
45118;13;3
45119;12;3
45120;12;3
45124;13;3
45125;13;3
45126;12;2
45127;12;3
45128;12;3
45129;12;2
45130;13;3
45131;13;3
45132;12;3
45133;12;3
45134;13;3
45135;13;3
45137;12;3
45138;12;3
45139;12;2
45140;12;2
45143;13;5
45144;13;3
45145;13;3
45146;13;5
45147;13;5
45148;12;5
45149;12;5
45150;12;3
45151;12;3
45152;13;5
45153;13;3
45154;13;5
45155;12;2
45156;12;2
45157;12;5
45158;12;5
45159;13;3
45160;13;3
45161;13;5
45162;13;5
45163;13;2
45164;13;2
45165;12;2
45166;12;3
45167;13;2
45168;13;3
45169;13;3
45170;12;2
45171;13;3
45172;13;3
45173;13;3
45174;13;3
45175;13;3
45176;13;3
45177;12;3
45178;12;3
45179;12;5
45180;12;5
45181;12;3
45182;13;2
45183;12;3
45184;13;3
45185;12;3
45186;12;3
45187;12;3
45188;13;5
45189;13;5
45190;12;5
45191;12;2
45192;13;2
45193;13;2
45194;13;2
45195;13;3
45196;13;3
45794;13;2
45795;13;2
45796;12;5
45797;12;2
45798;12;2
45799;13;3
45800;13;3
45801;13;3
45802;13;3
45803;13;3
45804;12;3
45805;12;3
45806;13;2
45807;13;2
45808;12;3
45809;12;3
45811;13;3
45812;12;3
45813;12;2
45814;12;2
45815;12;2
45816;12;3
45818;12;5
45819;12;3
45820;13;2
45821;13;3
45822;12;3
45823;12;3
45824;13;3
45825;13;3
45826;12;5
45827;13;3
45828;13;2
45829;12;3
45830;12;5
45831;13;2
45832;12;5
45834;13;2
45835;12;3
45836;12;3
45837;12;3
45838;12;3
45839;13;2
45840;12;5
45841;12;5
45842;12;2
45843;12;2
45844;13;2
45845;13;2
45846;13;3
45847;13;3
45848;12;3
45849;13;3
45850;12;3
45851;12;3
45852;12;2
45853;13;3
45854;13;3
45855;13;2
45856;13;2
45857;13;2
45858;13;2
45859;12;2
45860;12;3
45861;12;3
45862;13;3
45863;13;3
45864;13;2
45865;13;3
45866;13;3
45867;13;2
45868;13;3
45869;13;3
45870;12;5
45871;12;5
45872;12;5
45873;12;5
45874;12;5
45875;12;5
45876;12;5
45877;12;5
45878;12;5
45879;12;5
45880;12;5
45881;12;5
45882;12;5
45883;12;5
45884;12;5
45885;12;5
45886;12;5
45887;12;5
45888;12;5
45889;12;5
45890;12;5
45891;12;5
45892;12;5
45893;12;5
45894;12;5
45895;12;5
45896;12;5
45897;12;5
45898;12;5
45899;12;5
45900;12;5
45901;12;5
45902;12;5
45903;12;5
45904;12;5
45905;12;5
45906;12;5
45907;12;5
45908;12;5
45909;12;5
45910;12;5
45911;12;5
45912;12;5
45913;12;5
45914;12;5
45915;12;5
45916;12;5
45917;12;5
45918;12;5
45919;12;5
45920;12;5
45921;12;5
45922;12;5
45923;12;5
45924;12;5
45925;12;5
45926;12;5
45927;12;5
45928;12;5
45929;12;5
45930;12;5
45931;12;5
45932;12;5
45933;12;5
45934;12;5
45935;12;5
45936;12;5
45937;12;5
45938;12;5
45939;12;5
45940;12;5
45941;12;5
45942;12;5
45943;12;5
45944;12;5
45945;12;5
45946;12;5
45947;12;5
45948;12;5
45949;12;5
45950;12;5
45951;12;5
45952;12;5
45953;12;5
45954;12;5
45955;12;5
45956;12;5
45957;12;5
45958;12;5
45959;12;5
45960;12;5
45961;12;5
45962;12;5
45963;12;5
45964;12;5
45965;12;5
45966;12;5
45967;12;5
45968;12;5
45969;12;5
45970;12;5
45971;12;5
45972;12;5
45973;12;5
45974;12;5
45975;12;5
45976;12;5
45977;12;5
45978;12;5
45979;12;5
45980;12;5
45981;12;5
45982;12;5
45983;12;5
45984;12;5
45985;12;5
45986;12;5
45987;12;5
45988;12;5
45989;12;5
45990;12;5
45991;12;5
45992;12;5
45993;12;5
45994;12;5
45995;12;5
45996;12;5
45997;12;5
45998;12;5
45999;12;5
46000;12;5
46001;12;5
46002;12;5
46003;12;5
46004;12;5
46005;12;5
46006;12;5
46007;12;5
46008;12;5
46009;12;5
46010;12;5
46011;12;5
46012;12;5
46013;12;5
46014;12;5
46015;12;5
46016;12;5
46017;12;5
46018;12;5
46019;12;5
46020;12;5
46021;12;5
46022;12;5
46023;12;5
46024;12;5
46025;12;5
46026;12;5
46027;12;5
46028;12;5
46029;12;2
46030;12;2
46031;13;2
46032;13;2
46033;13;2
46034;13;2
46036;12;2
46037;12;3
46038;12;3
46039;12;2
46040;12;2
46041;12;2
46042;12;2
46043;12;2
46044;12;2
46045;12;2
46046;12;2
46047;12;2
46049;12;3
46050;12;3
46051;12;2
46052;12;2
46053;12;2
46054;12;2
46055;12;3
46056;12;3
46057;13;3
46058;13;3
46059;13;2
46060;13;2
46061;13;3
46062;13;3
46063;12;3
46064;12;3
46065;12;3
46066;12;3
46067;12;3
46068;12;3
46069;13;3
46070;13;3
46071;13;3
46072;12;3
46073;12;2
46074;12;3
46075;13;3
46076;13;3
46077;13;3
46078;13;3
46079;13;3
46080;13;3
46081;13;2
46083;13;3
46084;13;3
46085;13;3
46086;13;2
46087;13;3
46088;13;3
46089;12;3
46090;13;3
46091;13;3
46092;12;5
46093;12;5
46094;13;3
46095;13;3
46096;13;3
46097;13;3
46100;12;3
46101;12;3
46102;12;5
46103;12;2
46104;12;5
46105;13;5
46106;12;2
46107;12;2
46108;12;2
46109;12;2
46110;12;2
46111;12;2
46112;12;2
46113;12;2
46114;12;2
46115;12;2
46116;12;2
46117;12;2
46118;12;2
46119;12;2
46120;13;2
46121;12;2
46122;12;2
46123;12;2
46124;12;2
46125;12;2
46126;12;2
46127;12;2
46128;12;2
46129;12;2
46130;12;2
46131;12;2
46132;12;2
46133;12;2
46134;12;2
46135;12;2
46136;12;2
46137;12;2
46138;12;2
46139;12;2
46140;12;2
46141;12;2
46142;12;2
46143;12;2
46144;12;2
46145;12;2
46146;12;3
46147;12;3
46148;13;2
46149;12;2
46150;13;2
46151;13;3
46152;13;3
46153;12;2
46154;12;2
46155;12;2
46156;12;2
46157;12;2
46158;12;2
46159;12;2
46160;12;2
46161;12;2
46162;12;2
46163;12;2
46164;12;2
46165;12;2
46166;12;2
46167;12;2
46168;12;2
46169;12;2
46170;12;2
46171;12;2
46172;12;2
46173;12;2
46174;12;2
46175;12;2
46177;12;2
46178;12;2
46179;12;2
46180;12;2
46181;12;2
46182;12;5
46183;13;2
46184;12;2
46185;13;2
46186;12;2
46187;13;2
46188;12;2
46189;12;2
46190;12;2
46191;12;2
46192;12;2
46193;12;2
46194;12;2
46195;12;2
46196;12;2
46197;12;2
46198;12;2
46199;12;2
46200;12;2
46201;12;2
46202;12;2
46203;12;2
46204;12;2
46205;12;2
46206;12;2
46207;12;2
46208;12;2
46209;12;2
46210;12;2
46211;12;2
46212;12;2
46213;12;2
46214;12;2
46215;12;2
46216;12;2
46217;12;2
46218;12;2
46219;12;2
46220;12;2
46221;12;2
46222;12;2
46223;12;2
46224;12;2
46225;12;2
46226;12;2
46227;12;2
46228;12;2
46229;12;2
46230;12;2
46231;13;2
46232;13;2
46233;12;2
46234;12;2
46235;12;2
46236;12;2
46237;12;2
46238;12;2
46239;12;2
46240;12;2
46241;12;2
46242;12;2
46243;12;2
46244;12;2
46245;12;2
46246;12;2
46247;12;2
46248;13;2
46249;13;2
46250;12;2
46251;12;2
46252;12;2
46253;13;3
46254;13;3
46255;12;3
46256;12;3
46257;12;3
46258;12;3
46259;12;3
46260;12;3
46261;12;3
46262;12;3
46263;13;2
46264;13;2
46265;13;3
46266;13;5
46267;12;5
46268;12;5
46269;12;5
46270;12;3
46271;12;3
46272;12;3
46273;12;3
46274;13;3
46275;13;3
46276;12;2
46277;12;2
46278;13;2
46279;13;2
46280;12;2
46281;12;2
46282;12;3
46283;12;2
46284;12;2
46285;12;2
46286;12;2
46287;12;5
46289;12;2
46290;13;2
46291;12;5
46292;13;2
46293;13;2
46294;12;2
46295;12;2
46296;12;2
46297;12;2
46298;13;3
46299;13;3
46300;12;3
46301;13;2
46302;13;2
46303;12;3
46304;12;3
46307;13;3
46308;13;3
46309;13;3
46310;13;3
46311;13;2
46312;13;2
46313;12;2
46315;13;2
46316;12;5
46317;13;5
46318;12;3
46319;12;3
46320;13;2
46321;13;2
46322;12;3
46323;12;3
46324;12;3
46325;12;3
46326;13;5
46327;12;2
46328;12;3
46329;12;3
46330;12;2
46331;12;5
46332;13;2
46333;13;3
46334;13;3
46335;12;2
46336;12;2
46337;13;3
46338;13;3
46339;12;3
46340;12;3
46341;12;3
46342;12;3
46343;13;2
46344;13;3
46345;13;3
46346;12;3
46347;12;3
46348;13;2
46349;12;2
46350;12;3
46351;13;3
46352;12;3
46353;12;5
46354;12;5
46355;12;3
46356;13;3
46357;13;3
46358;13;2
46359;13;3
46360;13;3
46361;12;2
46362;13;3
46363;13;3
46365;12;3
46366;12;3
46367;13;3
46368;13;3
46369;13;2
46370;12;3
46371;12;3
46372;12;5
46374;12;2
46375;13;2
46376;13;2
46377;12;3
46378;12;2
46379;13;3
46380;12;3
46381;13;3
46382;12;3
46384;13;3
46385;13;2
46386;13;3
46387;12;2
46388;12;3
46389;13;2
46390;13;3
46391;13;3
46392;13;3
46393;13;3
46394;13;3
46395;13;3
46396;13;3
46397;13;3
46398;12;3
46399;12;3
46400;13;3
46401;13;3
46402;13;3
46403;13;3
46404;12;3
46405;12;3
46406;13;3
46407;13;3
46408;12;3
46409;12;2
46410;13;2
46411;12;3
46412;13;3
46413;12;2
46414;12;3
46415;12;3
46416;12;3
46417;12;3
46418;12;3
46419;12;3
46420;13;3
46421;13;3
46422;12;2
46423;12;2
46424;12;3
46425;12;3
46426;12;3
46427;12;3
46428;13;3
46429;13;3
46430;13;3
46431;13;3
46434;13;2
46435;12;3
46436;12;3
46437;12;3
46438;12;3
46439;12;3
46440;12;3
46441;12;2
46444;13;3
46445;13;3
46446;12;3
46447;12;3
46448;12;2
46449;12;2
46451;12;3
46452;12;5
46453;12;5
46454;12;2
46455;12;2
46456;13;2
46457;13;2
46458;12;2
46459;12;5
46460;12;5
46461;13;2
46464;13;3
46465;13;3
46466;12;2
46467;12;2
46468;13;3
46469;13;3
46470;12;2
46471;12;3
46472;12;3
46473;13;3
46474;13;3
46475;12;3
46476;13;2
46477;13;3
46478;13;3
46479;13;3
46480;13;3
46481;13;3
46484;12;2
46485;12;3
46486;12;3
46487;12;3
46488;12;2
46489;12;2
46490;12;2
46491;13;2
46492;13;2
46493;13;2
46494;12;3
46495;12;5
46496;12;5
46497;13;2
46498;12;5
46499;12;5
46501;12;3
46502;12;5
46503;12;5
46504;12;5
46505;12;3
46506;12;2
46507;12;2
46508;13;2
46509;13;3
46510;13;3
46512;12;3
46513;12;3
46514;13;2
46515;13;2
46516;12;2
46517;13;3
46518;13;3
46519;13;3
46520;13;3
46521;12;3
46522;12;3
46524;12;3
46525;12;3
46526;12;3
46527;12;3
46528;13;5
46529;13;5
46531;13;3
46532;12;3
46533;12;3
46535;13;3
46536;12;2
46537;13;2
46538;13;2
46539;12;2
46540;13;2
46541;13;2
46542;13;2
46543;13;2
46544;13;2
46545;12;5
46546;12;5
46547;12;5
46548;13;5
46549;13;5
46550;12;5
46551;12;3
46552;12;3
46553;12;3
46554;12;3
46555;12;5
46556;12;2
46557;12;2
46558;13;2
46559;12;2
46560;12;5
46561;12;3
46562;12;3
46563;13;3
46564;13;3
46565;12;5
46566;13;2
46567;12;3
46568;12;3
46569;12;2
46570;12;3
46571;12;3
46572;12;3
46573;12;2
46576;13;2
46577;12;3
46578;12;3
46579;13;3
46580;13;3
46581;12;3
46582;12;3
46584;13;3
46585;12;3
46586;12;3
46589;13;3
46590;13;3
46591;13;3
46592;12;3
46593;12;3
46594;13;3
46595;13;3
46596;12;5
46598;12;3
46599;12;3
46600;12;3
46601;12;3
46602;12;3
46603;12;3
46604;13;5
46605;12;3
46606;12;3
46607;13;2
46608;12;3
46609;12;3
46610;12;3
46611;12;3
46612;12;3
46613;12;3
46614;13;3
46615;13;3
46616;13;3
46617;13;3
46618;13;2
46619;12;3
46620;12;3
46621;12;2
46622;13;3
46624;13;2
46625;12;3
46626;13;3
46627;13;3
46628;12;3
46629;12;3
46630;13;3
46631;13;3
46632;12;3
46633;12;3
46634;12;2
46635;13;3
46636;13;3
46637;13;5
46638;12;5
46639;13;3
46640;13;3
46641;13;3
46642;13;3
46643;13;3
46644;13;3
46645;13;3
46646;13;3
46647;13;5
46648;12;5
46649;12;5
46650;12;5
46651;12;2
46652;12;3
46653;12;3
46654;12;2
46655;12;2
47654;12;2
47655;12;3
47656;12;3
47657;13;3
47658;13;3
47659;12;3
47660;12;3
47661;12;3
47662;13;2
47663;13;3
47664;13;3
47665;12;3
47666;12;3
47667;13;3
47668;13;3
47669;13;3
47670;12;2
47671;12;3
47672;12;3
47673;13;3
47674;13;3
47675;12;3
47676;12;3
47677;12;3
47678;12;3
47679;12;3
47680;12;2
47681;13;5
47682;13;5
47683;12;2
47684;13;2
47685;13;3
47686;13;3
47687;12;3
47688;12;3
47689;12;3
47690;13;3
47691;13;3
47692;13;3
47693;13;3
47694;12;2
47695;12;3
47697;12;2
47698;12;3
47699;12;3
47700;12;3
47701;12;3
47702;13;2
47703;13;2
47704;12;3
47705;12;2
47706;12;2
47707;12;3
47708;12;3
47709;13;3
47710;13;3
47711;13;3
47712;13;3
47713;12;3
47714;12;3
47715;13;3
47716;13;3
47717;12;3
47718;12;3
47719;12;3
47720;12;3
47721;13;3
47722;13;3
47723;12;3
47724;12;3
47725;12;3
47726;12;3
47727;12;3
47728;12;3
47729;12;2
47730;13;5
47731;12;2
47732;12;5
47733;13;2
47735;13;2
47736;12;2
47738;12;3
47739;12;5
47740;12;5
47741;13;3
47742;13;3
47743;12;3
47744;12;3
47745;13;5
47746;13;5
47747;13;5
47750;12;2
47751;13;3
47752;13;3
47753;12;5
47754;12;5
47755;12;3
47756;12;3
47759;13;3
47760;13;3
47761;12;2
47762;13;3
47763;13;3
47764;13;3
47765;13;3
47766;12;2
47769;13;3
47770;13;3
47771;12;3
47772;12;3
47773;12;5
47774;12;2
47777;12;2
47778;12;3
47779;12;3
47780;13;2
47781;13;2
47782;12;3
47783;12;3
47784;13;2
47785;13;3
47786;13;3
47787;12;3
47788;12;3
47789;13;3
47790;13;3
47791;12;3
47792;12;3
47793;13;3
47794;13;3
47795;12;2
47796;12;3
47797;12;3
47798;13;3
47799;13;3
47800;13;3
47801;13;3
47802;12;3
47803;12;3
47804;12;3
47805;12;3
47806;12;3
47807;13;3
47808;13;2
47809;12;3
47810;12;3
47812;12;3
47813;12;3
47814;12;2
47815;12;3
47816;12;2
47817;13;3
47818;13;3
47819;13;3
47820;13;2
47821;12;2
47822;12;2
47823;12;2
47824;12;2
47825;12;2
47826;12;2
47827;12;3
47828;12;3
47829;13;2
47830;13;3
47831;13;3
47832;12;2
47833;12;2
47834;12;2
47835;13;3
47836;13;3
47837;12;2
47838;12;3
47839;12;3
47840;12;3
47841;12;3
47842;12;3
47843;12;3
47844;12;3
47845;12;5
47846;12;3
47847;12;3
47848;12;5
47849;12;5
47850;12;2
47851;13;3
47852;13;3
47853;12;2
47854;12;2
47855;12;3
47856;12;3
47857;12;2
47858;12;2
47859;12;5
47860;12;5
47861;12;2
47862;12;2
47863;12;2
47864;12;5
47865;12;5
47866;13;2
47867;12;3
47868;12;3
47869;13;3
47870;13;3
47871;13;3
47872;13;3
47874;13;3
47875;13;3
47876;13;2
47877;13;5
47878;13;5
47879;12;5
47880;12;5
47881;12;5
47882;13;2
47883;12;3
47884;12;3
47885;12;3
47886;12;3
47887;13;2
47888;13;3
47889;13;3
47890;12;3
47891;12;3
47892;12;5
47893;12;5
47894;12;5
47895;12;5
47896;12;5
47897;12;5
47898;12;3
47899;12;3
47900;12;2
47902;13;3
47903;12;5
47904;12;5
47905;13;5
47906;13;5
47907;12;2
47908;12;3
47909;13;5
47910;12;3
47911;12;3
47912;13;2
47913;13;3
47914;13;3
47915;12;5
47916;12;5
47917;12;3
47918;12;3
47920;13;5
47921;13;5
47922;12;3
47923;12;3
47924;12;5
47925;12;5
47928;12;3
47929;12;3
47930;13;2
47931;13;5
47932;13;5
47933;13;2
47935;13;3
47936;13;3
47937;13;3
47938;13;3
47939;12;3
47940;12;3
47941;13;5
47942;12;3
47943;12;3
47944;13;3
47945;13;3
47946;12;5
47947;12;3
47948;12;3
47949;13;3
47950;13;3
47951;13;5
47952;13;5
47953;13;3
47954;13;3
47955;13;3
47956;13;3
47957;13;2
47959;12;3
47960;12;3
47961;12;3
47962;12;3
47963;13;3
47964;13;3
47965;13;5
47966;13;5
47967;12;3
47968;12;3
47969;13;3
47970;13;2
47971;13;2
47972;13;5
47973;13;5
47974;13;2
47975;12;2
47976;12;3
47977;12;5
47978;13;3
47979;13;3
47980;13;2
47981;12;2
47982;12;2
47983;12;2
47984;12;2
47985;12;2
47986;12;2
47987;12;5
47988;12;2
47989;13;3
47990;13;3
47991;12;5
47992;12;2
47993;12;5
47994;12;3
47995;12;3
47996;12;2
47997;12;2
47998;12;2
47999;12;2
48000;13;2
48001;12;2
48002;12;5
48003;12;5
48004;12;5
48005;12;5
48006;12;5
48007;12;5
48008;12;5
48009;12;5
48010;12;5
48011;12;5
48012;12;5
48013;12;5
48014;12;5
48015;12;5
48016;12;2
48017;12;3
48018;12;3
48019;12;2
48020;12;2
48021;12;2
48022;12;2
48023;13;5
48024;13;3
48025;13;3
48026;12;5
48027;12;5
48028;13;3
48029;13;2
48030;13;2
48031;13;5
48032;13;5
48033;13;2
48034;13;2
48035;12;2
48036;12;2
48037;12;2
48038;12;2
48039;12;2
48040;12;2
48041;12;2
48042;12;2
48043;12;2
48044;12;2
48045;12;2
48046;12;3
48047;12;3
48048;12;3
48049;13;3
48050;13;3
48051;12;2
48052;12;2
48053;13;2
48054;13;3
48055;13;3
48056;13;3
48057;13;3
48058;13;3
48059;13;5
48060;13;5
48061;12;2
48062;12;3
48063;12;3
48064;13;2
48066;12;2
48067;12;3
48068;12;3
48069;13;2
48070;13;2
48071;12;3
48072;12;3
48073;12;3
48074;12;3
48075;13;2
48076;12;2
48077;13;2
48078;12;2
48079;13;3
48080;13;3
48081;12;3
48082;12;3
48083;12;3
48084;12;3
48085;12;5
48086;12;5
48087;13;2
48088;13;5
48089;13;5
48090;13;5
48091;12;5
48092;12;5
48093;13;3
48094;13;3
48095;13;5
48096;13;5
48097;13;2
48098;13;5
48099;13;5
48100;12;2
48101;12;2
48102;13;5
48103;12;5
48104;12;2
48105;12;2
48106;12;2
48107;13;5
48108;13;5
48109;12;3
48110;12;3
48111;13;5
48112;13;5
48113;13;3
48114;13;3
48115;13;2
48116;13;2
48117;12;3
48118;12;3
48119;13;5
48120;13;5
48121;13;5
48122;13;5
48123;13;5
48124;13;5
48125;12;5
48126;13;3
48127;13;3
48128;13;3
48129;13;3
48130;12;3
48131;12;3
48132;12;2
48133;12;2
48134;12;2
48135;13;2
48136;13;3
48137;13;3
48138;12;2
48139;12;2
48140;12;2
48141;12;2
48144;12;3
48145;12;3
48146;12;5
48147;12;5
48148;12;2
48149;12;2
48150;13;5
48151;13;5
48152;13;5
48153;13;5
48155;13;5
48156;13;5
48157;12;3
48158;12;3
48159;12;5
48160;13;3
48161;13;3
48162;12;5
48163;12;5
48164;12;3
48165;12;3
48166;12;2
48167;12;5
48168;12;5
48169;12;5
48170;12;2
48171;13;3
48172;13;3
48173;13;3
48174;13;3
48175;12;3
48176;12;3
48177;13;5
48178;12;2
48179;12;2
48180;12;2
48181;12;2
48182;12;2
48183;12;2
48184;12;5
48185;12;3
48186;12;3
48187;12;5
48188;12;3
48189;12;3
48190;12;2
48191;13;2
48192;13;2
48193;13;2
48194;13;2
48195;13;2
48196;12;2
48197;13;2
48198;12;2
48199;13;2
48200;13;3
48201;13;3
48202;12;2
48203;12;3
48204;12;3
48205;12;2
48206;12;3
48207;12;3
48208;12;3
48209;12;3
48210;12;3
48211;12;2
48212;12;5
48213;12;3
48214;12;3
48215;12;2
48216;12;2
48217;12;5
48218;12;5
48220;12;2
48221;12;2
48222;12;5
48223;12;2
48224;12;2
48225;12;3
48226;13;3
48227;13;5
48228;13;5
48229;12;3
48230;12;3
48231;12;2
48232;12;2
48233;12;3
48234;12;3
48235;12;3
48236;12;3
48237;13;3
48238;13;2
48239;12;3
48240;12;3
48241;12;3
48242;12;2
48243;12;3
48244;12;5
48245;13;3
48246;13;3
48247;12;2
48248;13;3
48249;13;3
48250;12;5
48252;12;2
48253;12;3
48255;12;5
48256;12;5
48258;12;3
48259;12;3
48260;12;3
48261;12;5
48262;12;5
48263;12;2
48264;12;2
48265;12;5
48266;13;3
48267;13;3
48268;13;3
48270;12;5
48271;12;3
48272;12;3
48273;13;2
48274;13;2
48275;13;3
48276;13;3
48277;12;2
48278;12;2
48279;12;3
48282;12;3
48283;12;3
48284;12;3
48285;12;3
48286;13;2
48287;13;5
48288;13;5
48289;13;5
48290;13;5
48291;12;5
48292;12;5
48293;12;5
48294;12;5
48295;12;5
48296;12;5
48297;12;5
48298;12;5
48299;13;2
48300;12;3
48301;12;3
48302;12;5
48303;12;5
48304;12;5
48305;12;5
48306;12;2
48307;12;2
48308;12;3
48309;13;5
48310;13;5
48311;12;2
48312;12;5
48313;12;5
48314;13;3
48315;13;3
48316;12;3
48317;12;3
48318;13;3
48319;13;3
48321;12;2
48322;12;5
48323;13;2
48324;13;5
48325;12;5
48326;12;2
48327;12;2
48328;12;3
48329;12;3
48330;12;5
48331;12;5
48332;13;2
48333;12;5
48334;12;2
48335;12;5
48336;12;3
48337;12;3
48338;12;5
48339;12;3
48340;12;3
48341;12;2
48342;12;5
48343;12;5
48344;12;5
48345;12;3
48346;12;3
48347;12;3
48348;12;3
48349;12;5
48350;12;5
48351;12;5
48352;13;2
48353;12;2
48354;13;2
48355;12;3
48356;12;3
48357;13;5
48358;13;5
48359;12;3
48360;12;3
48361;12;2
48362;12;3
48363;13;3
48364;12;2
48365;12;5
48366;12;5
48367;12;2
48368;12;2
48369;12;2
48370;12;5
48371;12;5
48372;12;5
48373;12;3
48374;13;3
48375;13;3
48376;12;5
48377;12;3
48378;12;5
48379;13;2
48380;12;5
48381;12;3
48382;12;3
48383;12;5
48384;12;5
48385;12;5
48386;12;5
48387;12;5
48388;12;5
48389;12;2
48390;12;2
48391;12;2
48392;13;3
48393;13;3
48394;13;3
48395;13;3
48396;13;3
48397;12;2
48398;12;2
48399;13;3
48400;13;3
48401;12;2
48402;13;3
48403;13;3
48405;12;2
48406;12;3
48407;12;3
48408;13;5
48409;13;5
48410;12;5
48411;13;2
48412;13;3
48413;13;3
48414;12;2
48415;12;2
48416;12;5
48419;12;2
48420;12;2
48421;12;3
48422;12;5
48423;12;3
48424;12;2
48425;12;2
48426;12;3
48427;12;3
48428;12;2
48432;12;2
48433;12;2
48434;13;5
48435;12;3
48436;12;3
48437;12;3
48438;12;3
48441;13;2
48444;12;3
48445;12;5
48446;12;5
48447;12;5
48453;12;5
48454;12;5
48455;12;2
48457;12;5
48458;12;5
48459;12;5
48460;12;5
48461;12;2
48462;12;3
48463;12;3
48464;12;3
48465;12;2
48466;12;2
48467;12;3
48468;12;3
48469;12;3
48470;12;3
48471;13;5
48472;13;5
48473;12;5
48474;12;3
48475;12;3
48476;12;5
48477;12;5
48478;12;2
48479;12;2
48480;12;2
48481;12;2
48482;12;3
48483;12;3
48484;13;5
48485;12;3
48486;12;3
48487;12;5
48488;12;5
48491;13;3
48492;13;3
48493;12;5
48494;12;5
48495;12;3
48496;12;3
48497;12;5
48498;12;3
48499;12;5
48500;13;2
48501;12;3
48502;12;3
48503;13;5
48504;12;3
48505;12;3
48506;12;3
48507;12;3
48508;12;3
48509;12;3
48510;12;2
48511;12;2
48512;12;5
48513;12;5
48514;12;2
48515;12;3
48516;12;3
48517;12;2
48518;12;3
48519;12;3
48520;12;3
48521;12;3
48522;12;5
48523;12;5
48524;12;5
48525;12;2
48526;12;5
48527;12;2
48528;12;2
48529;12;5
48530;12;3
48531;12;3
48532;13;5
48533;12;3
48534;12;3
48535;13;3
48536;13;3
48537;12;3
48538;13;2
48539;12;2
48540;13;5
48543;13;2
48544;12;5
48545;12;5
48546;12;2
48547;12;2
48548;12;3
48549;12;3
48550;12;3
48551;12;2
48552;12;5
48553;12;2
48554;12;3
48555;12;3
48556;12;3
48557;12;3
48558;12;3
48559;12;3
48560;12;2
48561;12;2
48562;12;3
48563;12;3
48564;12;5
48565;12;2
48566;12;3
48567;12;3
48569;12;5
48570;12;2
48571;13;2
48572;13;2
48573;12;2
48574;12;3
48575;12;3
48576;12;3
48577;12;3
48578;12;5
48579;12;2
48580;12;5
48581;12;5
48582;12;5
48583;12;5
48584;12;5
48585;12;3
48586;12;3
48587;12;5
48588;12;5
48589;12;5
48590;12;5
48591;12;5
48592;12;3
48593;12;5
48594;12;3
48595;12;3
48596;12;5
48597;12;3
48598;12;3
48599;12;3
48600;12;3
48601;12;2
48602;12;3
48603;12;3
48604;12;3
48605;12;3
48606;12;2
48607;12;3
48608;12;3
48609;12;2
48611;13;5
48612;12;2
48613;12;5
48614;12;3
48615;12;5
48616;12;5
48617;12;2
48618;12;5
48619;12;5
48620;12;2
48621;12;2
48622;13;2
48623;12;5
48624;12;5
48626;12;3
48627;12;5
48628;12;5
48629;13;5
48630;13;3
48631;13;3
48632;13;5
48633;12;2
48634;12;3
48635;12;3
48636;12;3
48637;12;3
48638;12;3
48639;12;3
48640;12;2
48641;12;2
48642;12;3
48643;12;3
48644;12;3
48645;13;5
48646;13;5
48647;12;5
48648;12;5
48649;12;3
48650;12;3
48651;12;2
48652;12;3
48653;12;3
48654;12;2
48655;12;2
48656;12;2
48657;12;3
48658;12;3
48659;12;3
48660;12;3
48661;12;3
48662;12;3
48663;12;5
48664;12;5
48665;12;5
48666;12;2
48667;12;3
48668;12;3
48669;12;2
48670;12;5
48671;13;5
48672;12;2
48673;13;5
48674;12;5
48675;12;5
48676;12;5
48677;12;2
48678;12;5
48679;13;2
48680;12;3
48681;12;3
48682;13;3
48683;13;3
48684;12;5
48685;12;3
48686;12;3
48687;12;2
48688;12;2
48689;12;3
48692;12;5
48693;12;5
48694;12;5
48695;12;5
48696;12;5
48697;12;3
48698;12;3
48699;13;3
48700;13;3
48701;12;5
48702;12;5
48703;12;5
48704;12;3
48705;12;5
48706;12;5
48707;12;5
48708;12;5
48709;12;3
48710;12;5
48711;12;3
48712;12;3
48713;12;3
48714;12;3
48715;12;2
48716;12;5
48717;13;3
48718;13;3
48719;12;5
48722;12;2
48723;13;3
48724;13;3
48725;13;3
48726;13;3
48727;12;5
48728;12;5
48729;12;3
48730;12;3
48731;12;3
48732;12;3
48733;12;2
48734;12;2
48735;12;3
48736;12;3
48737;12;2
48738;12;3
48739;12;3
48740;12;5
48741;13;2
48742;12;5
48743;12;5
48744;12;5
48745;12;3
48746;12;3
48747;12;3
48748;12;3
48749;12;5
48750;12;5
48751;12;5
48753;12;3
48754;12;3
48755;12;2
48756;12;3
48757;12;3
48758;12;3
48759;12;3
48760;12;5
48761;12;5
48762;12;2
48763;12;2
48764;12;2
48765;12;2
48768;12;5
48769;12;5
48770;12;5
48771;12;5
48772;12;5
48773;12;5
48774;12;5
48775;12;3
48776;12;3
48777;12;2
48778;12;3
48779;12;5
48780;12;5
48781;12;2
48782;12;5
48783;12;2
48784;12;5
48785;12;2
48786;12;5
48787;12;2
48788;12;5
48789;12;2
48790;12;5
48791;12;2
48792;12;5
48793;12;2
48794;12;5
48795;12;2
48796;12;5
48797;12;2
48798;12;5
48799;12;2
48800;12;5
48801;12;2
48802;12;5
48803;12;2
48804;12;5
48805;12;2
48806;12;5
48807;12;2
48808;12;5
48809;12;2
48810;12;5
48811;12;2
48812;12;5
48813;12;2
48814;12;5
48815;12;2
48816;12;5
48817;12;2
48818;12;5
48819;12;2
48820;12;5
48821;12;2
48822;12;5
48823;12;2
48824;12;5
48825;12;2
48826;12;5
48827;12;2
48828;12;5
48829;12;2
48830;12;5
48831;12;2
48832;12;5
48833;12;2
48834;12;5
48835;12;2
48836;12;5
48837;12;2
48838;12;5
48839;12;2
48840;12;5
48841;12;2
48842;12;5
48843;12;2
48844;12;5
48845;12;5
48846;12;2
48847;12;2
48850;12;2
48851;12;5
48852;12;2
48853;12;2
48854;12;2
48855;12;2
48856;12;2
48858;12;2
48859;12;2
48860;12;2
48861;12;2
48862;12;5
48863;12;5
48864;12;2
48865;12;2
48866;12;2
48867;12;2
48868;12;2
48869;12;2
48870;13;5
48871;12;2
48872;12;3
48873;12;5
48875;12;2
48876;12;5
48877;12;5
48878;12;3
48879;12;3
48880;12;3
48881;12;3
48882;12;3
48883;12;3
48884;12;3
48885;12;3
48886;12;2
48887;12;2
48888;13;2
48889;13;2
48890;13;2
48891;13;2
48892;12;2
48893;12;5
48894;12;2
48895;12;2
48896;12;2
48897;12;3
48898;12;3
48899;12;3
48900;12;3
48901;13;5
48902;13;5
48903;12;2
48904;12;2
48905;12;2
48906;12;2
48907;12;5
48908;13;5
48909;13;5
48910;13;5
48911;13;5
48912;12;2
48913;12;5
48915;12;2
48916;12;2
48917;13;5
48918;12;5
48919;12;3
48920;12;3
48922;12;2
48923;12;2
48924;12;5
48925;12;5
48927;12;2
48928;12;5
48929;12;3
48930;12;3
48933;12;5
48934;13;5
48935;12;2
48936;12;2
48937;12;3
48938;12;2
48939;13;5
48941;12;3
48942;12;3
48943;12;5
48944;12;5
48945;12;2
48946;12;2
48947;12;3
48948;12;3
48949;12;2
48950;12;5
48951;12;5
48952;12;2
48953;12;2
48954;12;2
48955;13;5
48956;12;2
48957;12;2
48958;12;5
48959;12;2
48960;12;5
48961;12;2
48964;12;5
48965;12;5
48966;12;5
48967;12;5
48968;12;5
48969;12;5
48970;12;5
48971;12;5
48972;12;5
48973;12;5
48976;12;2
48977;12;2
48978;12;5
48979;12;5
48980;12;5
48981;12;2
48982;12;5
48983;12;3
48984;12;3
48985;12;5
48986;12;5
48987;12;5
48988;12;5
48989;12;2
48990;13;2
48991;12;5
48992;12;2
48993;12;2
48994;12;2
48995;12;2
48996;12;3
48997;12;3
48998;12;3
48999;12;3
49000;12;2
49001;12;2
49002;12;2
49003;12;2
49004;12;2
49005;12;5
49006;12;5
49007;12;2
49008;12;3
49009;12;2
49010;12;2
49011;12;2
49012;12;5
49013;12;5
49014;12;2
49015;12;3
49016;12;3
49017;12;5
49018;12;5
49019;12;2
49020;12;5
49021;12;5
49022;12;5
49023;12;5
49024;12;5
49025;12;5
49026;12;5
49033;13;5
49034;13;5
49035;12;2
49036;12;2
49037;13;5
49039;12;5
49040;12;5
49041;12;5
49042;12;2
49043;12;5
49044;12;5
49045;12;5
49046;12;5
49047;12;5
49048;12;5
49049;12;5
49050;12;5
49051;12;5
49052;12;5
49053;12;5
49054;12;2
49055;12;2
49056;12;2
49057;12;5
49058;12;5
49059;12;5
49060;12;5
49061;12;5
49062;13;5
49063;12;2
49064;12;2
49065;12;5
49066;12;2
49067;12;2
49068;12;5
49069;13;2
49070;12;5
49071;12;2
49072;12;2
49073;12;2
49074;12;5
49075;12;5
49076;12;2
49077;12;2
49078;12;2
49079;12;5
49081;12;2
49082;12;2
49083;12;2
49084;12;2
49085;12;2
49086;12;2
49087;12;3
49088;12;2
49089;12;2
49090;12;2
49091;12;5
49092;12;2
49093;12;5
49094;12;5
49095;12;2
49096;12;2
49097;12;2
49098;12;2
49099;12;5
49100;12;5
49101;13;2
49102;12;5
49103;12;5
49104;12;5
49105;13;5
49106;13;5
49107;12;2
49108;12;2
49109;12;2
49110;12;5
49111;12;5
49112;12;5
49113;12;5
49114;12;5
49115;12;5
49117;12;5
49118;12;5
49120;12;5
49121;12;5
49122;12;5
49123;12;5
49124;12;2
49125;12;5
49126;12;5
49127;12;5
49128;12;5
49129;12;2
49130;12;3
49131;12;5
49132;12;5
49133;12;5
49134;12;5
49137;12;5
49138;12;2
49139;12;2
49140;13;5
49141;12;2
49142;12;5
49143;12;2
49144;12;5
49145;12;2
49146;12;2
49147;12;5
49148;12;2
49149;12;5
49150;12;5
49151;12;5
49152;12;5
49153;12;2
49154;12;2
49155;12;2
49156;12;3
49157;12;3
49158;12;5
49159;12;2
49160;12;2
49161;12;5
49162;12;3
49163;12;5
49164;12;5
49165;12;2
49166;12;3
49167;12;2
49168;12;3
49169;12;3
49171;12;2
49172;12;2
49173;13;2
49174;13;5
49175;12;3
49176;12;3
49177;12;3
49178;12;5
49179;12;2
49180;12;2
49181;13;2
49182;12;2
49183;12;2
49184;12;2
49185;12;2
49186;12;5
49187;12;5
49188;12;2
49191;12;2
49192;12;5
49193;12;5
49194;12;2
49195;12;2
49196;12;2
49197;12;2
49198;12;5
49199;12;3
49201;12;3
49202;12;3
49203;12;5
49204;12;5
49205;12;3
49206;12;3
49207;13;3
49208;12;3
49209;12;3
49210;12;3
49211;12;3
49212;12;2
49213;13;3
49214;12;2
49215;12;2
49216;12;3
49217;12;2
49218;12;2
49219;12;2
49220;12;2
49221;12;2
49222;12;2
49223;12;3
49224;12;5
49225;12;2
49226;12;2
49227;12;2
49228;12;2
49229;12;5
49230;12;5
49231;12;3
49232;13;2
49233;12;2
49234;12;3
49235;12;5
49236;12;5
49237;12;5
49238;12;2
49239;12;2
49240;12;2
49241;12;5
49242;12;3
49243;12;3
49244;12;2
49245;12;2
49246;12;3
49247;12;3
49248;12;2
49249;12;2
49250;12;2
49251;12;2
49252;12;2
49253;12;2
49254;12;5
49255;12;2
49256;12;2
49257;12;5
49258;12;5
49259;12;2
49260;12;2
49261;12;3
49262;12;2
49263;12;2
49264;12;2
49265;12;2
49266;12;2
49267;12;2
49268;12;2
49269;12;5
49270;12;2
49271;12;2
49272;12;2
49273;12;2
49274;12;2
49275;12;2
49276;12;2
49277;12;2
49278;12;2
49279;12;2
49280;12;2
49281;12;2
49282;13;3
49283;12;2
49284;12;2
49285;12;2
49286;12;2
49287;12;2
49288;12;2
49289;12;2
49290;12;2
49291;12;2
49292;12;2
49293;12;2
49294;12;2
49295;12;2
49296;12;2
49297;12;2
49298;12;2
49299;12;2
49300;12;2
